hora,campaign,impressoes,cliques,conversoes,conversoes_atribuidas,custo_total,custo_medio,ctr,taxa_conversao
0,73325,2,0,0,0,4.95210779392e-05,2.47605389696e-05,0.0,0.0
0,73328,10,5,2,0,0.0005418082971056,5.4180829710559996e-05,0.5,0.0
0,83677,14,2,0,0,0.001229468613767,8.781918669764285e-05,0.14285714285714285,0.0
0,289466,2,1,0,0,0.001586583008473,0.0007932915042365,0.5,0.0
0,408759,3,1,1,0,4.22248145763e-05,1.40749381921e-05,0.3333333333333333,0.0
0,442617,2,0,0,0,5.2542517728599995e-05,2.6271258864299997e-05,0.0,0.0
0,497590,29,11,2,2,0.0017761167215796,6.12454041924e-05,0.3793103448275862,0.06896551724137931
0,497593,118,55,3,3,0.0062542284584246,5.300193608834407e-05,0.4661016949152542,0.025423728813559324
0,604244,23,14,0,0,0.0037267341935262,0.00016203192145766086,0.6086956521739131,0.0
0,604249,3,0,0,0,7.642946769800001e-05,2.5476489232666668e-05,0.0,0.0
0,716288,10,3,0,0,0.001594627748978,0.0001594627748978,0.3,0.0
0,804100,9,3,0,0,0.0011061935296942,0.00012291039218824445,0.3333333333333333,0.0
0,828346,9,2,0,0,0.0004905154829645,5.450172032938888e-05,0.2222222222222222,0.0
0,884761,8,4,0,0,0.0037820541157893,0.0004727567644736625,0.5,0.0
0,946549,3,1,0,0,0.0004079968609211,0.00013599895364036667,0.3333333333333333,0.0
0,1130498,3,1,0,0,0.0001732353137519,5.774510458396667e-05,0.3333333333333333,0.0
0,1313883,1,0,0,0,0.000148665957591,0.000148665957591,0.0,0.0
0,1341195,8,4,0,0,0.000485983288797,6.0747911099625e-05,0.5,0.0
0,1341198,4,1,0,0,0.0010826943946237,0.000270673598655925,0.25,0.0
0,1415896,4,1,0,0,0.0007497344101175,0.000187433602529375,0.25,0.0
0,1586481,33,9,0,0,0.0046977532502588005,0.00014235615909875154,0.2727272727272727,0.0
0,1632450,1,0,0,0,0.000157400513836,0.000157400513836,0.0,0.0
0,1632451,2,0,0,0,0.0007286110169750001,0.00036430550848750003,0.0,0.0
0,1716282,2,0,0,0,0.0002210753849327,0.00011053769246635,0.0,0.0
0,1869938,4,0,0,0,4.25014595687e-05,1.0625364892175e-05,0.0,0.0
0,1871873,2,0,0,0,4.11010772757e-05,2.055053863785e-05,0.0,0.0
0,1946547,10,3,0,0,0.0005372713855714,5.372713855714e-05,0.3,0.0
0,2073319,1,0,0,0,1e-05,1e-05,0.0,0.0
0,2073328,3,0,0,0,0.00011290704667569999,3.763568222523333e-05,0.0,0.0
0,2077112,1,1,0,0,1e-05,1e-05,1.0,0.0
0,2144729,5,0,0,0,0.0009005306610279,0.00018010613220558,0.0,0.0
0,2390251,10,3,1,1,0.0006770395066196,6.770395066196e-05,0.3,0.1
0,2407403,2,0,0,0,2.93944589569e-05,1.469722947845e-05,0.0,0.0
0,2462355,2,0,0,0,4.0282476693399995e-05,2.0141238346699998e-05,0.0,0.0
0,2576437,17,6,0,0,0.0007189647968051,4.2292046870888234e-05,0.35294117647058826,0.0
0,2694554,10,3,0,0,0.0001754018286814,1.754018286814e-05,0.3,0.0
0,2828357,7,2,0,0,0.0045236298839761,0.0006462328405680143,0.2857142857142857,0.0
0,2865314,30,8,0,0,0.005085792894017,0.00016952642980056667,0.26666666666666666,0.0
0,2865315,7,3,0,0,0.0012142141112745,0.0001734591587535,0.42857142857142855,0.0
0,2865318,1,0,0,0,1e-05,1e-05,0.0,0.0
0,2865319,2,0,0,0,0.0001949096381736,9.74548190868e-05,0.0,0.0
0,2869134,9,3,2,2,0.0008889832708459,9.877591898287778e-05,0.3333333333333333,0.2222222222222222
0,2946551,75,51,7,3,0.0225006561143406,0.000300008748191208,0.68,0.04
0,2953716,11,6,0,0,0.0002870645246268,2.609677496607273e-05,0.5454545454545454,0.0
0,3073302,2,0,0,0,2e-05,1e-05,0.0,0.0
0,3073303,1,0,0,0,1e-05,1e-05,0.0,0.0
0,3073304,2,2,2,1,0.00036139744621099996,0.00018069872310549998,1.0,0.5
0,3073305,1,0,0,0,1.90302948741e-05,1.90302948741e-05,0.0,0.0
0,3139444,1,0,0,0,0.000136764724465,0.000136764724465,0.0,0.0
0,3144706,10,0,0,0,0.0004532285538616,4.532285538616e-05,0.0,0.0
0,3291799,3,2,0,0,0.00031488273507890004,0.00010496091169296668,0.6666666666666666,0.0
0,3291800,17,5,0,0,0.0042258997638432005,0.00024858233904960004,0.29411764705882354,0.0
0,3406183,3,1,0,0,0.000634999312416,0.000211666437472,0.3333333333333333,0.0
0,3422224,2,2,0,0,0.0002925203326836,0.0001462601663418,1.0,0.0
0,3610770,1,0,0,0,1e-05,1e-05,0.0,0.0
0,3694556,3,1,0,0,0.0001053349246676,3.511164155586666e-05,0.3333333333333333,0.0
0,3788051,10,4,2,2,0.0049079816349497,0.00049079816349497,0.4,0.2
0,3828354,10,4,1,1,0.0019682005298612,0.00019682005298612,0.4,0.1
0,3828360,3,0,0,0,0.00016466004664399998,5.488668221466666e-05,0.0,0.0
0,3858764,1,1,0,0,0.000363643326278,0.000363643326278,1.0,0.0
0,3877975,3,2,0,0,0.0001538815154183,5.1293838472766666e-05,0.6666666666666666,0.0
0,3884873,7,2,0,0,9.002005028170001e-05,1.2860007183100002e-05,0.2857142857142857,0.0
0,3892353,6,3,1,0,0.0011220989030105,0.00018701648383508333,0.5,0.0
0,4293600,11,3,0,0,0.0011951112188529,0.00010864647444117273,0.2727272727272727,0.0
0,4406178,2,0,0,0,0.0010868526337819,0.00054342631689095,0.0,0.0
0,4406179,3,3,0,0,0.0006274058119628,0.00020913527065426665,1.0,0.0
0,4466870,1,0,0,0,0.000120588251773,0.000120588251773,0.0,0.0
0,4626334,1,1,0,0,1.1847214284e-05,1.1847214284e-05,1.0,0.0
0,4676898,1,0,0,0,1e-05,1e-05,0.0,0.0
0,4804073,1,0,0,0,0.00041748166443,0.00041748166443,0.0,0.0
0,4814007,6,0,0,0,0.00045382245732929997,7.563707622155e-05,0.0,0.0
0,4828346,9,1,0,0,0.0010447673583035002,0.00011608526203372225,0.1111111111111111,0.0
0,4869922,6,1,0,0,0.0009380894240770001,0.00015634823734616667,0.16666666666666666,0.0
0,4869923,2,1,0,0,0.00044877046318200005,0.00022438523159100003,0.5,0.0
0,4913658,2,1,0,0,0.000740471407518,0.000370235703759,0.5,0.0
0,5044698,45,15,0,0,0.0049426920644891,0.00010983760143309111,0.3333333333333333,0.0
0,5061823,3,0,0,0,0.00040687340568550004,0.00013562446856183334,0.0,0.0
0,5061834,64,15,1,0,0.028868007410736498,0.0004510626157927578,0.234375,0.0
0,5084322,2,0,0,0,0.0002270048769081,0.00011350243845405,0.0,0.0
0,5121533,1,1,1,0,0.00048893346506,0.00048893346506,1.0,0.0
0,5121534,2,0,0,0,0.000494117640398,0.000247058820199,0.0,0.0
0,5121547,4,1,0,0,0.0020837713778919,0.000520942844472975,0.25,0.0
0,5281156,17,7,0,0,0.0014486294686724,8.52134981572e-05,0.4117647058823529,0.0
0,5316929,4,0,0,0,6.26470597877e-05,1.5661764946925e-05,0.0,0.0
0,5442463,4,0,0,0,0.00043221631846190005,0.00010805407961547501,0.0,0.0
0,5544859,4,3,1,1,0.0003296446375763,8.2411159394075e-05,0.75,0.25
0,5686703,8,3,0,0,0.0008224003542386,0.000102800044279825,0.375,0.0
0,5700346,3,3,0,0,0.0007257340512409,0.00024191135041363334,1.0,0.0
0,5743152,1,0,0,0,1.33508827318e-05,1.33508827318e-05,0.0,0.0
0,5743167,2,1,0,0,0.00028681953538869996,0.00014340976769434998,0.5,0.0
0,5781045,1,1,0,0,0.000499340365915,0.000499340365915,1.0,0.0
0,5867090,4,1,0,0,0.0001898244977952,4.74561244488e-05,0.25,0.0
0,5871888,18,4,0,0,0.00018,1e-05,0.2222222222222222,0.0
0,5892331,2,0,0,0,2.38905107537e-05,1.194525537685e-05,0.0,0.0
0,6015885,2,1,0,0,0.0013487819185153999,0.0006743909592576999,0.5,0.0
0,6121534,3,1,0,0,0.0001581833361453,5.27277787151e-05,0.3333333333333333,0.0
0,6210424,2,1,1,0,0.000528932693045,0.0002644663465225,0.5,0.0
0,6228543,10,4,0,0,0.0028807319699373003,0.00028807319699373005,0.4,0.0
0,6336377,1,1,0,0,4.06019126668e-05,4.06019126668e-05,1.0,0.0
0,6442596,6,0,0,0,0.0024336988971791,0.00040561648286318333,0.0,0.0
0,6513183,2,0,0,0,0.00022814645048460002,0.00011407322524230001,0.0,0.0
0,6516505,4,2,0,0,0.0019468171431060999,0.00048670428577652497,0.5,0.0
0,6686701,29,12,3,1,0.0123166279378832,0.00042471130820286897,0.41379310344827586,0.034482758620689655
0,6686703,11,4,0,0,0.0093689596784522,0.0008517236071320182,0.36363636363636365,0.0
0,6686704,20,6,0,0,0.0056506091494546,0.00028253045747272997,0.3,0.0
0,6697149,1,1,0,0,1e-05,1e-05,1.0,0.0
0,6697150,4,2,1,1,0.00041694428179889995,0.00010423607044972499,0.5,0.25
0,6781040,1,0,0,0,1e-05,1e-05,0.0,0.0
0,6810192,2,0,0,0,2.05882353818e-05,1.02941176909e-05,0.0,0.0
0,6810200,7,4,1,0,0.00016299222180080002,2.32846031144e-05,0.5714285714285714,0.0
0,6886817,10,4,0,0,0.0027762130937879,0.00027762130937879,0.4,0.0
0,7061828,45,12,1,1,0.0062833390182273,0.00013962975596060667,0.26666666666666666,0.022222222222222223
0,7075386,1,0,0,0,5.75703875705e-05,5.75703875705e-05,0.0,0.0
0,7121544,23,11,0,0,0.0059050479173132,0.0002567412137962261,0.4782608695652174,0.0
0,7144711,4,0,0,0,0.000676447451115,0.00016911186277875,0.0,0.0
0,7289590,48,13,1,1,0.0054289383216907,0.00011310288170188957,0.2708333333333333,0.020833333333333332
0,7299461,5,3,0,0,0.0019830617189329,0.00039661234378658,0.6,0.0
0,7403871,1,0,0,0,1e-05,1e-05,0.0,0.0
0,7462178,1,1,1,1,0.000226470582625,0.000226470582625,1.0,1.0
0,7544834,2,0,0,0,4.16581205667e-05,2.082906028335e-05,0.0,0.0
0,7681481,3,2,0,0,4.3694531987700005e-05,1.4564843995900002e-05,0.6666666666666666,0.0
0,7686710,17,8,0,0,0.0042711147513512,0.00025124204419712945,0.47058823529411764,0.0
0,7697146,2,1,0,0,0.000386147450369,0.0001930737251845,0.5,0.0
0,7845418,1,1,0,0,1.61764705006e-05,1.61764705006e-05,1.0,0.0
0,7877971,3,0,0,0,0.0001834649014407,6.115496714689999e-05,0.0,0.0
0,8214946,3,0,0,0,0.0001485914035756,4.953046785853333e-05,0.0,0.0
0,8403848,17,8,1,0,0.0037868626249344,0.00022275662499614116,0.47058823529411764,0.0
0,8403854,1,0,0,0,2.78257780215e-05,2.78257780215e-05,0.0,0.0
0,8407229,6,1,0,0,0.000630065702301,0.00010501095038349999,0.16666666666666666,0.0
0,8500299,1,0,0,0,4.70588224775e-05,4.70588224775e-05,0.0,0.0
0,8710016,5,2,0,0,0.0005350875679471,0.00010701751358942,0.4,0.0
0,8710017,1,0,0,0,0.000185386224085,0.000185386224085,0.0,0.0
0,8867068,3,2,0,0,0.0002009519790166,6.698399300553333e-05,0.6666666666666666,0.0
0,8877963,5,1,0,0,0.0010224235294885,0.00020448470589770002,0.2,0.0
0,8877966,2,2,0,0,0.001671739760096,0.000835869880048,1.0,0.0
0,8891880,5,3,0,0,0.0027268736207816,0.00054537472415632,0.6,0.0
0,8892339,7,4,1,0,0.0023760275365231,0.00033943250521758573,0.5714285714285714,0.0
0,8892341,8,2,0,0,0.0019474480923038,0.000243431011537975,0.25,0.0
0,8904991,4,3,1,0,0.0041791120344104,0.0010447780086026,0.75,0.0
0,8980571,7,1,0,0,0.0016267884816808,0.00023239835452582857,0.14285714285714285,0.0
0,8980584,4,0,0,0,0.000256718048857,6.417951221425e-05,0.0,0.0
0,8980585,5,3,1,1,0.0012894925144259,0.00025789850288518,0.6,0.2
0,9013587,4,1,0,0,0.000417841971098,0.0001044604927745,0.25,0.0
0,9042365,1,0,0,0,0.00124922517045,0.00124922517045,0.0,0.0
0,9095251,10,8,0,0,0.0014667365737233,0.00014667365737233,0.8,0.0
0,9097339,9,1,0,0,0.004484750795286699,0.0004983056439207444,0.1111111111111111,0.0
0,9097340,9,3,0,0,0.0108969595854002,0.0012107732872666888,0.3333333333333333,0.0
0,9100689,32,14,9,9,0.0099074866638402,0.00030960895824500625,0.4375,0.28125
0,9100690,33,8,5,4,0.0032861184242396,9.957934618907878e-05,0.24242424242424243,0.12121212121212122
0,9100691,17,6,1,1,0.0015937469209916,9.374981888185883e-05,0.35294117647058826,0.058823529411764705
0,9100692,24,11,7,6,0.0033724765614998,0.00014051985672915832,0.4583333333333333,0.25
0,9100693,65,27,18,15,0.0118303484692419,0.00018200536106526,0.4153846153846154,0.23076923076923078
0,9100694,2,0,0,0,0.000386051690706,0.000193025845353,0.0,0.0
0,9106406,1,0,0,0,4.16715311653e-05,4.16715311653e-05,0.0,0.0
0,9106407,34,10,4,0,0.0041783921898918,0.0001228938879379941,0.29411764705882354,0.0
0,9500303,3,2,0,0,0.0018071292139157,0.0006023764046385666,0.6666666666666666,0.0
0,9700343,1,1,0,0,0.000172864219454,0.000172864219454,1.0,0.0
0,9810200,27,20,3,1,0.0061850587712619,0.00022907625078747777,0.7407407407407407,0.037037037037037035
0,10002432,1,0,0,0,0.000315941874458,0.000315941874458,0.0,0.0
0,10013589,6,0,0,0,0.0006600001691868,0.0001100000281978,0.0,0.0
0,10245630,2,1,0,0,5.91937685769e-05,2.959688428845e-05,0.5,0.0
0,10321103,4,2,0,0,0.0034381115268519997,0.0008595278817129999,0.5,0.0
0,10341182,157,67,7,5,0.038509872922482,0.000245285814792879,0.4267515923566879,0.03184713375796178
0,10462151,5,3,0,0,0.0008624628342452,0.00017249256684903998,0.6,0.0
0,10474106,9,4,2,0,0.0031875294027041,0.00035416993363378887,0.4444444444444444,0.0
0,10491643,2,0,0,0,6.51850583719e-05,3.259252918595e-05,0.0,0.0
0,10686810,1,0,0,0,1e-05,1e-05,0.0,0.0
0,10810197,2,2,0,0,0.000814781375859,0.0004073906879295,1.0,0.0
0,10810198,2,1,0,0,0.00011447206870710001,5.7236034353550006e-05,0.5,0.0
0,10960760,1,1,0,0,1.25014595687e-05,1.25014595687e-05,1.0,0.0
0,11028540,6,3,0,0,0.0003588915806268,5.9815263437800006e-05,0.5,0.0
0,11042365,2,2,0,0,0.0001105416500392,5.52708250196e-05,1.0,0.0
0,11097337,6,4,1,0,0.000665233974864,0.000110872329144,0.6666666666666666,0.0
0,11289564,4,0,0,0,9.645179603710001e-05,2.4112949009275002e-05,0.0,0.0
0,11321105,6,1,0,0,0.0017361687910249,0.00028936146517081666,0.16666666666666666,0.0
0,11387831,1,1,0,0,8.84952415075e-05,8.84952415075e-05,1.0,0.0
0,11500306,7,3,0,0,0.0011210916597782,0.0001601559513968857,0.42857142857142855,0.0
0,11765782,1,0,0,0,0.00031818499456,0.00031818499456,0.0,0.0
0,11772330,2,0,0,0,2.3309706422700003e-05,1.1654853211350001e-05,0.0,0.0
0,11803618,6,3,0,0,0.0009372593081109,0.00015620988468515002,0.5,0.0
0,11835565,2,2,0,0,0.0001640185444034,8.20092722017e-05,1.0,0.0
0,11843320,7,1,0,0,0.0002104275547757,3.0061079253671428e-05,0.14285714285714285,0.0
0,11938638,8,3,0,0,0.0005767269089013,7.20908636126625e-05,0.375,0.0
0,11959615,6,4,1,0,0.0041323948904987,0.0006887324817497834,0.6666666666666666,0.0
0,12089516,1,0,0,0,2.64705892872e-05,2.64705892872e-05,0.0,0.0
0,12089529,2,2,1,1,0.000580212962827,0.0002901064814135,1.0,0.5
0,12121528,11,3,0,0,0.0049621208306452995,0.00045110189369502725,0.2727272727272727,0.0
0,12288258,1,0,0,0,0.000111124086029,0.000111124086029,0.0,0.0
0,12289574,14,2,0,0,0.0021733146879406,0.00015523676342432856,0.14285714285714285,0.0
0,12321091,2,1,1,0,0.000419602464181,0.0002098012320905,0.5,0.0
0,12351511,1,0,0,0,0.000309758361649,0.000309758361649,0.0,0.0
0,12407222,1,0,0,0,0.00020586039946,0.00020586039946,0.0,0.0
0,12491647,1,1,0,0,6.77240314298e-05,6.77240314298e-05,1.0,0.0
0,12700454,44,14,1,0,0.0141555736101836,0.00032171758204962726,0.3181818181818182,0.0
0,12700456,2,2,0,0,0.0004371031023117,0.00021855155115585,1.0,0.0
0,12765785,1,1,1,0,3.93985387157e-05,3.93985387157e-05,1.0,0.0
0,12810171,1,0,0,0,2.58514677047e-05,2.58514677047e-05,0.0,0.0
0,12843318,3,2,0,0,5.5631267304799995e-05,1.8543755768266666e-05,0.6666666666666666,0.0
0,12947794,10,1,0,0,0.0004564296762343,4.564296762343e-05,0.1,0.0
0,12987593,2,0,0,0,0.0012189875831347,0.00060949379156735,0.0,0.0
0,13104554,2,1,1,0,4.82352927151e-05,2.411764635755e-05,0.5,0.0
0,13166099,18,2,1,0,0.0017291487944478998,9.606382191377221e-05,0.1111111111111111,0.0
0,13289562,17,6,1,1,0.0030811495887403,0.00018124409345531177,0.35294117647058826,0.058823529411764705
0,13300118,6,3,1,1,0.0005374208786794,8.957014644656666e-05,0.5,0.16666666666666666
0,13300124,13,5,0,0,0.0020491103236289,0.00015762387104837692,0.38461538461538464,0.0
0,13365547,29,18,2,0,0.008526902825900101,0.0002940311319275897,0.6206896551724138,0.0
0,13422843,17,4,0,0,0.0007187867422571,4.228157307394706e-05,0.23529411764705882,0.0
0,13442441,5,1,1,0,0.0004656303819529,9.312607639058e-05,0.2,0.0
0,13445189,2,1,1,1,0.00048473412709749996,0.00024236706354874998,0.5,0.5
0,13458071,3,2,0,0,0.0008531952177600001,0.00028439840592000003,0.6666666666666666,0.0
0,13462155,2,1,0,0,0.00012519465324459998,6.259732662229999e-05,0.5,0.0
0,13462158,7,0,0,0,0.0042748408913383,0.0006106915559054715,0.0,0.0
0,13466843,7,3,0,0,0.0010668328864537,0.00015240469806481429,0.42857142857142855,0.0
0,13576407,14,5,0,0,0.0010256479212860002,7.326056580614286e-05,0.35714285714285715,0.0
0,13576413,5,1,0,0,0.0005366580099009001,0.00010733160198018001,0.2,0.0
0,13576416,1,0,0,0,0.00103779884837,0.00103779884837,0.0,0.0
0,13661597,16,7,0,0,0.0021030892025601,0.00013144307516000625,0.4375,0.0
0,13661605,27,5,0,0,0.0034518967333432,0.00012784802716085924,0.18518518518518517,0.0
0,13661608,8,3,0,0,0.0005213467021692,6.516833777115e-05,0.375,0.0
0,13710655,1,1,1,0,9.74878852439e-05,9.74878852439e-05,1.0,0.0
0,13770704,19,4,0,0,0.002129038035696,0.00011205463345768422,0.21052631578947367,0.0
0,13947793,11,3,0,0,0.0009263605720122001,8.421459745565455e-05,0.2727272727272727,0.0
0,13947795,19,4,0,0,0.0032607968846679997,0.00017162088866673684,0.21052631578947367,0.0
0,14006998,3,1,0,0,0.00040653988227610003,0.00013551329409203333,0.3333333333333333,0.0
0,14102485,2,1,0,0,0.000198529428419,9.92647142095e-05,0.5,0.0
0,14104561,2,0,0,0,2e-05,1e-05,0.0,0.0
0,14106384,1,0,0,0,2.59374060175e-05,2.59374060175e-05,0.0,0.0
0,14106399,1,0,0,0,2.09570588434e-05,2.09570588434e-05,0.0,0.0
0,14118031,1,0,0,0,0.000416487104753,0.000416487104753,0.0,0.0
0,14121532,34,12,4,2,0.0119923687283074,0.0003527167273031588,0.35294117647058826,0.058823529411764705
0,14235907,9,3,1,1,0.0163517720966133,0.0018168635662903668,0.3333333333333333,0.1111111111111111
0,14257845,2,1,0,0,0.0004364426580407,0.00021822132902035,0.5,0.0
0,14289571,8,2,0,0,0.0011665223763397,0.0001458152970424625,0.25,0.0
0,14300126,5,2,1,0,0.0010008865699001,0.00020017731398002002,0.4,0.0
0,14398570,1,0,0,0,0.000146967155092,0.000146967155092,0.0,0.0
0,14445192,7,2,0,0,0.0005105522022195,7.29360288885e-05,0.2857142857142857,0.0
0,14458654,8,2,0,0,0.0008609003555781,0.0001076125444472625,0.25,0.0
0,14458669,1,1,0,0,1e-05,1e-05,1.0,0.0
0,14466837,2,1,1,0,0.0011154156055874,0.0005577078027937,0.5,0.0
0,14576401,4,1,0,0,0.00034078521803779997,8.519630450944999e-05,0.25,0.0
0,14661605,32,12,1,1,0.018717038754021798,0.0005849074610631812,0.375,0.03125
0,15073876,21,9,0,0,0.0011456284323816,5.4553734875314285e-05,0.42857142857142855,0.0
0,15184511,75,25,11,8,0.0448518028902483,0.000598024038536644,0.3333333333333333,0.10666666666666667
0,15321102,5,4,2,2,0.0016650109338045998,0.00033300218676092,0.8,0.4
0,15398570,51,17,4,1,0.0165647323428452,0.00032479867338912154,0.3333333333333333,0.0196078431372549
0,15422821,4,3,0,0,0.0002642194794646,6.605486986615e-05,0.75,0.0
0,15491650,5,4,1,1,0.0022168791112745,0.00044337582225490005,0.8,0.2
0,15500294,1,0,0,0,0.000251505041824,0.000251505041824,0.0,0.0
0,15500296,4,0,0,0,0.0001863147191098,4.657867977745e-05,0.0,0.0
0,15506599,3,1,1,1,0.00053880815803,0.00017960271934333333,0.3333333333333333,0.3333333333333333
0,15506600,2,1,1,1,0.0004576464104431,0.00022882320522155,0.5,0.5
0,15568932,7,3,0,0,0.00030227612793249997,4.318230399035714e-05,0.42857142857142855,0.0
0,15574227,4,0,0,0,0.0004759523469741,0.000118988086743525,0.0,0.0
0,15654890,10,1,0,0,0.0010633366280817,0.00010633366280816999,0.1,0.0
0,15654897,3,0,0,0,0.0002415647763958,8.052159213193333e-05,0.0,0.0
0,15661602,2,1,0,0,6.89967305344e-05,3.44983652672e-05,0.5,0.0
0,15743382,2,0,0,0,0.002783532932205,0.0013917664661025,0.0,0.0
0,15746419,5,3,0,0,0.0109284653221206,0.00218569306442412,0.6,0.0
0,15885288,2,1,0,0,4.3831535560199996e-05,2.1915767780099998e-05,0.5,0.0
0,15959625,16,2,0,0,0.0019260479314089,0.00012037799571305625,0.125,0.0
0,16040127,2,1,1,0,0.00010622195187739999,5.3110975938699996e-05,0.5,0.0
0,16184517,16,4,2,1,0.0017438388584028,0.000108989928650175,0.25,0.0625
0,16307476,4,1,0,0,0.0012248599550862,0.00030621498877155,0.25,0.0
0,16321090,7,2,0,0,0.0017020774761097,0.00024315392515852858,0.2857142857142857,0.0
0,16491630,2,2,0,0,0.0005108024927406,0.0002554012463703,1.0,0.0
0,16823030,6,3,1,0,0.0012120952228194,0.0002020158704699,0.5,0.0
0,16920604,7,4,0,0,0.0027131680360367,0.00038759543371952857,0.5714285714285714,0.0
0,16922675,13,4,2,1,0.0014256181019596,0.00010966293091996924,0.3076923076923077,0.07692307692307693
0,17051292,1,0,0,0,5.92212378979e-05,5.92212378979e-05,0.0,0.0
0,17132183,13,6,0,0,0.0018094880585786,0.00013919138912143076,0.46153846153846156,0.0
0,17288254,7,2,1,0,0.0019012987093006998,0.0002716141013286714,0.2857142857142857,0.0
0,17288262,5,0,0,0,0.0022459104109959,0.00044918208219918,0.0,0.0
0,17314989,1,0,0,0,6.56734757563e-05,6.56734757563e-05,0.0,0.0
0,17321082,26,15,3,1,0.0077109165810342,0.00029657371465516155,0.5769230769230769,0.038461538461538464
0,17435335,4,1,0,0,0.00022494843273660001,5.6237108184150003e-05,0.25,0.0
0,17491634,1,1,0,0,0.00020951995885,0.00020951995885,1.0,0.0
0,17661709,4,2,0,0,0.001333881458815,0.00033347036470375,0.5,0.0
0,17661711,3,0,0,0,0.0005189342677971,0.0001729780892657,0.0,0.0
0,17686799,111,30,1,1,0.0154947326998932,0.00013959218648552433,0.2702702702702703,0.009009009009009009
0,17710659,1,0,0,0,9.78247470716e-05,9.78247470716e-05,0.0,0.0
0,17710661,1,0,0,0,1e-05,1e-05,0.0,0.0
0,17710664,13,3,0,0,0.0026545948411026,0.00020419960316173845,0.23076923076923078,0.0
0,17916128,1,0,0,0,3.33372240557e-05,3.33372240557e-05,0.0,0.0
0,18091420,1,1,0,0,0.000732155207397,0.000732155207397,1.0,0.0
0,18095238,9,2,0,0,0.0006287852478231,6.98650275359e-05,0.2222222222222222,0.0
0,18104558,2,0,0,0,0.00011740693387150001,5.8703466935750004e-05,0.0,0.0
0,18436526,4,0,0,0,0.0002174127685635,5.4353192140875e-05,0.0,0.0
0,18443077,5,2,0,0,0.0009884771795896,0.00019769543591792,0.4,0.0
0,18498193,14,3,0,0,0.0007601264066412001,5.429474333151429e-05,0.21428571428571427,0.0
0,18498853,6,1,0,0,0.0004390649772043,7.317749620071666e-05,0.16666666666666666,0.0
0,18836888,1,0,0,0,6.42826671109e-05,6.42826671109e-05,0.0,0.0
0,18898397,1,0,0,0,4.11764707635e-05,4.11764707635e-05,0.0,0.0
0,18975813,12,5,1,0,0.0018699195733653,0.000155826631113775,0.4166666666666667,0.0
0,18975823,106,57,8,3,0.031636918923971004,0.00029846149928274533,0.5377358490566038,0.02830188679245283
0,19129839,24,9,0,0,0.0083337271753959,0.0003472386323081625,0.375,0.0
0,19602309,75,21,0,0,0.0077829554142867,0.000103772738857156,0.28,0.0
0,19661713,1,0,0,0,3.38235300253e-05,3.38235300253e-05,0.0,0.0
0,20309767,3,2,0,0,0.0003014688458047,0.00010048961526823333,0.6666666666666666,0.0
0,20377297,2,1,1,0,8.77941180678e-05,4.38970590339e-05,0.5,0.0
0,20445163,1,0,0,0,1.38905107537e-05,1.38905107537e-05,0.0,0.0
0,20458055,4,3,0,0,0.0005202758531358,0.00013006896328395,0.75,0.0
0,20530187,4,0,0,0,0.0004004172704696,0.0001001043176174,0.0,0.0
0,20640037,1,0,0,0,1.72451713211e-05,1.72451713211e-05,0.0,0.0
0,20695010,3,0,0,0,6.27679892849e-05,2.092266309496667e-05,0.0,0.0
0,20817326,2,0,0,0,0.00015263000983660002,7.631500491830001e-05,0.0,0.0
0,20843295,3,1,0,0,0.0003085811147156,0.00010286037157186667,0.3333333333333333,0.0
0,20898399,9,3,0,0,0.0008712142855465,9.680158728294444e-05,0.3333333333333333,0.0
0,20938751,4,1,0,0,0.0005499854351468,0.0001374963587867,0.25,0.0
0,21005924,1,1,0,0,0.000142060877646,0.000142060877646,1.0,0.0
0,21016759,6,2,0,0,0.0002081881908812,3.469803181353333e-05,0.3333333333333333,0.0
0,21096019,1,0,0,0,1e-05,1e-05,0.0,0.0
0,21257831,4,1,0,0,0.000437093614449,0.00010927340361225,0.25,0.0
0,21294794,20,8,1,0,0.0034613458788675003,0.000173067293943375,0.4,0.0
0,21307468,1,0,0,0,9.62700913934e-05,9.62700913934e-05,0.0,0.0
0,21443086,7,1,0,0,0.0023608105127087995,0.0003372586446726856,0.14285714285714285,0.0
0,21640043,2,2,0,0,0.0001944076904408,9.72038452204e-05,1.0,0.0
0,21830168,9,5,0,0,0.0016237194291601,0.00018041326990667777,0.5555555555555556,0.0
0,22071675,2,0,0,0,4.22266185985e-05,2.111330929925e-05,0.0,0.0
0,22233130,8,6,0,0,0.0011290320170563,0.0001411290021320375,0.75,0.0
0,22274902,2,1,0,0,0.0004003228860058,0.0002001614430029,0.5,0.0
0,22431924,11,5,1,0,0.0006248081537415,5.680074124922727e-05,0.45454545454545453,0.0
0,22589171,26,7,0,0,0.0059648980223415,0.0002294191547054423,0.2692307692307692,0.0
0,22723823,2,0,0,0,3.21566569799e-05,1.607832848995e-05,0.0,0.0
0,22726403,2,0,0,0,0.000966154978161,0.0004830774890805,0.0,0.0
0,22891661,1,0,0,0,0.000170717923081,0.000170717923081,0.0,0.0
0,22891668,7,3,2,0,0.0033017818508412,0.0004716831215487429,0.42857142857142855,0.0
0,23254639,4,2,0,0,0.0008692304754398001,0.00021730761885995002,0.5,0.0
0,23310435,1,0,0,0,1.91176463576e-05,1.91176463576e-05,0.0,0.0
0,23330020,8,2,0,0,0.0024370074538833998,0.00030462593173542497,0.25,0.0
0,23330022,1,0,0,0,0.000428957682544,0.000428957682544,0.0,0.0
0,23346188,4,2,0,0,0.0003253641080362,8.134102700905e-05,0.5,0.0
0,23377306,4,1,0,0,4.58182898602e-05,1.145457246505e-05,0.25,0.0
0,23385780,2,1,0,0,0.00284474169506,0.00142237084753,0.5,0.0
0,23530192,5,2,1,0,0.0043694249783157,0.00087388499566314,0.4,0.0
0,23644447,5,1,1,1,0.002322352527336,0.00046447050546720003,0.2,0.2
0,23695013,2,0,0,0,0.0001907564053545,9.537820267725e-05,0.0,0.0
0,23817046,37,17,6,4,0.015829883706390598,0.0004278346947673135,0.4594594594594595,0.10810810810810811
0,23852329,13,1,0,0,0.0017545670826359,0.0001349666986643,0.07692307692307693,0.0
0,23852330,2,1,0,0,0.0003615359019359,0.00018076795096795,0.5,0.0
0,23852331,1,0,0,0,7.24906114922e-05,7.24906114922e-05,0.0,0.0
0,23852343,2,0,0,0,0.000528601302585,0.0002643006512925,0.0,0.0
0,24045148,1,0,0,0,8.80658363594e-05,8.80658363594e-05,0.0,0.0
0,24097956,2,1,0,0,0.000895312134751,0.0004476560673755,0.5,0.0
0,24119478,1,0,0,0,0.000155313979176,0.000155313979176,0.0,0.0
0,24119481,12,4,0,0,0.00043974846705819995,3.664570558818333e-05,0.3333333333333333,0.0
0,24126625,20,11,1,1,0.0011341081570151001,5.6705407850755007e-05,0.55,0.05
0,24267774,3,3,0,0,0.00032247770788489994,0.00010749256929496664,1.0,0.0
0,24316983,5,2,0,0,0.0002509803768693,5.0196075373860004e-05,0.4,0.0
0,24321351,5,1,0,0,0.00040802545469130003,8.160509093826e-05,0.2,0.0
0,24378636,48,22,0,0,0.0058617982800103,0.00012212079750021458,0.4583333333333333,0.0
0,24389111,15,2,1,0,0.0063150695046146,0.0004210046336409733,0.13333333333333333,0.0
0,24391301,11,2,1,0,0.0008784515667509,7.985923334099091e-05,0.18181818181818182,0.0
0,24419530,4,0,0,0,0.0010366826168587001,0.00025917065421467503,0.0,0.0
0,24491616,2,1,0,0,0.0003438248933356,0.0001719124466678,0.5,0.0
0,24843272,1,0,0,0,1e-05,1e-05,0.0,0.0
0,24982961,13,10,3,2,0.0027661384725129004,0.00021277988250099233,0.7692307692307693,0.15384615384615385
0,25064375,24,4,1,0,0.0039199798833502,0.00016333249513959165,0.16666666666666666,0.0
0,25119476,7,5,0,0,0.0035974997419124,0.0005139285345589143,0.7142857142857143,0.0
0,25172774,1,1,0,0,0.000129964623381,0.000129964623381,1.0,0.0
0,25259856,3,2,0,0,0.0002826405316593,9.42135105531e-05,0.6666666666666666,0.0
0,25419531,33,11,0,0,0.0044570669400465,0.00013506263454686362,0.3333333333333333,0.0
0,25675129,2,1,0,0,0.0002215776162709,0.00011078880813545,0.5,0.0
0,25866075,3,2,0,0,0.0002002421275914,6.674737586380001e-05,0.6666666666666666,0.0
0,25866076,3,1,0,0,0.0003225754391478,0.00010752514638260001,0.3333333333333333,0.0
0,25920690,5,3,0,0,0.0010558237393873,0.00021116474787746,0.6,0.0
0,25998432,2,0,0,0,5.52411616921e-05,2.762058084605e-05,0.0,0.0
0,25998435,4,1,0,0,0.0005179923100594,0.00012949807751485,0.25,0.0
0,26071516,2,1,0,0,0.000282352943631,0.0001411764718155,0.5,0.0
0,26091094,5,2,0,0,0.0012651945039811,0.00025303890079622,0.4,0.0
0,26091099,4,0,0,0,0.0014842458468371,0.000371061461709275,0.0,0.0
0,26321366,15,8,0,0,0.0017580307379461999,0.00011720204919641332,0.5333333333333333,0.0
0,26372320,2,1,0,0,0.00017301981240670002,8.650990620335001e-05,0.5,0.0
0,26383493,6,0,0,0,0.0001746503680154,2.9108394669233333e-05,0.0,0.0
0,26389107,7,3,0,0,0.0006259838703227,8.942626718895714e-05,0.42857142857142855,0.0
0,26389108,6,1,0,0,0.0006700461708447,0.00011167436180745001,0.16666666666666666,0.0
0,26491443,4,2,0,0,0.0005429035515242999,0.00013572588788107498,0.5,0.0
0,26534046,2,0,0,0,0.00040640981299900004,0.00020320490649950002,0.0,0.0
0,26614024,6,3,0,0,0.0015527108607248,0.0002587851434541333,0.5,0.0
0,26729616,1,0,0,0,8.61211647006e-05,8.61211647006e-05,0.0,0.0
0,26750602,2,1,0,0,0.001045600138106,0.000522800069053,0.5,0.0
0,26852338,25,13,0,0,0.0198040797000197,0.000792163188000788,0.52,0.0
0,26852339,17,5,1,0,0.0024133268493283,0.0001419604029016647,0.29411764705882354,0.0
0,26874680,2,0,0,0,0.0014776439079711998,0.0007388219539855999,0.0,0.0
0,26949221,7,4,3,3,0.004214614964945,0.000602087852135,0.5714285714285714,0.42857142857142855
0,26949222,3,1,1,0,9.62563680222e-05,3.20854560074e-05,0.3333333333333333,0.0
0,26949223,1,0,0,0,3.83158021091e-05,3.83158021091e-05,0.0,0.0
0,26998428,13,4,0,0,0.0026798642107224,0.00020614340082480002,0.3076923076923077,0.0
0,26998432,1,1,0,0,3.67406339329e-05,3.67406339329e-05,1.0,0.0
0,27009857,2,0,0,0,2e-05,1e-05,0.0,0.0
0,27009860,2,1,0,0,0.001238339515784,0.000619169757892,0.5,0.0
0,27031690,1,0,0,0,0.000184549609788,0.000184549609788,0.0,0.0
0,27091104,3,0,0,0,0.00031901579295899997,0.00010633859765299999,0.0,0.0
0,27118781,7,3,0,0,0.0006268541557900999,8.955059368429999e-05,0.42857142857142855,0.0
0,27321366,21,5,0,0,0.0025934406202667,0.00012349717239365236,0.23809523809523808,0.0
0,27323540,6,2,0,0,9.73333716131e-05,1.6222228602183334e-05,0.3333333333333333,0.0
0,27323541,2,0,0,0,2e-05,1e-05,0.0,0.0
0,27491436,5,1,0,0,0.0005932509682477,0.00011865019364954,0.2,0.0
0,27614018,6,3,1,1,0.0004819182630977,8.031971051628333e-05,0.5,0.16666666666666666
0,27644431,2,0,0,0,2e-05,1e-05,0.0,0.0
0,27684173,5,0,0,0,0.0006542589598565001,0.0001308517919713,0.0,0.0
0,27729624,5,1,0,0,0.0003122658704397,6.245317408794e-05,0.2,0.0
0,27777499,2,1,0,0,0.000907991668521,0.0004539958342605,0.5,0.0
0,27872610,1,1,0,0,0.000142443510239,0.000142443510239,1.0,0.0
0,27888153,10,4,0,0,0.0010037807852707,0.00010037807852707,0.4,0.0
0,27891651,11,4,1,0,0.0012377073943383,0.00011251885403075456,0.36363636363636365,0.0
0,27990027,9,1,0,0,0.0008467106375216,9.407895972462223e-05,0.1111111111111111,0.0
0,28031695,2,2,0,0,3.50727578988e-05,1.75363789494e-05,1.0,0.0
0,28071513,1,0,0,0,0.000117647060577,0.000117647060577,0.0,0.0
0,28091103,1,1,1,1,0.000868156867869,0.000868156867869,1.0,1.0
0,28137208,17,9,2,2,0.0031771762013272,0.0001868927177251294,0.5294117647058824,0.11764705882352941
0,28328731,3,0,0,0,0.0001497058849825,4.990196166083333e-05,0.0,0.0
0,28351001,13,10,1,1,0.007997035112079401,0.0006151565470830308,0.7692307692307693,0.07692307692307693
0,28389117,10,4,0,0,0.0043231826559852,0.00043231826559852,0.4,0.0
0,28726401,1,1,1,0,0.000330882352941,0.000330882352941,1.0,0.0
0,28729609,1,1,1,0,0.00049033501569,0.00049033501569,1.0,0.0
0,28729624,2,0,0,0,0.00038443009281060003,0.00019221504640530001,0.0,0.0
0,28739284,15,7,1,0,0.0132530483614419,0.00088353655742946,0.4666666666666667,0.0
0,28752986,2,1,1,1,2.68993818531e-05,1.344969092655e-05,0.5,0.5
0,28795042,6,3,0,0,0.00030232639963790003,5.038773327298334e-05,0.5,0.0
0,28795043,9,4,0,0,0.0022098440085587,0.0002455382231731889,0.4444444444444444,0.0
0,28864843,1,1,0,0,8.48875744812e-05,8.48875744812e-05,1.0,0.0
0,28864844,1,0,0,0,0.000482886133604,0.000482886133604,0.0,0.0
0,28874676,10,5,0,0,0.0013476245923756001,0.00013476245923756,0.5,0.0
0,28896342,5,1,0,0,0.0020481130870828,0.00040962261741656,0.2,0.0
0,28920697,1,1,0,0,0.000528053411917,0.000528053411917,1.0,0.0
0,29175063,6,2,0,0,0.000349580669424,5.8263444904e-05,0.3333333333333333,0.0
0,29345613,3,1,0,0,0.0006155725967377,0.00020519086557923335,0.3333333333333333,0.0
0,29389116,8,2,0,0,0.0005384492502791,6.73061562848875e-05,0.25,0.0
0,29427842,39,12,3,1,0.0142167363897261,0.0003645317023006692,0.3076923076923077,0.02564102564102564
0,29513914,2,0,0,0,0.0002025152051515,0.00010125760257575,0.0,0.0
0,29513916,2,0,0,0,0.001052553458145,0.0005262767290725,0.0,0.0
0,29531970,2,1,0,0,0.0001652970690937,8.264853454685e-05,0.5,0.0
0,29531976,1,0,0,0,1e-05,1e-05,0.0,0.0
0,29531983,2,1,1,1,0.000165289062304,8.2644531152e-05,0.5,0.5
0,29534051,5,1,0,0,0.0007768164421048999,0.00015536328842098,0.2,0.0
0,29614011,14,1,0,0,0.0017266736520424,0.00012333383228874285,0.07142857142857142,0.0
0,29614012,2,2,0,0,2.34892712358e-05,1.17446356179e-05,1.0,0.0
0,29614013,10,2,0,0,0.0004861452651075,4.8614526510749996e-05,0.2,0.0
0,29687342,1,1,0,0,1.38905107537e-05,1.38905107537e-05,1.0,0.0
0,29874688,1,0,0,0,7.0562007974e-05,7.0562007974e-05,0.0,0.0
0,29880998,3,0,0,0,0.0001474133993202,4.91377997734e-05,0.0,0.0
0,29903689,1,0,0,0,2.20588244059e-05,2.20588244059e-05,0.0,0.0
0,30175072,4,1,0,0,0.001470130032833,0.00036753250820825,0.25,0.0
0,30175073,4,2,0,0,0.0006892501903358,0.00017231254758395,0.5,0.0
0,30368132,5,2,0,0,0.003964539890596,0.0007929079781192,0.4,0.0
0,30405203,59,42,16,8,0.0165401705642248,0.0002803418739699118,0.711864406779661,0.13559322033898305
0,30427825,6,0,0,0,0.0004413578396324,7.355963993873333e-05,0.0,0.0
0,30471712,1,1,0,0,4.58903566879e-05,4.58903566879e-05,1.0,0.0
0,30471715,2,1,0,0,0.000278794350448,0.000139397175224,0.5,0.0
0,30491418,100,40,7,3,0.0536187428832929,0.0005361874288329291,0.4,0.03
0,30501159,2,0,0,0,0.000308623121379,0.0001543115606895,0.0,0.0
0,30534043,5,4,1,1,0.00034592847005,6.918569401e-05,0.8,0.2
0,30535894,5,3,0,0,0.0028264951499849997,0.0005652990299969999,0.6,0.0
0,30676243,1,1,0,0,7.73325036554e-05,7.73325036554e-05,1.0,0.0
0,30729721,4,1,0,0,0.0006876807257719,0.000171920181442975,0.25,0.0
0,30752994,4,1,0,0,0.0005648845203701,0.000141221130092525,0.25,0.0
0,30801593,172,74,14,11,0.0141741128927887,8.240763309760872e-05,0.43023255813953487,0.06395348837209303
0,30810420,5,1,0,0,0.0004348080838638,8.696161677275999e-05,0.2,0.0
0,30848316,10,1,0,0,0.0005556522972682,5.556522972682e-05,0.1,0.0
0,30881002,5,1,1,0,0.000223160570018,4.46321140036e-05,0.2,0.0
0,31129938,3,0,0,0,0.001388329431309,0.000462776477103,0.0,0.0
0,31265168,6,0,0,0,0.0005175457405161999,8.625762341936665e-05,0.0,0.0
0,31323522,2,1,0,0,7.64850351047e-05,3.824251755235e-05,0.5,0.0
0,31330666,3,3,0,0,0.0004107474902018,0.00013691583006726667,1.0,0.0
0,31452108,2,1,1,0,0.000437941189093,0.0002189705945465,0.5,0.0
0,31491419,3,1,0,0,0.00023431185583569998,7.810395194523333e-05,0.3333333333333333,0.0
0,31736975,27,10,3,1,0.0045184535368633,0.00016735013099493704,0.37037037037037035,0.037037037037037035
0,31772643,29,9,0,0,0.0056824939522352,0.00019594806731845516,0.3103448275862069,0.0
0,32009848,15,3,0,0,0.001889429765452,0.00012596198436346667,0.2,0.0
0,32135670,7,3,1,1,0.000161170066659,2.3024295237e-05,0.42857142857142855,0.14285714285714285
0,32135680,1,1,0,0,0.000151887244205,0.000151887244205,1.0,0.0
0,32137193,1,0,0,0,8.82352976238e-05,8.82352976238e-05,0.0,0.0
0,32321347,1,0,0,0,1e-05,1e-05,0.0,0.0
0,32323516,8,4,2,2,0.0009993937389122,0.000124924217364025,0.5,0.25
0,32368241,21,8,4,3,0.0149205644582673,0.0007105030694413,0.38095238095238093,0.14285714285714285
0,32368244,144,64,23,10,0.0666321571943763,0.00046272331384983545,0.4444444444444444,0.06944444444444445
0,32385772,4,0,0,0,0.0004981410515801,0.000124535262895025,0.0,0.0
0,32398755,8,2,0,0,0.0078837260494478,0.000985465756180975,0.25,0.0
0,32398758,5,1,1,0,0.0003971086102333,7.942172204666e-05,0.2,0.0
0,32452108,21,9,2,0,0.00047035851133000003,2.239802434904762e-05,0.42857142857142855,0.0
0,32452111,19,5,2,0,0.0033086770884888997,0.00017414089939415262,0.2631578947368421,0.0
1,73325,4,2,0,0,6.4441296889e-05,1.611032422225e-05,0.5,0.0
1,73327,3,1,1,1,0.0017277342266049998,0.0005759114088683333,0.3333333333333333,0.3333333333333333
1,73328,7,3,1,0,0.0007295636048689,0.00010422337212412857,0.42857142857142855,0.0
1,83677,12,3,0,0,0.001695212795595,0.00014126773296625,0.25,0.0
1,408759,16,6,1,0,0.0018517341392675,0.00011573338370421875,0.375,0.0
1,442617,1,0,0,0,1e-05,1e-05,0.0,0.0
1,497590,17,8,2,2,0.0062726441904628,0.0003689790700272235,0.47058823529411764,0.11764705882352941
1,497593,86,37,1,1,0.0053309139952232,6.198737203747907e-05,0.43023255813953487,0.011627906976744186
1,604244,8,4,1,0,0.0002491502809753,3.11437851219125e-05,0.5,0.0
1,690012,3,1,0,0,0.0002799272613923,9.330908713076667e-05,0.3333333333333333,0.0
1,716288,8,3,0,0,0.001108887662449,0.000138610957806125,0.375,0.0
1,787943,4,2,1,1,0.0013275862473516998,0.00033189656183792496,0.5,0.25
1,804100,4,1,0,0,0.0001380013703815,3.4500342595375e-05,0.25,0.0
1,828346,3,1,0,0,0.00011878465191739999,3.9594883972466664e-05,0.3333333333333333,0.0
1,884761,5,0,0,0,0.0007186528134419,0.00014373056268838,0.0,0.0
1,946549,2,1,0,0,5.52396410528e-05,2.76198205264e-05,0.5,0.0
1,1130498,3,0,0,0,0.0004383855345209,0.00014612851150696667,0.0,0.0
1,1341195,5,1,0,0,0.0002921405165821,5.842810331642e-05,0.2,0.0
1,1415896,2,1,0,0,0.001042419846788,0.000521209923394,0.5,0.0
1,1428788,1,1,1,1,0.000197226327122,0.000197226327122,1.0,1.0
1,1586481,17,4,0,0,0.011234516170476501,0.0006608538923809706,0.23529411764705882,0.0
1,1632451,1,0,0,0,0.000336764700272,0.000336764700272,0.0,0.0
1,1716282,1,1,0,0,0.00166470583747,0.00166470583747,1.0,0.0
1,1869938,2,0,0,0,0.0002831426767578,0.0001415713383789,0.0,0.0
1,1946547,4,0,0,0,0.00017392787273009998,4.3481968182524996e-05,0.0,0.0
1,2073328,2,0,0,0,4.73751933084e-05,2.36875966542e-05,0.0,0.0
1,2077112,2,0,0,0,9.20126061229e-05,4.600630306145e-05,0.0,0.0
1,2144729,6,2,0,0,0.0003237396582785,5.395660971308333e-05,0.3333333333333333,0.0
1,2390251,17,5,1,0,0.0016676617140867,9.809774788745293e-05,0.29411764705882354,0.0
1,2407403,2,0,0,0,2.28881266089e-05,1.144406330445e-05,0.0,0.0
1,2462355,3,3,0,0,0.00032411868515829997,0.00010803956171943332,1.0,0.0
1,2576437,8,3,0,0,0.0004451584824153,5.56448103019125e-05,0.375,0.0
1,2694554,4,2,0,0,0.00017391274757119998,4.3478186892799996e-05,0.5,0.0
1,2828357,6,5,0,0,0.0015361492317701,0.00025602487196168335,0.8333333333333334,0.0
1,2865314,15,3,0,0,0.0014659020430528,9.772680287018667e-05,0.2,0.0
1,2865315,5,3,0,0,0.0007591074288299,0.00015182148576598002,0.6,0.0
1,2869134,8,4,3,3,0.0007249839451165,9.06229931395625e-05,0.5,0.375
1,2946551,35,25,5,4,0.0104636039430737,0.00029896011265924855,0.7142857142857143,0.11428571428571428
1,2953712,1,0,0,0,0.000211135745049,0.000211135745049,0.0,0.0
1,2953716,3,1,0,0,0.000167093848677,5.5697949559000005e-05,0.3333333333333333,0.0
1,3073302,1,0,0,0,1e-05,1e-05,0.0,0.0
1,3073304,1,0,0,0,1.47058825721e-05,1.47058825721e-05,0.0,0.0
1,3139444,4,1,0,0,0.0009748821112523,0.000243720527813075,0.25,0.0
1,3144706,8,4,0,0,0.0021705579864894,0.000271319748311175,0.5,0.0
1,3291800,9,4,2,1,0.0010910676564541998,0.0001212297396060222,0.4444444444444444,0.1111111111111111
1,3313894,4,0,0,0,0.000777071161323,0.00019426779033075,0.0,0.0
1,3406183,2,1,0,0,4.26470597877e-05,2.132352989385e-05,0.5,0.0
1,3610770,5,1,0,0,0.0001913699740518,3.827399481036e-05,0.2,0.0
1,3694556,1,1,0,0,1e-05,1e-05,1.0,0.0
1,3828354,6,1,0,0,0.0029523099492769,0.0004920516582128167,0.16666666666666666,0.0
1,3828360,2,1,0,0,0.0004015103093038,0.0002007551546519,0.5,0.0
1,3877975,2,2,0,0,9.26263249076e-05,4.63131624538e-05,1.0,0.0
1,3884873,15,7,0,0,0.0007785508959497,5.190339306331333e-05,0.4666666666666667,0.0
1,3892353,4,2,0,0,0.0002511410299991,6.2785257499775e-05,0.5,0.0
1,4084327,1,0,0,0,1.02941176909e-05,1.02941176909e-05,0.0,0.0
1,4293600,8,3,1,0,0.0005579084295982,6.9738553699775e-05,0.375,0.0
1,4466870,1,1,1,1,0.000178540549012,0.000178540549012,1.0,1.0
1,4626334,1,1,0,0,5.588235224e-05,5.588235224e-05,1.0,0.0
1,4814007,8,3,0,0,0.0008803871762071001,0.00011004839702588751,0.375,0.0
1,4828346,6,1,0,0,0.0004308800676022,7.181334460036667e-05,0.16666666666666666,0.0
1,4869922,9,1,0,0,0.0008616285538443,9.57365059827e-05,0.1111111111111111,0.0
1,4869923,2,1,0,0,0.0005842247440840001,0.00029211237204200004,0.5,0.0
1,4913658,3,0,0,0,4.74317067844e-05,1.5810568928133333e-05,0.0,0.0
1,5044698,18,7,0,0,0.0022281627000284,0.00012378681666824445,0.3888888888888889,0.0
1,5061834,37,5,0,0,0.0078521461446741,0.00021222016607227298,0.13513513513513514,0.0
1,5084322,6,0,0,0,0.0002841482821611,4.735804702685e-05,0.0,0.0
1,5121547,1,0,0,0,1.76470584291e-05,1.76470584291e-05,0.0,0.0
1,5281156,15,4,0,0,0.0018816676630272,0.00012544451086848,0.26666666666666666,0.0
1,5316929,1,0,0,0,1.12944830428e-05,1.12944830428e-05,0.0,0.0
1,5442463,6,0,0,0,7.930669326050001e-05,1.3217782210083334e-05,0.0,0.0
1,5544859,9,4,2,2,0.0010899169220162,0.00012110188022402222,0.4444444444444444,0.2222222222222222
1,5686703,6,3,1,0,0.0017643211088155999,0.0002940535181359333,0.5,0.0
1,5743152,1,0,0,0,0.000504411774524,0.000504411774524,0.0,0.0
1,5743167,1,0,0,0,6.91176468835e-05,6.91176468835e-05,0.0,0.0
1,5781045,1,0,0,0,0.000399985645159,0.000399985645159,0.0,0.0
1,5867090,2,0,0,0,0.0002222066824756,0.0001111033412378,0.0,0.0
1,5871888,8,0,0,0,8e-05,1e-05,0.0,0.0
1,6121534,1,0,0,0,4.04676629206e-05,4.04676629206e-05,0.0,0.0
1,6210424,5,1,0,0,0.001420745494044,0.00028414909880880004,0.2,0.0
1,6228543,3,0,0,0,0.0034372046221109,0.0011457348740369665,0.0,0.0
1,6316933,1,0,0,0,1.38905107537e-05,1.38905107537e-05,0.0,0.0
1,6336377,7,6,0,0,0.0038994730891382,0.0005570675841626,0.8571428571428571,0.0
1,6442596,6,4,0,0,0.0005161644114281,8.602740190468333e-05,0.6666666666666666,0.0
1,6442601,3,1,0,0,5.8529411501799996e-05,1.950980383393333e-05,0.3333333333333333,0.0
1,6513183,3,0,0,0,0.0001606857836945,5.356192789816667e-05,0.0,0.0
1,6516505,4,2,0,0,0.000975855536085,0.00024396388402125,0.5,0.0
1,6686701,17,8,4,3,0.0098943025904884,0.0005820177994404942,0.47058823529411764,0.17647058823529413
1,6686703,1,1,0,0,0.000264336414197,0.000264336414197,1.0,0.0
1,6686704,6,3,1,0,0.001083227765646,0.00018053796094099999,0.5,0.0
1,6697149,1,0,0,0,1e-05,1e-05,0.0,0.0
1,6697150,3,1,0,0,0.0004806745926907,0.00016022486423023335,0.3333333333333333,0.0
1,6781040,2,1,0,0,0.000266022829034,0.000133011414517,0.5,0.0
1,6810200,4,4,0,0,0.0003168405403519,7.9210135087975e-05,1.0,0.0
1,6886817,14,7,0,0,0.0016934470895843,0.00012096050639887858,0.5,0.0
1,7061828,23,7,1,1,0.0034734381383412,0.00015101904949309567,0.30434782608695654,0.043478260869565216
1,7075386,1,0,0,0,2.6677166503e-05,2.6677166503e-05,0.0,0.0
1,7121544,24,4,0,0,0.0025481499473944,0.00010617291447476666,0.16666666666666666,0.0
1,7144711,3,0,0,0,0.0001447522346158,4.825074487193334e-05,0.0,0.0
1,7289590,16,4,0,0,0.0023745974731472002,0.00014841234207170001,0.25,0.0
1,7299461,6,1,0,0,0.0002051336511497,3.418894185828333e-05,0.16666666666666666,0.0
1,7351509,1,0,0,0,1e-05,1e-05,0.0,0.0
1,7403871,1,0,0,0,5.88235302882e-05,5.88235302882e-05,0.0,0.0
1,7544834,2,0,0,0,0.00015074231168809999,7.537115584404999e-05,0.0,0.0
1,7681481,2,1,0,0,2.68472659938e-05,1.34236329969e-05,0.5,0.0
1,7686710,10,4,0,0,0.0021284864528279,0.00021284864528279,0.4,0.0
1,7697146,3,1,0,0,4.33244227258e-05,1.4441474241933334e-05,0.3333333333333333,0.0
1,7828339,2,0,0,0,0.001231657947076,0.000615828973538,0.0,0.0
1,7877971,2,0,0,0,3.12023894752e-05,1.56011947376e-05,0.0,0.0
1,7892338,1,0,0,0,1.10548083658e-05,1.10548083658e-05,0.0,0.0
1,8214946,1,1,0,0,0.00014440513709,0.00014440513709,1.0,0.0
1,8403848,11,3,0,0,0.00184051725481,0.00016731975043727274,0.2727272727272727,0.0
1,8407229,1,1,0,0,5.95029180541e-05,5.95029180541e-05,1.0,0.0
1,8500299,2,1,0,0,0.000583831822466,0.000291915911233,0.5,0.0
1,8710016,3,1,0,0,0.0001749945868808,5.833152896026666e-05,0.3333333333333333,0.0
1,8710017,3,0,0,0,0.0003372631562387,0.00011242105207956667,0.0,0.0
1,8867068,3,0,0,0,0.0004710364791243,0.0001570121597081,0.0,0.0
1,8877963,1,0,0,0,4.70715729194e-05,4.70715729194e-05,0.0,0.0
1,8891880,1,0,0,0,1e-05,1e-05,0.0,0.0
1,8892339,5,2,0,0,0.000380900789976,7.61801579952e-05,0.4,0.0
1,8892341,2,0,0,0,0.000529948865495,0.0002649744327475,0.0,0.0
1,8980571,2,0,0,0,6.94200036109e-05,3.471000180545e-05,0.0,0.0
1,8980584,1,0,0,0,1.61764705006e-05,1.61764705006e-05,0.0,0.0
1,8980585,2,0,0,0,0.00018300278786880002,9.150139393440001e-05,0.0,0.0
1,9013587,4,2,0,0,0.0004149562082051,0.000103739052051275,0.5,0.0
1,9095251,9,5,3,2,0.010486785763856199,0.0011651984182062443,0.5555555555555556,0.2222222222222222
1,9097334,1,0,0,0,4.42075203447e-05,4.42075203447e-05,0.0,0.0
1,9097339,2,1,0,0,5.10345701611e-05,2.551728508055e-05,0.5,0.0
1,9097340,1,0,0,0,0.000107941916507,0.000107941916507,0.0,0.0
1,9100689,20,11,4,4,0.0046123385010339996,0.00023061692505169998,0.55,0.2
1,9100690,12,4,2,1,0.0053954095485262,0.0004496174623771833,0.3333333333333333,0.08333333333333333
1,9100691,8,1,0,0,0.0005758681077135,7.19835134641875e-05,0.125,0.0
1,9100692,4,2,0,0,4.8078965015900004e-05,1.2019741253975001e-05,0.5,0.0
1,9100693,30,8,3,1,0.0056150464288808,0.00018716821429602668,0.26666666666666666,0.03333333333333333
1,9106406,3,0,0,0,0.0017599974843422002,0.0005866658281140667,0.0,0.0
1,9106407,11,3,1,1,0.0011026186650131,0.00010023806045573636,0.2727272727272727,0.09090909090909091
1,9810200,24,18,1,0,0.0044114845853183,0.00018381185772159585,0.75,0.0
1,10002432,1,0,0,0,0.000303427237958,0.000303427237958,0.0,0.0
1,10013589,2,0,0,0,0.0001262494905649,6.312474528245e-05,0.0,0.0
1,10123946,1,0,0,0,1.17647078107e-05,1.17647078107e-05,0.0,0.0
1,10321103,2,1,0,0,0.0004742257388684,0.0002371128694342,0.5,0.0
1,10341182,184,67,11,6,0.0452705563913768,0.00024603563256183047,0.3641304347826087,0.03260869565217391
1,10462151,2,0,0,0,2e-05,1e-05,0.0,0.0
1,10474106,1,1,0,0,0.00142781664727,0.00142781664727,1.0,0.0
1,10491643,1,0,0,0,1e-05,1e-05,0.0,0.0
1,10810197,1,1,0,0,0.000521174065921,0.000521174065921,1.0,0.0
1,10810198,6,4,0,0,0.0004220308699973,7.033847833288333e-05,0.6666666666666666,0.0
1,10960760,4,2,1,1,0.00018911854578619998,4.7279636446549995e-05,0.5,0.25
1,11028540,3,1,0,0,0.0003310367618407,0.00011034558728023333,0.3333333333333333,0.0
1,11097337,1,1,0,0,0.000373941334453,0.000373941334453,1.0,0.0
1,11289564,5,1,0,0,0.0003494951096606,6.989902193212e-05,0.2,0.0
1,11321105,7,1,0,0,0.0034853114241752002,0.0004979016320250286,0.14285714285714285,0.0
1,11500306,4,2,0,0,0.0003790923681194,9.477309202985e-05,0.5,0.0
1,11772330,7,1,0,0,0.0002492773730666,3.561105329522858e-05,0.14285714285714285,0.0
1,11803618,14,3,0,0,0.0014736844543928001,0.00010526317531377143,0.21428571428571427,0.0
1,11843320,6,1,0,0,0.0026742626172750004,0.0004457104362125001,0.16666666666666666,0.0
1,11938638,13,8,0,0,0.0056595734433235,0.0004353518033325769,0.6153846153846154,0.0
1,11959615,1,1,0,0,0.00030698029434,0.00030698029434,1.0,0.0
1,12089529,1,1,1,0,0.00030191220382,0.00030191220382,1.0,0.0
1,12121528,4,1,0,0,0.0005657334745274,0.00014143336863185,0.25,0.0
1,12288258,7,1,0,0,0.0004307901442927,6.154144918467143e-05,0.14285714285714285,0.0
1,12289574,7,2,0,0,0.0008255837177326,0.00011794053110465715,0.2857142857142857,0.0
1,12321091,1,1,0,0,8.82352976238e-05,8.82352976238e-05,1.0,0.0
1,12491647,1,0,0,0,1.99116541595e-05,1.99116541595e-05,0.0,0.0
1,12513174,1,0,0,0,4.41176488119e-05,4.41176488119e-05,0.0,0.0
1,12700454,15,3,0,0,0.001679951432732,0.00011199676218213334,0.2,0.0
1,12810171,1,0,0,0,2.07293274132e-05,2.07293274132e-05,0.0,0.0
1,12843317,4,1,0,0,0.0004410342053767,0.000110258551344175,0.25,0.0
1,12843318,17,10,0,0,0.0027599972392307,0.00016235277877827648,0.5882352941176471,0.0
1,12843319,1,0,0,0,1e-05,1e-05,0.0,0.0
1,12947794,3,2,0,0,0.0013474344437926999,0.0004491448145975666,0.6666666666666666,0.0
1,13166099,12,2,0,0,0.0011829582485209,9.857985404340833e-05,0.16666666666666666,0.0
1,13289562,7,4,0,0,0.0014910651085128998,0.00021300930121612854,0.5714285714285714,0.0
1,13300124,5,3,0,0,0.0012880331987599998,0.000257606639752,0.6,0.0
1,13365547,10,5,0,0,0.0011977383699957,0.00011977383699956999,0.5,0.0
1,13422843,10,1,0,0,0.000549271898724,5.49271898724e-05,0.1,0.0
1,13442454,1,0,0,0,3.33372240557e-05,3.33372240557e-05,0.0,0.0
1,13445189,1,0,0,0,2.20223456331e-05,2.20223456331e-05,0.0,0.0
1,13458070,1,0,0,0,1e-05,1e-05,0.0,0.0
1,13458071,3,0,0,0,0.0002803931288202,9.34643762734e-05,0.0,0.0
1,13462155,1,1,0,0,0.000481467904984,0.000481467904984,1.0,0.0
1,13462158,11,7,1,1,0.0059482140475384995,0.000540746731594409,0.6363636363636364,0.09090909090909091
1,13466843,1,0,0,0,2.72253988421e-05,2.72253988421e-05,0.0,0.0
1,13576407,9,3,0,0,0.0009432373716293,0.00010480415240325555,0.3333333333333333,0.0
1,13576413,1,0,0,0,0.000265779987174,0.000265779987174,0.0,0.0
1,13661597,8,0,0,0,0.0008537324115779,0.0001067165514472375,0.0,0.0
1,13661605,8,3,2,1,0.0042036067992269,0.0005254508499033625,0.375,0.125
1,13661608,3,0,0,0,4.50381290118e-05,1.50127096706e-05,0.0,0.0
1,13770704,17,4,0,0,0.0031108874424815997,0.00018299337896950587,0.23529411764705882,0.0
1,13823055,4,0,0,0,0.000947371681329,0.00023684292033225,0.0,0.0
1,13947793,7,2,0,0,0.0003016101674956,4.308716678508572e-05,0.2857142857142857,0.0
1,13947795,9,1,0,0,0.00124851870497,0.00013872430055222222,0.1111111111111111,0.0
1,14006998,3,0,0,0,7.33997002314e-05,2.4466566743799998e-05,0.0,0.0
1,14104561,1,0,0,0,0.000260294114843,0.000260294114843,0.0,0.0
1,14106384,2,2,2,1,0.0006249751780048,0.0003124875890024,1.0,0.5
1,14121532,8,2,0,0,0.002814665334484,0.0003518331668105,0.25,0.0
1,14235907,6,3,2,2,0.0032846674474635,0.00054744457457725,0.5,0.3333333333333333
1,14257845,3,1,0,0,0.0012650562154997,0.0004216854051665667,0.3333333333333333,0.0
1,14289571,12,8,1,1,0.0041982856104219,0.000349857134201825,0.6666666666666666,0.08333333333333333
1,14300126,2,1,0,0,0.000155850348122,7.7925174061e-05,0.5,0.0
1,14398570,3,2,0,0,0.003125215900559,0.0010417386335196666,0.6666666666666666,0.0
1,14445192,5,2,1,0,0.0002121066334985,4.24213266997e-05,0.4,0.0
1,14458654,6,3,0,0,0.0011091983641583001,0.00018486639402638335,0.5,0.0
1,14458669,2,0,0,0,2.99279101456e-05,1.49639550728e-05,0.0,0.0
1,14661605,26,9,2,0,0.0048634792548674,0.00018705689441797692,0.34615384615384615,0.0
1,15073876,10,6,0,0,0.0008668800578428,8.668800578428e-05,0.6,0.0
1,15184511,30,13,5,4,0.020421354147802898,0.0006807118049267632,0.43333333333333335,0.13333333333333333
1,15323491,4,3,0,0,0.01606135615501,0.0040153390387525,0.75,0.0
1,15398570,82,37,7,2,0.0261614971930845,0.0003190426486961524,0.45121951219512196,0.024390243902439025
1,15422821,9,5,0,0,0.0058198138877473,0.0006466459875274778,0.5555555555555556,0.0
1,15491650,5,3,0,0,0.000384045963368,7.68091926736e-05,0.6,0.0
1,15500294,3,0,0,0,0.0009692455876385,0.00032308186254616667,0.0,0.0
1,15500296,4,1,0,0,0.00035568890107029997,8.892222526757499e-05,0.25,0.0
1,15506600,1,1,0,0,7.35294117647e-05,7.35294117647e-05,1.0,0.0
1,15568932,8,2,1,0,0.0025175232374977,0.0003146904046872125,0.25,0.0
1,15654890,6,1,0,0,0.0003001359173026,5.002265288376667e-05,0.16666666666666666,0.0
1,15654897,3,0,0,0,0.00025986519511589997,8.662173170529998e-05,0.0,0.0
1,15661602,2,2,0,0,0.0006765464035902,0.0003382732017951,1.0,0.0
1,15743382,3,2,2,2,0.0052310739692609,0.0017436913230869666,0.6666666666666666,0.6666666666666666
1,15746419,2,1,0,0,0.000403717637462,0.000201858818731,0.5,0.0
1,15823034,1,1,0,0,0.000704110748482,0.000704110748482,1.0,0.0
1,15885288,1,1,0,0,0.000161887364699,0.000161887364699,1.0,0.0
1,15959625,5,3,0,0,0.0004314908450942,8.629816901884e-05,0.6,0.0
1,16184517,4,0,0,0,0.0002927550381951,7.3188759548775e-05,0.0,0.0
1,16307476,4,0,0,0,0.0016488768935481,0.000412219223387025,0.0,0.0
1,16506604,1,1,0,0,1.66686120279e-05,1.66686120279e-05,1.0,0.0
1,16823030,3,1,0,0,0.0004898435143195,0.00016328117143983332,0.3333333333333333,0.0
1,16920604,1,0,0,0,3.82352927151e-05,3.82352927151e-05,0.0,0.0
1,16922675,6,2,1,0,0.0020742256866289,0.0003457042811048166,0.3333333333333333,0.0
1,17132183,6,2,0,0,0.0006306381420855,0.00010510635701425001,0.3333333333333333,0.0
1,17288254,1,0,0,0,0.000304469453729,0.000304469453729,0.0,0.0
1,17288262,2,1,0,0,0.0001589238607001,7.946193035005e-05,0.5,0.0
1,17321082,12,5,1,1,0.0023627232683976,0.00019689360569979998,0.4166666666666667,0.08333333333333333
1,17661707,1,0,0,0,1.47058825721e-05,1.47058825721e-05,0.0,0.0
1,17661711,1,0,0,0,0.000318624211904,0.000318624211904,0.0,0.0
1,17686799,59,15,0,0,0.010001957624021,0.00016952470549188136,0.2542372881355932,0.0
1,17710659,1,0,0,0,1e-05,1e-05,0.0,0.0
1,17710664,2,1,0,0,6.259058219749999e-05,3.1295291098749995e-05,0.5,0.0
1,17916128,1,0,0,0,9.44554718101e-05,9.44554718101e-05,0.0,0.0
1,18091420,1,0,0,0,1.38905107537e-05,1.38905107537e-05,0.0,0.0
1,18095238,3,1,0,0,0.000943293804524,0.00031443126817466666,0.3333333333333333,0.0
1,18104558,1,0,0,0,0.000186283307918,0.000186283307918,0.0,0.0
1,18436526,5,0,0,0,8.32137022691e-05,1.664274045382e-05,0.0,0.0
1,18496278,1,0,0,0,1.61764705006e-05,1.61764705006e-05,0.0,0.0
1,18498193,7,4,0,0,0.0007240086667441,0.00010342980953487143,0.5714285714285714,0.0
1,18498853,19,5,1,0,0.000921718778397,4.8511514652473684e-05,0.2631578947368421,0.0
1,18836888,6,1,0,0,0.0017227430214107,0.0002871238369017833,0.16666666666666666,0.0
1,18975813,12,5,1,0,0.0020474509580673,0.000170620913172275,0.4166666666666667,0.0
1,18975823,40,19,1,1,0.009405494947247,0.000235137373681175,0.475,0.025
1,19129839,19,7,0,0,0.0146714000413276,0.0007721789495435579,0.3684210526315789,0.0
1,19129845,1,0,0,0,0.000231072744903,0.000231072744903,0.0,0.0
1,19602309,41,17,0,0,0.0026926744928672,6.567498763090732e-05,0.4146341463414634,0.0
1,19661713,3,2,0,0,0.0032537313594490002,0.0010845771198163335,0.6666666666666666,0.0
1,20377297,1,1,0,0,0.000105567872524,0.000105567872524,1.0,0.0
1,20445163,1,1,0,0,2.91700705009e-05,2.91700705009e-05,1.0,0.0
1,20458055,7,2,0,0,0.0058477286840022,0.0008353898120003143,0.2857142857142857,0.0
1,20530187,4,3,0,0,0.0008660886339934,0.00021652215849835,0.75,0.0
1,20640037,1,0,0,0,0.000131966455277,0.000131966455277,0.0,0.0
1,20695010,6,0,0,0,0.0003815304397327,6.358840662211666e-05,0.0,0.0
1,20817326,15,6,0,0,0.0017306224550089002,0.00011537483033392668,0.4,0.0
1,20898399,1,0,0,0,0.00196044175595,0.00196044175595,0.0,0.0
1,20898401,1,1,0,0,0.000206584698564,0.000206584698564,1.0,0.0
1,20922679,2,1,0,0,0.0001741846333097,8.709231665485e-05,0.5,0.0
1,20938751,2,1,0,0,0.0001748296368864,8.74148184432e-05,0.5,0.0
1,21016759,5,1,0,0,0.0007453502608136999,0.00014907005216273998,0.2,0.0
1,21257831,3,1,0,0,0.00023119905637670001,7.706635212556667e-05,0.3333333333333333,0.0
1,21294794,9,4,0,0,0.0004894485017153,5.4383166857255556e-05,0.4444444444444444,0.0
1,21307468,1,0,0,0,0.000104178821339,0.000104178821339,0.0,0.0
1,21443086,1,0,0,0,0.000118955785737,0.000118955785737,0.0,0.0
1,21640043,8,3,0,0,0.0006501944262726,8.1274303284075e-05,0.375,0.0
1,21658041,3,1,0,0,0.000836025905998,0.00027867530199933335,0.3333333333333333,0.0
1,21830168,3,1,0,0,0.0008627617750457,0.00028758725834856667,0.3333333333333333,0.0
1,22071675,1,1,1,1,0.00011341753266,0.00011341753266,1.0,1.0
1,22233130,5,2,0,0,0.0011036354172369,0.00022072708344738,0.4,0.0
1,22274902,2,0,0,0,7.294117527840001e-05,3.6470587639200004e-05,0.0,0.0
1,22391321,2,0,0,0,0.00010441176374159999,5.2205881870799996e-05,0.0,0.0
1,22419532,2,1,0,0,0.00013483677990490001,6.741838995245001e-05,0.5,0.0
1,22431924,5,1,0,0,0.001087841046979,0.00021756820939580003,0.2,0.0
1,22445172,1,1,0,0,0.000272794120451,0.000272794120451,1.0,0.0
1,22451482,1,1,1,0,0.000198634946616,0.000198634946616,1.0,0.0
1,22589171,7,2,0,0,0.0007342321177286,0.00010489030253265715,0.2857142857142857,0.0
1,22723823,6,2,0,0,0.000886430911282,0.00014773848521366665,0.3333333333333333,0.0
1,22726403,4,1,0,0,0.00015220471850929999,3.8051179627324996e-05,0.25,0.0
1,22891661,1,1,0,0,1.61764705006e-05,1.61764705006e-05,1.0,0.0
1,22891668,2,1,0,0,6.9969757734e-05,3.4984878867e-05,0.5,0.0
1,22891673,1,1,1,1,0.0018003242899,0.0018003242899,1.0,1.0
1,23254639,3,2,0,0,0.000332314667726,0.00011077155590866666,0.6666666666666666,0.0
1,23288223,1,1,1,1,1e-05,1e-05,1.0,1.0
1,23330022,1,0,0,0,1e-05,1e-05,0.0,0.0
1,23377306,1,0,0,0,1.55573721756e-05,1.55573721756e-05,0.0,0.0
1,23385780,1,0,0,0,5.50986212051e-05,5.50986212051e-05,0.0,0.0
1,23530192,2,2,0,0,0.002017983970807,0.0010089919854035,1.0,0.0
1,23644447,4,1,1,1,0.0008249796022660001,0.00020624490056650002,0.25,0.25
1,23695013,1,0,0,0,5.23133813301e-05,5.23133813301e-05,0.0,0.0
1,23817046,20,8,1,0,0.0016059933460032,8.029966730016e-05,0.4,0.0
1,23852329,8,3,0,0,0.0086662990506007,0.0010832873813250874,0.375,0.0
1,23852343,1,1,0,0,0.00184059588243,0.00184059588243,1.0,0.0
1,23852344,1,0,0,0,5.64117203741e-05,5.64117203741e-05,0.0,0.0
1,24045154,3,2,1,1,0.0005957797132170001,0.000198593237739,0.6666666666666666,0.3333333333333333
1,24097956,2,0,0,0,0.00012149324462,6.074662231e-05,0.0,0.0
1,24119478,2,1,1,0,0.00014073529225940002,7.036764612970001e-05,0.5,0.0
1,24119481,10,3,0,0,0.0003659196946317,3.659196946317e-05,0.3,0.0
1,24126625,13,9,0,0,0.002365018082376,0.00018192446787507693,0.6923076923076923,0.0
1,24267774,1,0,0,0,1e-05,1e-05,0.0,0.0
1,24316983,4,2,0,0,0.000285828863775,7.145721594375e-05,0.5,0.0
1,24321351,3,0,0,0,0.0001922076343793,6.406921145976666e-05,0.0,0.0
1,24378636,36,15,0,0,0.0039058133027411,0.00010849481396503056,0.4166666666666667,0.0
1,24389111,7,2,0,0,0.0007953498048283,0.00011362140068975715,0.2857142857142857,0.0
1,24391301,5,0,0,0,0.0001079269268583,2.158538537166e-05,0.0,0.0
1,24419530,1,1,0,0,1e-05,1e-05,1.0,0.0
1,24843272,3,0,0,0,0.00028889235957400004,9.629745319133334e-05,0.0,0.0
1,24942663,3,2,0,0,0.00037407745028379994,0.00012469248342793332,0.6666666666666666,0.0
1,24982960,1,1,0,0,0.000338928454063,0.000338928454063,1.0,0.0
1,24982961,2,0,0,0,0.000794409754169,0.0003972048770845,0.0,0.0
1,25064375,7,0,0,0,0.0003698224185406,5.283177407722857e-05,0.0,0.0
1,25102583,2,1,0,0,0.00011561017193130001,5.7805085965650003e-05,0.5,0.0
1,25119476,5,3,0,0,0.000547828589111,0.0001095657178222,0.6,0.0
1,25172774,1,0,0,0,2.7581381009e-05,2.7581381009e-05,0.0,0.0
1,25259856,2,1,0,0,0.00022136701363900001,0.00011068350681950001,0.5,0.0
1,25391297,2,0,0,0,0.00011255481897540001,5.6277409487700004e-05,0.0,0.0
1,25419531,20,7,0,0,0.0039419211973466,0.00019709605986733002,0.35,0.0
1,25675129,8,3,0,0,0.0014682136254314999,0.00018352670317893749,0.375,0.0
1,25866075,3,0,0,0,4.28255630667e-05,1.42751876889e-05,0.0,0.0
1,25866076,12,8,0,0,0.00140120172684,0.00011676681057,0.6666666666666666,0.0
1,25920690,11,6,0,0,0.002728303597141,0.0002480275997400909,0.5454545454545454,0.0
1,25998432,2,0,0,0,9.07142033034e-05,4.53571016517e-05,0.0,0.0
1,25998433,1,1,0,0,2.94117651441e-05,2.94117651441e-05,1.0,0.0
1,25998434,1,0,0,0,7.77690830464e-05,7.77690830464e-05,0.0,0.0
1,25998435,4,1,0,0,0.0010086340391818,0.00025215850979545,0.25,0.0
1,26091094,1,0,0,0,0.000295193315832,0.000295193315832,0.0,0.0
1,26091099,2,1,0,0,0.00014748258951909998,7.374129475954999e-05,0.5,0.0
1,26321366,27,12,2,0,0.004621815132436999,0.00017117833823840738,0.4444444444444444,0.0
1,26372320,1,0,0,0,0.000170770392168,0.000170770392168,0.0,0.0
1,26383493,3,0,0,0,6.47010955566e-05,2.15670318522e-05,0.0,0.0
1,26389107,4,0,0,0,0.0002926634605724,7.31658651431e-05,0.0,0.0
1,26389108,2,0,0,0,0.0008907671272745,0.00044538356363725,0.0,0.0
1,26491443,1,0,0,0,0.000181335497052,0.000181335497052,0.0,0.0
1,26614035,2,0,0,0,3.22599250319e-05,1.612996251595e-05,0.0,0.0
1,26729616,1,1,0,0,1.47058825721e-05,1.47058825721e-05,1.0,0.0
1,26750602,2,1,0,0,0.0002308900214892,0.0001154450107446,0.5,0.0
1,26852338,7,1,0,0,0.0009273348243481,0.0001324764034783,0.14285714285714285,0.0
1,26852339,24,4,1,0,0.0009649540317284,4.020641798868333e-05,0.16666666666666666,0.0
1,26891650,6,3,1,1,0.0004612854151303,7.688090252171667e-05,0.5,0.16666666666666666
1,26903589,1,0,0,0,0.000293984702626,0.000293984702626,0.0,0.0
1,26945970,2,2,0,0,0.0002501197882166,0.0001250598941083,1.0,0.0
1,26949221,2,2,0,0,4.7058824668999994e-05,2.3529412334499997e-05,1.0,0.0
1,26949222,2,1,0,0,4.5732587517e-05,2.28662937585e-05,0.5,0.0
1,26949223,1,1,0,0,0.00132580738131,0.00132580738131,1.0,0.0
1,26998428,2,1,0,0,0.0004033124422822,0.0002016562211411,0.5,0.0
1,26998433,2,0,0,0,6.556590690339999e-05,3.2782953451699997e-05,0.0,0.0
1,27009860,1,1,0,0,0.000108669680205,0.000108669680205,1.0,0.0
1,27091101,1,1,0,0,0.000423785965666,0.000423785965666,1.0,0.0
1,27091104,3,2,0,0,0.0006636187020290999,0.0002212062340097,0.6666666666666666,0.0
1,27118781,7,3,0,0,0.0034620610241179,0.0004945801463025572,0.42857142857142855,0.0
1,27321366,11,1,0,0,0.0027932314912133,0.00025393013556484546,0.09090909090909091,0.0
1,27323540,9,3,1,0,0.0004836778691748,5.374198546386667e-05,0.3333333333333333,0.0
1,27323541,4,2,0,0,0.0001055534318788,2.63883579697e-05,0.5,0.0
1,27385784,5,3,0,0,0.0002768615597475,5.53723119495e-05,0.6,0.0
1,27491436,2,0,0,0,2e-05,1e-05,0.0,0.0
1,27589150,1,1,0,0,0.000848727783516,0.000848727783516,1.0,0.0
1,27614018,1,0,0,0,6.61764688351e-05,6.61764688351e-05,0.0,0.0
1,27684173,5,3,0,0,0.000956254191854,0.00019125083837080002,0.6,0.0
1,27729624,4,0,0,0,0.00015749435104869998,3.9373587762174994e-05,0.0,0.0
1,27777499,3,2,0,0,0.000723023118618,0.00024100770620600001,0.6666666666666666,0.0
1,27872610,1,0,0,0,1.89656826266e-05,1.89656826266e-05,0.0,0.0
1,27888153,6,4,0,0,0.0003924149654009,6.540249423348333e-05,0.6666666666666666,0.0
1,27891651,4,1,1,0,0.0008117229191282001,0.00020293072978205001,0.25,0.0
1,27990027,1,0,0,0,1.47058825721e-05,1.47058825721e-05,0.0,0.0
1,28031695,1,0,0,0,2.569744473e-05,2.569744473e-05,0.0,0.0
1,28137208,5,1,0,0,0.0004125101033246,8.250202066492e-05,0.2,0.0
1,28351001,17,8,1,1,0.0096962618335308,0.0005703683431488706,0.47058823529411764,0.058823529411764705
1,28385762,3,1,0,0,0.0001739619321682,5.7987310722733336e-05,0.3333333333333333,0.0
1,28389117,3,1,0,0,0.00021190084297840003,7.063361432613334e-05,0.3333333333333333,0.0
1,28726401,2,0,0,0,2e-05,1e-05,0.0,0.0
1,28729609,2,1,1,0,0.0004456014407086,0.0002228007203543,0.5,0.0
1,28729624,3,1,0,0,0.000579225677742,0.000193075225914,0.3333333333333333,0.0
1,28739284,11,5,1,0,0.0041307423977826,0.00037552203616205457,0.45454545454545453,0.0
1,28752986,10,5,1,1,0.0033397595531142,0.00033397595531142,0.5,0.1
1,28795042,7,3,0,0,0.0013717088011582,0.00019595840016545715,0.42857142857142855,0.0
1,28795043,18,9,0,0,0.0019321399208216,0.00010734110671231111,0.5,0.0
1,28795047,1,0,0,0,0.000367647058824,0.000367647058824,0.0,0.0
1,28864844,1,1,0,0,0.00173232845883,0.00173232845883,1.0,0.0
1,28874676,2,1,0,0,0.0003640571824749,0.00018202859123745,0.5,0.0
1,28896342,2,0,0,0,0.00026044198341200004,0.00013022099170600002,0.0,0.0
1,29091102,1,0,0,0,2.0402205341e-05,2.0402205341e-05,0.0,0.0
1,29175063,2,0,0,0,0.000852741779692,0.000426370889846,0.0,0.0
1,29345613,1,0,0,0,1.11124094795e-05,1.11124094795e-05,0.0,0.0
1,29389116,4,0,0,0,0.0006536102056266001,0.00016340255140665001,0.0,0.0
1,29427842,20,9,1,1,0.0144659759319185,0.000723298796595925,0.45,0.05
1,29531983,3,0,0,0,3.27371214888e-05,1.09123738296e-05,0.0,0.0
1,29534051,3,0,0,0,0.000242644644441,8.0881548147e-05,0.0,0.0
1,29614010,1,1,0,0,0.000114919911413,0.000114919911413,1.0,0.0
1,29614011,6,2,0,0,0.0043372609210012,0.0007228768201668666,0.3333333333333333,0.0
1,29614012,1,1,0,0,0.000283086261169,0.000283086261169,1.0,0.0
1,29614013,2,2,0,0,0.0009419150511949,0.00047095752559745,1.0,0.0
1,29687343,4,1,0,0,0.0002337662136116,5.84415534029e-05,0.25,0.0
1,29862638,1,0,0,0,1e-05,1e-05,0.0,0.0
1,29874685,2,2,0,0,0.00018627737871519998,9.313868935759999e-05,1.0,0.0
1,29874686,1,0,0,0,0.00016552736755,0.00016552736755,0.0,0.0
1,29874688,3,1,0,0,0.0037933263823607,0.0012644421274535668,0.3333333333333333,0.0
1,29880998,3,1,0,0,0.000841919347538,0.00028063978251266665,0.3333333333333333,0.0
1,29903689,2,0,0,0,0.0001259542445336,6.29771222668e-05,0.0,0.0
1,30175073,2,1,0,0,0.0001440570854093,7.202854270465e-05,0.5,0.0
1,30368132,5,3,0,0,0.001839170851422,0.0003678341702844,0.6,0.0
1,30405203,22,16,10,4,0.0049708107692154,0.00022594594405524543,0.7272727272727273,0.18181818181818182
1,30427825,6,2,0,0,0.0002930737297753,4.8845621629216666e-05,0.3333333333333333,0.0
1,30471712,1,0,0,0,1e-05,1e-05,0.0,0.0
1,30491418,51,19,2,0,0.0289573180162384,0.0005677905493380078,0.37254901960784315,0.0
1,30501159,3,1,0,0,0.0001508039005976,5.0267966865866665e-05,0.3333333333333333,0.0
1,30534043,3,1,0,0,0.0002159106118976,7.197020396586667e-05,0.3333333333333333,0.0
1,30535894,5,3,0,0,0.004460319818742,0.0008920639637484001,0.6,0.0
1,30676243,2,1,0,0,0.001220975842544,0.000610487921272,0.5,0.0
1,30729721,2,1,0,0,0.0002360521300749,0.00011802606503745,0.5,0.0
1,30752994,13,5,0,0,0.0032469325520445,0.00024976404246496154,0.38461538461538464,0.0
1,30801593,110,45,8,3,0.0077988573322273005,7.089870302024819e-05,0.4090909090909091,0.02727272727272727
1,30810420,4,1,0,0,0.00014712033638319998,3.6780084095799996e-05,0.25,0.0
1,30848316,2,1,0,0,5.05622553037e-05,2.528112765185e-05,0.5,0.0
1,30881002,5,0,0,0,0.0002358823669661,4.717647339322e-05,0.0,0.0
1,31129938,1,0,0,0,9.41176449551e-05,9.41176449551e-05,0.0,0.0
1,31129939,5,2,0,0,0.002901365596831,0.0005802731193661999,0.4,0.0
1,31265168,2,0,0,0,0.0003642619625619,0.00018213098128095,0.0,0.0
1,31323522,2,0,0,0,6.29239397892e-05,3.14619698946e-05,0.0,0.0
1,31452108,2,0,0,0,7.3529413956e-05,3.6764706978e-05,0.0,0.0
1,31736975,11,1,0,0,0.0010440718253778001,9.491562048889092e-05,0.09090909090909091,0.0
1,31772643,13,8,4,4,0.009215579106785101,0.0007088907005219308,0.6153846153846154,0.3076923076923077
1,31775712,3,2,0,0,0.0022643350957594,0.0007547783652531334,0.6666666666666666,0.0
1,32009848,33,10,0,0,0.0025142098743221003,7.618817800976061e-05,0.30303030303030304,0.0
1,32135670,4,1,0,0,4.38905107537e-05,1.0972627688425e-05,0.25,0.0
1,32137193,3,1,0,0,0.0001610344406706,5.36781468902e-05,0.3333333333333333,0.0
1,32323516,24,5,0,0,0.0047833571010562,0.00019930654587734168,0.20833333333333334,0.0
1,32368241,12,7,1,0,0.0048510119220068,0.00040425099350056663,0.5833333333333334,0.0
1,32368244,92,42,18,12,0.0745423747304358,0.0008102432035916935,0.45652173913043476,0.13043478260869565
1,32398755,16,7,0,0,0.0072461458061627,0.00045288411288516874,0.4375,0.0
1,32398758,1,0,0,0,0.000181271994815,0.000181271994815,0.0,0.0
1,32452108,6,0,0,0,7.8054830879e-05,1.3009138479833332e-05,0.0,0.0
1,32452111,13,1,0,0,0.0013391993387411,0.00010301533374931538,0.07692307692307693,0.0
2,73322,3,1,0,0,0.0006960561471211,0.00023201871570703334,0.3333333333333333,0.0
2,73325,1,0,0,0,1.32352946436e-05,1.32352946436e-05,0.0,0.0
2,73327,1,1,1,1,0.00278968790491,0.00278968790491,1.0,1.0
2,73328,6,0,0,0,0.00013973502607920001,2.3289171013200003e-05,0.0,0.0
2,83677,7,0,0,0,0.0009250764711795,0.0001321537815970714,0.0,0.0
2,408759,5,4,0,0,0.00046790483925989996,9.358096785197999e-05,0.8,0.0
2,442617,4,0,0,0,0.0001995099804599,4.9877495114975e-05,0.0,0.0
2,497590,7,2,0,0,0.0001610523704375,2.3007481491071428e-05,0.2857142857142857,0.0
2,497593,64,27,2,2,0.003199884987778,4.999820293403125e-05,0.421875,0.03125
2,604244,6,2,0,0,0.0038086774046307,0.00063477956743845,0.3333333333333333,0.0
2,604249,2,0,0,0,3.7781021507400003e-05,1.8890510753700002e-05,0.0,0.0
2,690012,1,1,0,0,0.000163235296222,0.000163235296222,1.0,0.0
2,716288,6,0,0,0,0.00026254337584239996,4.375722930706666e-05,0.0,0.0
2,804100,4,0,0,0,0.0005368036385586,0.00013420090963965,0.0,0.0
2,828346,2,0,0,0,6.56948523487e-05,3.284742617435e-05,0.0,0.0
2,884761,6,4,0,0,0.0009611563418252,0.00016019272363753333,0.6666666666666666,0.0
2,946549,2,1,0,0,0.00033902785602069995,0.00016951392801034998,0.5,0.0
2,1130498,1,0,0,0,0.000367647058824,0.000367647058824,0.0,0.0
2,1313883,1,0,0,0,0.000612074541409,0.000612074541409,0.0,0.0
2,1341195,2,1,0,0,4.35896286191e-05,2.179481430955e-05,0.5,0.0
2,1341198,1,1,0,0,0.000140294152148,0.000140294152148,1.0,0.0
2,1428788,3,2,0,0,0.000280230147768,9.3410049256e-05,0.6666666666666666,0.0
2,1586481,4,1,0,0,0.0011475831448977,0.000286895786224425,0.25,0.0
2,1632450,1,0,0,0,0.000162697722721,0.000162697722721,0.0,0.0
2,1716282,2,0,0,0,0.0001688527355624,8.44263677812e-05,0.0,0.0
2,1869939,3,2,0,0,0.0001456556422574,4.855188075246667e-05,0.6666666666666666,0.0
2,1946547,1,0,0,0,4.41176488119e-05,4.41176488119e-05,0.0,0.0
2,2073328,3,1,1,0,0.0006616566588815,0.00022055221962716666,0.3333333333333333,0.0
2,2144729,1,0,0,0,2.35294112388e-05,2.35294112388e-05,0.0,0.0
2,2390251,47,16,5,5,0.0156044128922706,0.00033200878494192766,0.3404255319148936,0.10638297872340426
2,2407403,6,1,0,0,0.0010840842454256,0.0001806807075709333,0.16666666666666666,0.0
2,2462355,7,2,0,0,0.00029434752512000003,4.204964644571429e-05,0.2857142857142857,0.0
2,2576437,9,4,0,0,0.0007721875255863,8.579861395403333e-05,0.4444444444444444,0.0
2,2694554,5,2,0,0,0.0003454585118209,6.909170236417999e-05,0.4,0.0
2,2828357,2,0,0,0,0.0005720588214270001,0.00028602941071350003,0.0,0.0
2,2865314,13,4,2,1,0.0038610919038331,0.00029700706952562306,0.3076923076923077,0.07692307692307693
2,2865315,4,1,0,0,0.00047163721393199995,0.00011790930348299999,0.25,0.0
2,2869134,5,2,0,0,0.00042450672478130003,8.490134495626e-05,0.4,0.0
2,2946551,34,24,1,1,0.0103448735894801,0.0003042609879258853,0.7058823529411765,0.029411764705882353
2,2953716,2,2,0,0,0.000757146325953,0.0003785731629765,1.0,0.0
2,3073302,2,1,1,1,0.0001221247812756,6.10623906378e-05,0.5,0.5
2,3073303,1,0,0,0,1.16985291243e-05,1.16985291243e-05,0.0,0.0
2,3073304,1,0,0,0,1e-05,1e-05,0.0,0.0
2,3073305,3,1,0,0,8.250293589130001e-05,2.7500978630433337e-05,0.3333333333333333,0.0
2,3139444,1,1,0,0,0.000441176470588,0.000441176470588,1.0,0.0
2,3144706,3,0,0,0,0.0012722287098147999,0.0004240762366049333,0.0,0.0
2,3291800,10,2,0,0,0.0023809874638782,0.00023809874638782,0.2,0.0
2,3406182,1,0,0,0,6.66744481115e-05,6.66744481115e-05,0.0,0.0
2,3406183,1,0,0,0,0.000138029924514,0.000138029924514,0.0,0.0
2,3422224,1,1,0,0,0.000766286864226,0.000766286864226,1.0,0.0
2,3610770,9,4,0,0,0.0018336644813542,0.00020374049792824445,0.4444444444444444,0.0
2,3694556,2,1,0,0,0.0001766178274855,8.830891374275e-05,0.5,0.0
2,3694557,2,0,0,0,2.20704306295e-05,1.103521531475e-05,0.0,0.0
2,3788051,3,0,0,0,0.0002250398352142,7.501327840473333e-05,0.0,0.0
2,3828360,1,1,1,1,0.000690223958973,0.000690223958973,1.0,1.0
2,3877975,1,0,0,0,3.09734894861e-05,3.09734894861e-05,0.0,0.0
2,3884873,3,0,0,0,6.18592910762e-05,2.0619763692066668e-05,0.0,0.0
2,3892353,3,1,0,0,0.0016470808671346,0.0005490269557115333,0.3333333333333333,0.0
2,4293600,3,1,0,0,0.000216470103239,7.215670107966667e-05,0.3333333333333333,0.0
2,4406179,2,0,0,0,0.003889592372391,0.0019447961861955,0.0,0.0
2,4626334,1,1,0,0,2.75907731231e-05,2.75907731231e-05,1.0,0.0
2,4804073,1,1,0,0,6.61764688351e-05,6.61764688351e-05,1.0,0.0
2,4814007,14,8,0,0,0.0029849076032854,0.00021320768594895715,0.5714285714285714,0.0
2,4828346,8,2,0,0,0.0025539239564411004,0.00031924049455513755,0.25,0.0
2,4828354,1,0,0,0,0.00182980792438,0.00182980792438,0.0,0.0
2,4869922,6,3,1,0,0.0012435221573582,0.00020725369289303333,0.5,0.0
2,4869923,1,1,0,0,0.000324204302211,0.000324204302211,1.0,0.0
2,4913658,2,1,1,0,0.0001333488918403,6.667444592015e-05,0.5,0.0
2,5044698,4,1,0,0,0.0001554533534315,3.8863338357875e-05,0.25,0.0
2,5061834,27,9,0,0,0.0177037269343796,0.0006556935901622075,0.3333333333333333,0.0
2,5084322,3,1,0,0,0.0003280502976728,0.00010935009922426668,0.3333333333333333,0.0
2,5121533,1,0,0,0,0.000461164923275,0.000461164923275,0.0,0.0
2,5281156,23,8,1,0,0.0054135639450457,0.00023537234543676957,0.34782608695652173,0.0
2,5442463,2,0,0,0,2.04749728652e-05,1.02374864326e-05,0.0,0.0
2,5544859,14,5,3,2,0.0006904989133626,4.932135095447143e-05,0.35714285714285715,0.14285714285714285
2,5686703,3,1,0,0,0.0001967618780446,6.558729268153333e-05,0.3333333333333333,0.0
2,5700346,1,0,0,0,1.32436765467e-05,1.32436765467e-05,0.0,0.0
2,5781045,2,1,0,0,0.000575091026556,0.000287545513278,0.5,0.0
2,5867090,1,0,0,0,0.000103372865379,0.000103372865379,0.0,0.0
2,5871888,5,1,0,0,5e-05,1e-05,0.2,0.0
2,5892331,1,1,0,0,8.82825014746e-05,8.82825014746e-05,1.0,0.0
2,6121534,2,2,0,0,0.000265830194249,0.0001329150971245,1.0,0.0
2,6210424,6,4,0,0,0.0025761908978593,0.0004293651496432166,0.6666666666666666,0.0
2,6228543,1,1,0,0,0.000145588254227,0.000145588254227,1.0,0.0
2,6336377,6,3,0,0,0.0009269400662914,0.00015449001104856668,0.5,0.0
2,6442596,2,0,0,0,7.14647835669e-05,3.573239178345e-05,0.0,0.0
2,6686701,4,4,0,0,0.0044940706130214,0.00112351765325535,1.0,0.0
2,6686703,5,0,0,0,0.0013795184664218,0.00027590369328436,0.0,0.0
2,6686704,7,2,0,0,0.0046759365410683,0.0006679909344383285,0.2857142857142857,0.0
2,6697149,2,0,0,0,0.00052113791515,0.000260568957575,0.0,0.0
2,6697150,4,1,0,0,0.0036276172848159,0.000906904321203975,0.25,0.0
2,6781040,5,4,0,0,0.001536910358314,0.0003073820716628,0.8,0.0
2,6810192,2,2,2,0,0.0002049802638156,0.0001024901319078,1.0,0.0
2,6810200,6,3,0,0,0.0003404836489888,5.674727483146667e-05,0.5,0.0
2,6886817,22,8,3,2,0.0080379235115404,0.0003653601596154727,0.36363636363636365,0.09090909090909091
2,7061828,19,7,1,1,0.0081780173938651,0.0004304219680981631,0.3684210526315789,0.05263157894736842
2,7075386,1,1,0,0,0.000174390322735,0.000174390322735,1.0,0.0
2,7121544,37,7,0,0,0.0067348253736894004,0.0001820223073970108,0.1891891891891892,0.0
2,7144711,4,0,0,0,0.00034984532470159997,8.746133117539999e-05,0.0,0.0
2,7289590,14,4,0,0,0.0025940605018005,0.00018529003584289287,0.2857142857142857,0.0
2,7403871,2,0,0,0,8.34891348025e-05,4.174456740125e-05,0.0,0.0
2,7462178,1,0,0,0,0.000156852358782,0.000156852358782,0.0,0.0
2,7544834,1,0,0,0,1.80576621171e-05,1.80576621171e-05,0.0,0.0
2,7681481,1,0,0,0,1e-05,1e-05,0.0,0.0
2,7686710,7,4,0,0,0.0016268723113771,0.00023241033019672858,0.5714285714285714,0.0
2,7697146,4,1,0,0,0.0016146306288159998,0.00040365765720399996,0.25,0.0
2,7845418,1,1,0,0,0.000712307987079,0.000712307987079,1.0,0.0
2,7869916,1,0,0,0,0.000158490546464,0.000158490546464,0.0,0.0
2,8214946,6,1,0,0,0.0007914295218952,0.00013190492031586666,0.16666666666666666,0.0
2,8403848,20,7,1,1,0.0051977334969475,0.000259886674847375,0.35,0.05
2,8407229,2,0,0,0,0.00295733119032,0.00147866559516,0.0,0.0
2,8500299,2,1,1,0,0.001412095282019,0.0007060476410095,0.5,0.0
2,8710016,4,2,0,0,0.0015984727268341002,0.00039961818170852504,0.5,0.0
2,8867068,2,0,0,0,5.4452735824e-05,2.7226367912e-05,0.0,0.0
2,8892339,2,0,0,0,3.70278460456e-05,1.85139230228e-05,0.0,0.0
2,8892341,1,0,0,0,8.8899258305e-05,8.8899258305e-05,0.0,0.0
2,8904991,1,0,0,0,0.000837372656695,0.000837372656695,0.0,0.0
2,8980585,5,3,1,1,0.0005702137890999,0.00011404275781997999,0.6,0.2
2,9013587,2,1,0,0,0.000417712842496,0.000208856421248,0.5,0.0
2,9095251,14,10,2,2,0.0412262548988584,0.0029447324927756,0.7142857142857143,0.14285714285714285
2,9097334,2,0,0,0,2e-05,1e-05,0.0,0.0
2,9097339,2,1,0,0,0.0001425761525842,7.12880762921e-05,0.5,0.0
2,9097340,2,2,0,0,0.00078901435563,0.000394507177815,1.0,0.0
2,9100689,8,1,0,0,0.0014988830313309,0.0001873603789163625,0.125,0.0
2,9100690,10,5,4,2,0.0018857615561775,0.00018857615561775,0.5,0.2
2,9100691,8,3,2,2,0.001223477164083,0.000152934645510375,0.375,0.25
2,9100692,5,0,0,0,0.0008381603107308,0.00016763206214616001,0.0,0.0
2,9100693,12,6,3,3,0.0044822599490741,0.0003735216624228417,0.5,0.25
2,9106406,6,0,0,0,0.0010897534401003999,0.00018162557335006665,0.0,0.0
2,9106407,7,0,0,0,0.0001680920188266,2.4013145546657143e-05,0.0,0.0
2,9810200,10,7,1,0,0.0007232540073014,7.232540073014e-05,0.7,0.0
2,10013589,1,0,0,0,1.91176463576e-05,1.91176463576e-05,0.0,0.0
2,10123946,1,0,0,0,0.00012222035024,0.00012222035024,0.0,0.0
2,10341182,232,103,17,13,0.048741815713411,0.0002100940332474612,0.44396551724137934,0.05603448275862069
2,10462151,1,0,0,0,0.000212104075096,0.000212104075096,0.0,0.0
2,10474106,4,2,0,0,0.0008247729557616,0.0002061932389404,0.5,0.0
2,10491643,2,2,0,0,0.00033989673360700003,0.00016994836680350002,1.0,0.0
2,10686810,1,0,0,0,0.000201412404285,0.000201412404285,0.0,0.0
2,10960760,7,2,0,0,0.0008144609556314,0.0001163515650902,0.2857142857142857,0.0
2,11289564,2,0,0,0,0.000600702671414,0.000300351335707,0.0,0.0
2,11321105,5,0,0,0,0.0004498315140335,8.99663028067e-05,0.0,0.0
2,11387831,1,0,0,0,1.12776639577e-05,1.12776639577e-05,0.0,0.0
2,11500306,11,6,0,0,0.0015763885644244,0.0001433080513113091,0.5454545454545454,0.0
2,11746439,1,0,0,0,1.91373568717e-05,1.91373568717e-05,0.0,0.0
2,11772330,9,4,0,0,0.0006470118466465,7.189020518294445e-05,0.4444444444444444,0.0
2,11803618,23,0,0,0,0.0016974281937743,7.380122581627392e-05,0.0,0.0
2,11843320,10,4,0,0,0.0012853095981736,0.00012853095981736,0.4,0.0
2,11938638,8,1,0,0,0.00168157617589,0.00021019702198625,0.125,0.0
2,11959615,1,1,0,0,5.74873053403e-05,5.74873053403e-05,1.0,0.0
2,12089529,4,3,0,0,0.0005718143005308,0.0001429535751327,0.75,0.0
2,12121528,1,0,0,0,0.000303612711547,0.000303612711547,0.0,0.0
2,12288258,3,0,0,0,0.000447013689314,0.00014900456310466665,0.0,0.0
2,12289574,5,1,0,0,0.0008019134424184,0.00016038268848368,0.2,0.0
2,12321091,1,0,0,0,9.86226165996e-05,9.86226165996e-05,0.0,0.0
2,12351511,1,0,0,0,0.000365302602886,0.000365302602886,0.0,0.0
2,12407222,2,1,0,0,0.00023226673865379998,0.00011613336932689999,0.5,0.0
2,12654888,1,1,0,0,1.32352946436e-05,1.32352946436e-05,1.0,0.0
2,12700454,7,4,0,0,0.0014507730116753,0.00020725328738218572,0.5714285714285714,0.0
2,12765785,2,2,0,0,0.001000538254494,0.000500269127247,1.0,0.0
2,12843317,2,1,0,0,0.0003875870420437,0.00019379352102185,0.5,0.0
2,12843318,12,7,0,0,0.006476072826376101,0.0005396727355313417,0.5833333333333334,0.0
2,12843319,2,2,0,0,0.0031291837204859996,0.0015645918602429998,1.0,0.0
2,12845408,1,0,0,0,1e-05,1e-05,0.0,0.0
2,12947794,6,0,0,0,0.0001371177764891,2.2852962748183334e-05,0.0,0.0
2,13104554,1,0,0,0,1.49295522887e-05,1.49295522887e-05,0.0,0.0
2,13166099,5,2,0,0,0.0005881757207247,0.00011763514414494,0.4,0.0
2,13289562,6,5,0,0,0.0009571000254218,0.00015951667090363333,0.8333333333333334,0.0
2,13300118,1,1,0,0,2.22248145763e-05,2.22248145763e-05,1.0,0.0
2,13300124,1,0,0,0,5.61410276329e-05,5.61410276329e-05,0.0,0.0
2,13422843,7,1,0,0,7.85234947038e-05,1.1217642100542857e-05,0.14285714285714285,0.0
2,13445189,2,1,0,0,0.000235749962471,0.0001178749812355,0.5,0.0
2,13462155,2,0,0,0,8.97058800739e-05,4.485294003695e-05,0.0,0.0
2,13462158,6,2,0,0,0.0109909935434501,0.0018318322572416833,0.3333333333333333,0.0
2,13576407,2,0,0,0,5.3380631137799995e-05,2.6690315568899998e-05,0.0,0.0
2,13576413,2,0,0,0,5.53961115133e-05,2.769805575665e-05,0.0,0.0
2,13661597,8,3,0,0,0.0012743888606907999,0.00015929860758634998,0.375,0.0
2,13661605,6,1,0,0,0.0003711026471411,6.185044119018333e-05,0.16666666666666666,0.0
2,13661607,1,0,0,0,1.72310289653e-05,1.72310289653e-05,0.0,0.0
2,13661608,2,1,0,0,0.0002104095861991,0.00010520479309955,0.5,0.0
2,13770704,2,1,0,0,0.000301573616754,0.000150786808377,0.5,0.0
2,13823055,1,0,0,0,1.75000004032e-05,1.75000004032e-05,0.0,0.0
2,13947793,3,0,0,0,0.0001191176474092,3.9705882469733335e-05,0.0,0.0
2,13947795,6,1,0,0,0.001270040297005,0.0002116733828341667,0.16666666666666666,0.0
2,14102485,3,1,0,0,0.0015922503432176,0.0005307501144058667,0.3333333333333333,0.0
2,14104562,4,1,0,0,0.0009974405404292,0.0002493601351073,0.25,0.0
2,14106399,1,1,1,1,0.000570944770479,0.000570944770479,1.0,1.0
2,14121532,13,5,0,0,0.0043065816313945,0.00033127551010726927,0.38461538461538464,0.0
2,14235907,3,1,0,0,0.0007468882531811,0.00024896275106036666,0.3333333333333333,0.0
2,14257845,1,1,1,0,2.79873113586e-05,2.79873113586e-05,1.0,0.0
2,14289571,7,4,1,1,0.0009783823311881,0.00013976890445544285,0.5714285714285714,0.14285714285714285
2,14398567,1,1,0,0,1e-05,1e-05,1.0,0.0
2,14445192,5,2,0,0,0.0003399391423254,6.798782846508e-05,0.4,0.0
2,14576401,2,0,0,0,4.1267743136800004e-05,2.0633871568400002e-05,0.0,0.0
2,14661605,9,1,0,0,0.0016047587141114,0.00017830652379015555,0.1111111111111111,0.0
2,15073876,11,4,0,0,0.00047560176420239996,4.32365240184e-05,0.36363636363636365,0.0
2,15184511,22,8,1,1,0.027865383061236797,0.001266608320965309,0.36363636363636365,0.045454545454545456
2,15398570,100,37,10,6,0.026172279085227,0.00026172279085227,0.37,0.06
2,15491650,1,1,0,0,0.00404713003958,0.00404713003958,1.0,0.0
2,15568932,13,3,1,0,0.0012958574249206,9.96813403785077e-05,0.23076923076923078,0.0
2,15574227,1,0,0,0,1e-05,1e-05,0.0,0.0
2,15654890,1,0,0,0,0.000167721050389,0.000167721050389,0.0,0.0
2,15654897,6,1,0,0,0.0006435223087376,0.00010725371812293334,0.16666666666666666,0.0
2,15661602,1,0,0,0,0.000185087025166,0.000185087025166,0.0,0.0
2,15743382,7,1,1,1,0.0023285785580575,0.00033265407972249997,0.14285714285714285,0.14285714285714285
2,15746419,3,2,0,0,0.0003731251130559,0.0001243750376853,0.6666666666666666,0.0
2,15823034,1,1,0,0,0.00342418793787,0.00342418793787,1.0,0.0
2,15959625,4,1,0,0,0.001106473919396,0.000276618479849,0.25,0.0
2,16184517,10,1,1,1,0.0001123264706222,1.1232647062220001e-05,0.1,0.1
2,16321090,1,1,0,0,0.000110736533123,0.000110736533123,1.0,0.0
2,16491630,1,0,0,0,3.61153242343e-05,3.61153242343e-05,0.0,0.0
2,16506604,6,3,0,0,0.0024151427919239,0.00040252379865398334,0.5,0.0
2,16823030,4,0,0,0,0.0007273950554151,0.000181848763853775,0.0,0.0
2,16920604,1,1,0,0,1.68075171463e-05,1.68075171463e-05,1.0,0.0
2,16922675,3,0,0,0,0.0001087711479438,3.62570493146e-05,0.0,0.0
2,17132183,2,0,0,0,2e-05,1e-05,0.0,0.0
2,17288254,14,4,0,0,0.0016822726173224,0.00012016232980874286,0.2857142857142857,0.0
2,17288262,1,1,0,0,0.000301446042133,0.000301446042133,1.0,0.0
2,17314986,1,0,0,0,0.000240389511927,0.000240389511927,0.0,0.0
2,17314989,2,1,1,0,0.0002948032826151,0.00014740164130755,0.5,0.0
2,17321082,4,0,0,0,0.020120245734992,0.005030061433748,0.0,0.0
2,17661707,2,0,0,0,6.55620430147e-05,3.278102150735e-05,0.0,0.0
2,17661709,1,0,0,0,3.72265673735e-05,3.72265673735e-05,0.0,0.0
2,17661711,1,0,0,0,7.48682635672e-05,7.48682635672e-05,0.0,0.0
2,17686799,37,13,2,2,0.0077031808797714,0.00020819407783165947,0.35135135135135137,0.05405405405405406
2,17710659,3,1,1,1,0.0008196386909307,0.00027321289697690004,0.3333333333333333,0.3333333333333333
2,17710664,8,2,1,1,0.0030633263594692,0.00038291579493365,0.25,0.125
2,17916128,2,0,0,0,0.000260544406556,0.000130272203278,0.0,0.0
2,18091420,4,2,2,2,0.0005833705122743,0.000145842628068575,0.5,0.5
2,18095238,8,2,0,0,0.0079125250720938,0.000989065634011725,0.25,0.0
2,18436526,14,5,0,0,0.0005602352025129999,4.0016800179499996e-05,0.35714285714285715,0.0
2,18443077,2,0,0,0,2e-05,1e-05,0.0,0.0
2,18498193,8,2,0,0,0.0057882409608367,0.0007235301201045875,0.25,0.0
2,18498853,15,2,0,0,0.0010608909670061,7.072606446707334e-05,0.13333333333333333,0.0
2,18836888,1,1,0,0,0.000350496760941,0.000350496760941,1.0,0.0
2,18916125,1,0,0,0,7.05882337163e-05,7.05882337163e-05,0.0,0.0
2,18975813,7,3,1,1,0.0012843406521068001,0.00018347723601525715,0.42857142857142855,0.14285714285714285
2,18975823,29,15,0,0,0.002770960492084,9.5550361796e-05,0.5172413793103449,0.0
2,19129839,8,2,0,0,0.011132249893248,0.001391531236656,0.25,0.0
2,19129845,1,0,0,0,7.76568667841e-05,7.76568667841e-05,0.0,0.0
2,19602309,28,9,1,1,0.0048656476091464,0.0001737731288980857,0.32142857142857145,0.03571428571428571
2,19661713,1,0,0,0,1.02941176909e-05,1.02941176909e-05,0.0,0.0
2,19860994,1,1,1,0,0.00285555030585,0.00285555030585,1.0,0.0
2,20377297,3,2,0,0,0.0005174269974752001,0.0001724756658250667,0.6666666666666666,0.0
2,20458055,3,0,0,0,9.352941176469999e-05,3.117647058823333e-05,0.0,0.0
2,20530187,1,0,0,0,3.67728666715e-05,3.67728666715e-05,0.0,0.0
2,20695010,6,1,1,0,0.0001539902041103,2.5665034018383334e-05,0.16666666666666666,0.0
2,20730227,2,1,0,0,0.000562017828596,0.000281008914298,0.5,0.0
2,20817326,10,5,0,0,0.000941114382051,9.411143820510001e-05,0.5,0.0
2,20898399,2,0,0,0,0.0009593594674766,0.0004796797337383,0.0,0.0
2,20898401,1,0,0,0,5.97941875457e-05,5.97941875457e-05,0.0,0.0
2,20922679,1,0,0,0,0.000170303618207,0.000170303618207,0.0,0.0
2,20938751,2,1,1,0,0.0011574607913347,0.00057873039566735,0.5,0.0
2,21016759,3,1,0,0,0.00030191433317680003,0.00010063811105893334,0.3333333333333333,0.0
2,21257831,5,0,0,0,0.0008615725270354,0.00017231450540708,0.0,0.0
2,21294794,11,4,2,2,0.005759179073518,0.0005235617339561818,0.36363636363636365,0.18181818181818182
2,21307468,2,2,0,0,0.0005251808450730001,0.00026259042253650003,1.0,0.0
2,21640043,2,1,0,0,0.0001759447039472,8.79723519736e-05,0.5,0.0
2,21658041,1,0,0,0,0.000248205995036,0.000248205995036,0.0,0.0
2,21830168,2,1,0,0,0.00035379802276700004,0.00017689901138350002,0.5,0.0
2,22274902,1,0,0,0,1e-05,1e-05,0.0,0.0
2,22296560,1,1,0,0,0.00218718338786,0.00218718338786,1.0,0.0
2,22391321,1,0,0,0,1.82036891141e-05,1.82036891141e-05,0.0,0.0
2,22431924,3,1,0,0,0.00030103723087100004,0.00010034574362366667,0.3333333333333333,0.0
2,22451482,3,2,0,0,0.0005362610400889999,0.00017875368002966664,0.6666666666666666,0.0
2,22589171,6,0,0,0,0.0005701461574944,9.50243595824e-05,0.0,0.0
2,22695010,2,0,0,0,2e-05,1e-05,0.0,0.0
2,22723823,10,4,0,0,0.0010802179714351,0.00010802179714351,0.4,0.0
2,22891661,2,1,0,0,0.000359888284411,0.0001799441422055,0.5,0.0
2,22891673,2,1,1,0,0.0026959179012799998,0.0013479589506399999,0.5,0.0
2,23254639,3,0,0,0,0.0003598075464231,0.0001199358488077,0.0,0.0
2,23330020,2,0,0,0,3.9457799319e-05,1.97288996595e-05,0.0,0.0
2,23530192,2,1,0,0,0.0007371725799402999,0.00036858628997014995,0.5,0.0
2,23644447,1,1,0,0,0.00011911766494,0.00011911766494,1.0,0.0
2,23695013,4,1,0,0,0.0008062748194829,0.000201568704870725,0.25,0.0
2,23817046,22,9,4,2,0.0030123897895198,0.00013692680861453636,0.4090909090909091,0.09090909090909091
2,23852329,8,4,1,0,0.0015944893730301,0.0001993111716287625,0.5,0.0
2,23852343,2,0,0,0,0.001461012856823,0.0007305064284115,0.0,0.0
2,23852344,1,1,0,0,0.000549468606629,0.000549468606629,1.0,0.0
2,24097956,1,0,0,0,1e-05,1e-05,0.0,0.0
2,24119481,6,1,0,0,0.0003655010183748,6.09168363958e-05,0.16666666666666666,0.0
2,24126625,2,2,0,0,0.0001531162485476,7.65581242738e-05,1.0,0.0
2,24267774,2,0,0,0,0.000125334990985,6.26674954925e-05,0.0,0.0
2,24316983,2,0,0,0,4.97880024769e-05,2.489400123845e-05,0.0,0.0
2,24321351,3,0,0,0,7.29605898829e-05,2.4320196627633335e-05,0.0,0.0
2,24378636,44,8,0,0,0.0080409527961659,0.00018274892718558863,0.18181818181818182,0.0
2,24389111,12,3,0,0,0.0034985632098131,0.00029154693415109166,0.25,0.0
2,24391301,3,2,0,0,0.000219882868563,7.3294289521e-05,0.6666666666666666,0.0
2,24419530,2,0,0,0,0.000112097626512,5.6048813256e-05,0.0,0.0
2,24843272,1,1,1,1,0.000386128401846,0.000386128401846,1.0,1.0
2,24942663,1,0,0,0,0.000121823943713,0.000121823943713,0.0,0.0
2,24982960,4,2,0,0,0.0003997392069111,9.9934801727775e-05,0.5,0.0
2,24982961,6,4,0,0,0.0004070472037004,6.784120061673333e-05,0.6666666666666666,0.0
2,25064375,3,0,0,0,0.0003478130602362,0.0001159376867454,0.0,0.0
2,25119476,3,2,0,0,0.0015199707448467002,0.0005066569149489,0.6666666666666666,0.0
2,25172774,3,1,0,0,9.71604828975e-05,3.23868276325e-05,0.3333333333333333,0.0
2,25419531,37,14,1,1,0.0050653758060495,0.00013690204881214866,0.3783783783783784,0.02702702702702703
2,25675129,8,3,0,0,0.0007303396565534,9.1292457069175e-05,0.375,0.0
2,25866075,10,4,1,1,0.0003765571318802,3.765571318802e-05,0.4,0.1
2,25866076,8,4,0,0,0.0020421203389908,0.00025526504237385,0.5,0.0
2,25920690,13,9,1,0,0.0050006568519439,0.0003846659116879923,0.6923076923076923,0.0
2,25998432,2,0,0,0,8.61346084204e-05,4.30673042102e-05,0.0,0.0
2,25998435,2,0,0,0,4.5468682657099996e-05,2.2734341328549998e-05,0.0,0.0
2,26091094,4,2,0,0,0.004055128202655,0.00101378205066375,0.5,0.0
2,26091099,2,1,0,0,0.0017990071970789999,0.0008995035985394999,0.5,0.0
2,26321366,28,12,0,0,0.0034814513564595,0.00012433754844498214,0.42857142857142855,0.0
2,26383493,6,1,0,0,0.0001769780959174,2.9496349319566667e-05,0.16666666666666666,0.0
2,26389107,9,2,0,0,0.002995457725861,0.0003328286362067778,0.2222222222222222,0.0
2,26389108,1,0,0,0,0.000104178821339,0.000104178821339,0.0,0.0
2,26534046,1,0,0,0,0.000197245233199,0.000197245233199,0.0,0.0
2,26614024,2,1,0,0,0.0009432866292839999,0.00047164331464199995,0.5,0.0
2,26750599,2,1,0,0,0.0003068654272629,0.00015343271363145,0.5,0.0
2,26852338,5,0,0,0,0.0001145701860943,2.291403721886e-05,0.0,0.0
2,26852339,14,1,0,0,0.0004594155253676,3.281539466911428e-05,0.07142857142857142,0.0
2,26891650,4,0,0,0,0.0011787445255218,0.00029468613138045,0.0,0.0
2,26945970,4,2,0,0,0.0002744282414082,6.860706035205e-05,0.5,0.0
2,26949221,1,1,0,0,0.000105912962734,0.000105912962734,1.0,0.0
2,26949222,1,0,0,0,4.41176488119e-05,4.41176488119e-05,0.0,0.0
2,26949223,1,1,0,0,2.05882353818e-05,2.05882353818e-05,1.0,0.0
2,26998428,5,0,0,0,0.0030690166046107997,0.0006138033209221599,0.0,0.0
2,26998432,1,1,0,0,3.6891387666e-05,3.6891387666e-05,1.0,0.0
2,26998435,1,0,0,0,1e-05,1e-05,0.0,0.0
2,27009843,1,0,0,0,1e-05,1e-05,0.0,0.0
2,27009860,1,1,0,0,0.000308784947676,0.000308784947676,1.0,0.0
2,27031690,1,1,0,0,0.000158874036436,0.000158874036436,1.0,0.0
2,27091104,2,1,0,0,0.000822296803154,0.000411148401577,0.5,0.0
2,27118781,11,7,1,1,0.0047782467121300996,0.00043438606473909997,0.6363636363636364,0.09090909090909091
2,27321366,10,3,0,0,0.002180197854159,0.0002180197854159,0.3,0.0
2,27323540,8,2,0,0,0.0007434338997146,9.2929237464325e-05,0.25,0.0
2,27323541,10,6,1,0,0.0007873647279087,7.873647279087e-05,0.6,0.0
2,27385784,4,1,0,0,0.0001977981583905,4.9449539597625e-05,0.25,0.0
2,27589150,1,0,0,0,9.58114798839e-05,9.58114798839e-05,0.0,0.0
2,27729624,2,1,1,0,0.000873301955851,0.0004366509779255,0.5,0.0
2,27777499,1,0,0,0,0.000222150503729,0.000222150503729,0.0,0.0
2,27872610,1,0,0,0,3.17982934853e-05,3.17982934853e-05,0.0,0.0
2,27888153,2,0,0,0,0.000279411761199,0.0001397058805995,0.0,0.0
2,27990027,1,0,0,0,1e-05,1e-05,0.0,0.0
2,28137208,2,1,0,0,0.0001865983184005,9.329915920025e-05,0.5,0.0
2,28351001,22,9,3,2,0.005241115236308901,0.00023823251074131367,0.4090909090909091,0.09090909090909091
2,28385762,3,3,0,0,0.000815889970103,0.00027196332336766664,1.0,0.0
2,28389117,3,2,0,0,0.0005914678182701,0.00019715593942336667,0.6666666666666666,0.0
2,28729624,1,1,0,0,0.000173128527753,0.000173128527753,1.0,0.0
2,28739284,6,3,0,0,0.0018906986151664,0.00031511643586106664,0.5,0.0
2,28752986,2,2,0,0,3.52970368284e-05,1.76485184142e-05,1.0,0.0
2,28795042,9,5,0,0,0.0021393988387198,0.00023771098207997778,0.5555555555555556,0.0
2,28795043,43,15,0,0,0.014447852278409399,0.00033599656461417207,0.3488372093023256,0.0
2,28864844,2,1,0,0,0.002562956842871,0.0012814784214355,0.5,0.0
2,28874676,6,3,0,0,0.0003333631442746,5.556052404576667e-05,0.5,0.0
2,28896342,2,0,0,0,0.0001187895864275,5.939479321375e-05,0.0,0.0
2,28920697,2,1,0,0,0.000614404612779,0.0003072023063895,0.5,0.0
2,29091102,1,0,0,0,1e-05,1e-05,0.0,0.0
2,29175063,1,1,0,0,0.000479572532253,0.000479572532253,1.0,0.0
2,29345613,1,0,0,0,0.00100551623662,0.00100551623662,0.0,0.0
2,29389116,1,1,0,0,8.19323431043e-05,8.19323431043e-05,1.0,0.0
2,29427842,21,4,0,0,0.012436731586789599,0.0005922253136566476,0.19047619047619047,0.0
2,29513908,1,0,0,0,0.000208357642678,0.000208357642678,0.0,0.0
2,29513913,1,0,0,0,0.000277810201925,0.000277810201925,0.0,0.0
2,29513914,1,1,0,0,0.00217302725918,0.00217302725918,1.0,0.0
2,29531970,4,3,2,2,0.0005445080075179,0.000136127001879475,0.75,0.5
2,29531983,2,0,0,0,4.73224895192e-05,2.36612447596e-05,0.0,0.0
2,29534051,1,1,0,0,3.67647058824e-05,3.67647058824e-05,1.0,0.0
2,29614011,4,0,0,0,0.0006902648332508999,0.00017256620831272498,0.0,0.0
2,29614012,3,0,0,0,0.0003418726926206,0.00011395756420686666,0.0,0.0
2,29614013,4,0,0,0,0.0005311258200561999,0.00013278145501404999,0.0,0.0
2,29687342,1,0,0,0,1e-05,1e-05,0.0,0.0
2,30368132,3,1,0,0,0.0004915793141455,0.00016385977138183333,0.3333333333333333,0.0
2,30405203,8,6,5,5,0.0018544343242441,0.0002318042905305125,0.75,0.625
2,30427825,1,0,0,0,8.80362882142e-05,8.80362882142e-05,0.0,0.0
2,30491418,23,11,1,1,0.0111015326615292,0.00048267533310996524,0.4782608695652174,0.043478260869565216
2,30501159,2,1,0,0,0.000523088247356,0.000261544123678,0.5,0.0
2,30535894,1,1,0,0,0.000621155169152,0.000621155169152,1.0,0.0
2,30676243,2,0,0,0,0.000134861381483,6.74306907415e-05,0.0,0.0
2,30752994,12,6,0,0,0.000697096809977,5.8091400831416666e-05,0.5,0.0
2,30801593,95,45,7,5,0.0055867328568854,5.880771428300421e-05,0.47368421052631576,0.05263157894736842
2,30848316,2,0,0,0,0.0001679552302642,8.39776151321e-05,0.0,0.0
2,30881002,2,1,0,0,3.35294112388e-05,1.67647056194e-05,0.5,0.0
2,31129938,2,0,0,0,0.000643684616608,0.000321842308304,0.0,0.0
2,31452108,1,0,0,0,1.94467143978e-05,1.94467143978e-05,0.0,0.0
2,31736975,10,5,0,0,0.0016527256738069,0.00016527256738069,0.5,0.0
2,31772643,22,8,1,1,0.0019453715743078,8.842598065035455e-05,0.36363636363636365,0.045454545454545456
2,31775712,3,1,0,0,0.0002447968573511,8.159895245036666e-05,0.3333333333333333,0.0
2,32009848,52,13,1,0,0.0100354959366487,0.00019299030647401347,0.25,0.0
2,32135670,2,1,0,0,0.000118768796735,5.93843983675e-05,0.5,0.0
2,32321347,1,1,0,0,1.09670300256e-05,1.09670300256e-05,1.0,0.0
2,32323516,6,1,0,0,0.0004788329840581,7.980549734301666e-05,0.16666666666666666,0.0
2,32368241,7,1,1,0,0.0006703978353415,9.577111933449999e-05,0.14285714285714285,0.0
2,32368244,71,42,26,12,0.0686481512986277,0.000966875370403207,0.5915492957746479,0.16901408450704225
2,32385772,1,0,0,0,0.000389705896378,0.000389705896378,0.0,0.0
2,32398755,22,1,0,0,0.0036936365031664995,0.00016789256832574998,0.045454545454545456,0.0
2,32452111,9,4,0,0,0.0010561432046903,0.00011734924496558887,0.4444444444444444,0.0
3,73325,6,1,1,1,0.00029694549122649997,4.949091520441666e-05,0.16666666666666666,0.16666666666666666
3,73327,9,1,1,0,0.0011884588907128,0.0001320509878569778,0.1111111111111111,0.0
3,73328,10,3,0,0,0.0003768311758742,3.7683117587420003e-05,0.3,0.0
3,83677,2,0,0,0,0.0001849451065689,9.247255328445e-05,0.0,0.0
3,408759,23,6,4,4,0.0100039093026971,0.0004349525783781348,0.2608695652173913,0.17391304347826086
3,442617,3,1,0,0,0.0017720983859999,0.0005906994619999667,0.3333333333333333,0.0
3,497590,13,4,0,0,0.0003834923219456,2.949940938043077e-05,0.3076923076923077,0.0
3,497593,37,17,2,2,0.0024442410639385,6.606056929563514e-05,0.4594594594594595,0.05405405405405406
3,604244,7,4,0,0,0.0002812902068666,4.018431526665714e-05,0.5714285714285714,0.0
3,604249,1,0,0,0,2.08357655826e-05,2.08357655826e-05,0.0,0.0
3,690012,3,2,0,0,0.001039963596884,0.0003466545322946667,0.6666666666666666,0.0
3,716288,9,1,0,0,0.0007504609287541,8.338454763934445e-05,0.1111111111111111,0.0
3,787943,8,4,0,0,0.001190687782728,0.000148835972841,0.5,0.0
3,804100,3,1,0,0,0.0005894810633553999,0.0001964936877851333,0.3333333333333333,0.0
3,828346,5,2,0,0,0.0009858037585092,0.00019716075170184,0.4,0.0
3,884761,6,2,0,0,0.0017300729385126,0.0002883454897521,0.3333333333333333,0.0
3,946549,2,1,0,0,0.00010340161772519999,5.1700808862599997e-05,0.5,0.0
3,1130498,1,0,0,0,0.000161212308871,0.000161212308871,0.0,0.0
3,1341195,1,1,0,0,0.000687024663476,0.000687024663476,1.0,0.0
3,1415896,2,2,0,0,0.00019212035977879998,9.606017988939999e-05,1.0,0.0
3,1428788,4,1,0,0,0.00021922159502640003,5.4805398756600007e-05,0.25,0.0
3,1586481,5,0,0,0,0.0004466493656691,8.932987313382e-05,0.0,0.0
3,1632450,1,0,0,0,0.000201738448014,0.000201738448014,0.0,0.0
3,1632451,1,1,0,0,0.000117647060577,0.000117647060577,1.0,0.0
3,1716282,1,0,0,0,1e-05,1e-05,0.0,0.0
3,1869939,2,1,0,0,0.001170652863541,0.0005853264317705,0.5,0.0
3,1871873,2,1,0,0,9.08696963166e-05,4.54348481583e-05,0.5,0.0
3,2073328,4,0,0,0,0.0001080711978067,2.7017799451675e-05,0.0,0.0
3,2144729,5,2,1,1,0.0002235827139991,4.471654279982e-05,0.4,0.2
3,2390251,34,8,0,0,0.0035244233846819,0.00010365951131417353,0.23529411764705882,0.0
3,2407403,5,1,0,0,0.0005559278026927,0.00011118556053854,0.2,0.0
3,2462355,6,3,1,0,0.0007724267260823,0.00012873778768038332,0.5,0.0
3,2576437,35,22,0,0,0.0037667654432112,0.00010762186980603429,0.6285714285714286,0.0
3,2694554,4,3,0,0,0.0001612425674402,4.031064186005e-05,0.75,0.0
3,2828357,3,2,0,0,0.0013431761185801,0.0004477253728600333,0.6666666666666666,0.0
3,2865314,9,2,0,0,0.0022637686198081998,0.0002515298466453555,0.2222222222222222,0.0
3,2865315,4,1,0,0,0.0006375740730542,0.00015939351826355,0.25,0.0
3,2869134,3,3,1,1,0.00017976752051340002,5.992250683780001e-05,1.0,0.3333333333333333
3,2946551,4,3,0,0,0.0014465571448782,0.00036163928621955,0.75,0.0
3,2953712,1,0,0,0,1.94467143978e-05,1.94467143978e-05,0.0,0.0
3,2953716,7,1,0,0,9.36312544495e-05,1.3375893492785714e-05,0.14285714285714285,0.0
3,3073302,5,2,2,1,0.0002042107153492,4.0842143069840005e-05,0.4,0.2
3,3073304,2,2,1,1,5.3629000697000005e-05,2.6814500348500002e-05,1.0,0.5
3,3073305,4,2,2,2,0.00044984661209120005,0.00011246165302280001,0.5,0.5
3,3144706,5,1,0,0,0.0008392813182688001,0.00016785626365376,0.2,0.0
3,3291800,3,2,0,0,0.001489943303714,0.0004966477679046666,0.6666666666666666,0.0
3,3313894,1,0,0,0,1.7755134579e-05,1.7755134579e-05,0.0,0.0
3,3406182,1,0,0,0,0.000140294152148,0.000140294152148,0.0,0.0
3,3406183,1,0,0,0,1e-05,1e-05,0.0,0.0
3,3422224,2,1,0,0,4.18436757345e-05,2.092183786725e-05,0.5,0.0
3,3610770,8,3,0,0,0.0008466755239011,0.0001058344404876375,0.375,0.0
3,3694556,4,0,0,0,0.00012776132212959998,3.1940330532399996e-05,0.0,0.0
3,3788051,1,1,0,0,0.000406449820146,0.000406449820146,1.0,0.0
3,3828354,6,2,1,0,0.002692399114746,0.000448733185791,0.3333333333333333,0.0
3,3828360,1,0,0,0,6.13960536087e-05,6.13960536087e-05,0.0,0.0
3,3877975,3,3,0,0,9.453103267869999e-05,3.151034422623333e-05,1.0,0.0
3,3884873,2,0,0,0,2e-05,1e-05,0.0,0.0
3,3892353,3,1,1,0,0.000349925559051,0.000116641853017,0.3333333333333333,0.0
3,3960115,1,0,0,0,2.35294112388e-05,2.35294112388e-05,0.0,0.0
3,4293600,12,7,0,0,0.0017182399464415999,0.00014318666220346666,0.5833333333333334,0.0
3,4407386,1,1,0,0,0.000164396299987,0.000164396299987,1.0,0.0
3,4466870,1,1,0,0,0.000220588235294,0.000220588235294,1.0,0.0
3,4626334,2,0,0,0,0.0001048135378341,5.240676891705e-05,0.0,0.0
3,4814007,17,5,0,0,0.0005803056035438,3.413562373787059e-05,0.29411764705882354,0.0
3,4828346,5,1,0,0,0.0012642430634611,0.00025284861269222,0.2,0.0
3,4869922,4,2,0,0,0.00026347736347039996,6.586934086759999e-05,0.5,0.0
3,4869923,5,1,0,0,0.00024408289062749998,4.8816578125499996e-05,0.2,0.0
3,4913658,16,11,0,0,0.005586145235507,0.0003491340772191875,0.6875,0.0
3,5044698,2,0,0,0,0.000154971458044,7.7485729022e-05,0.0,0.0
3,5061834,38,16,1,0,0.0206235081020456,0.0005427238974222527,0.42105263157894735,0.0
3,5084322,6,3,0,0,0.0005067967243290001,8.446612072150002e-05,0.5,0.0
3,5121533,3,0,0,0,0.002090568206171,0.0006968560687236667,0.0,0.0
3,5121534,1,0,0,0,1.91176463576e-05,1.91176463576e-05,0.0,0.0
3,5121547,1,0,0,0,0.000441176470588,0.000441176470588,0.0,0.0
3,5281156,36,14,1,0,0.0043942670912635,0.00012206297475731944,0.3888888888888889,0.0
3,5316929,2,0,0,0,7.56084568361e-05,3.780422841805e-05,0.0,0.0
3,5442463,1,0,0,0,2.33227155058e-05,2.33227155058e-05,0.0,0.0
3,5544859,23,14,7,7,0.0040930732680733,0.00017795970730753478,0.6086956521739131,0.30434782608695654
3,5686703,8,3,1,0,0.0005666135568169,7.08266946021125e-05,0.375,0.0
3,5700346,3,1,0,0,0.0009018716988181,0.00030062389960603335,0.3333333333333333,0.0
3,5743152,1,0,0,0,0.00178144357077,0.00178144357077,0.0,0.0
3,5867090,3,0,0,0,0.00014463898454219998,4.8212994847399995e-05,0.0,0.0
3,5892331,1,0,0,0,3.57123415618e-05,3.57123415618e-05,0.0,0.0
3,6210424,17,9,1,1,0.002910023044597,0.0001711778261527647,0.5294117647058824,0.058823529411764705
3,6228543,3,0,0,0,0.000926470581223,0.00030882352707433335,0.0,0.0
3,6316933,2,1,0,0,0.0006873458657970001,0.00034367293289850004,0.5,0.0
3,6336377,13,3,0,0,0.0013379436196492,0.00010291873997301539,0.23076923076923078,0.0
3,6442596,1,0,0,0,4.67751453469e-05,4.67751453469e-05,0.0,0.0
3,6513183,1,1,0,0,0.00150604047538,0.00150604047538,1.0,0.0
3,6516505,1,0,0,0,4.06093532487e-05,4.06093532487e-05,0.0,0.0
3,6686701,7,4,2,2,0.000762506177799,0.00010892945397128571,0.5714285714285714,0.2857142857142857
3,6686703,2,0,0,0,0.001016593944755,0.0005082969723775,0.0,0.0
3,6686704,5,1,0,0,0.0013524850856782,0.00027049701713564,0.2,0.0
3,6697149,10,5,3,0,0.0008710318561814001,8.710318561814001e-05,0.5,0.0
3,6781040,7,4,1,0,0.0019545256052015,0.0002792179436002143,0.5714285714285714,0.0
3,6810200,13,9,0,0,0.0007914591992617,6.0881476866284614e-05,0.6923076923076923,0.0
3,6886817,43,19,1,0,0.0147297421052975,0.0003425521419836628,0.4418604651162791,0.0
3,7061828,31,10,3,3,0.0193409690086967,0.0006239022260869903,0.3225806451612903,0.0967741935483871
3,7121544,57,24,6,2,0.0147743514717743,0.0002591991486276193,0.42105263157894735,0.03508771929824561
3,7144711,1,0,0,0,1.02941176909e-05,1.02941176909e-05,0.0,0.0
3,7289590,10,1,0,0,0.0030447049956959,0.00030447049956959,0.1,0.0
3,7299461,3,1,0,0,0.0001313675534637,4.37891844879e-05,0.3333333333333333,0.0
3,7336371,2,1,0,0,0.0001659652751545,8.298263757725e-05,0.5,0.0
3,7336375,1,0,0,0,0.00023556240301,0.00023556240301,0.0,0.0
3,7336381,1,0,0,0,0.00235519394365,0.00235519394365,0.0,0.0
3,7413800,1,0,0,0,0.00267545359665,0.00267545359665,0.0,0.0
3,7462178,4,2,0,0,0.0028657947565421,0.000716448689135525,0.5,0.0
3,7544834,2,0,0,0,0.0001337175378028,6.68587689014e-05,0.0,0.0
3,7681481,2,0,0,0,0.0001824704003413,9.123520017065e-05,0.0,0.0
3,7686710,4,1,0,0,0.0004080536227447,0.000102013405686175,0.25,0.0
3,7697146,7,2,0,0,0.0001272231593601,1.8174737051442857e-05,0.2857142857142857,0.0
3,7828339,3,0,0,0,0.009064581777622,0.0030215272592073335,0.0,0.0
3,7869916,1,0,0,0,6.66744481115e-05,6.66744481115e-05,0.0,0.0
3,8214946,10,3,0,0,0.0006909535495535,6.909535495535e-05,0.3,0.0
3,8403848,46,16,4,0,0.012732869139482,0.0002768015030322174,0.34782608695652173,0.0
3,8407229,2,1,0,0,0.0001520984926644,7.60492463322e-05,0.5,0.0
3,8500299,2,0,0,0,4.38793989664e-05,2.19396994832e-05,0.0,0.0
3,8877963,1,0,0,0,4.41291634312e-05,4.41291634312e-05,0.0,0.0
3,8877966,1,1,0,0,1e-05,1e-05,1.0,0.0
3,8891880,1,0,0,0,4.13861607804e-05,4.13861607804e-05,0.0,0.0
3,8892339,1,1,0,0,1e-05,1e-05,1.0,0.0
3,8892341,2,1,0,0,0.00045675517528699996,0.00022837758764349998,0.5,0.0
3,8980571,12,5,2,1,0.001060110935541,8.834257796175001e-05,0.4166666666666667,0.08333333333333333
3,8980584,4,1,0,0,0.0005167054071386,0.00012917635178465,0.25,0.0
3,8980585,10,2,1,0,0.0056695837807614995,0.0005669583780761499,0.2,0.0
3,9013587,4,1,0,0,0.0068993155586477995,0.0017248288896619499,0.25,0.0
3,9095251,6,3,0,0,0.006349944815706001,0.001058324135951,0.5,0.0
3,9097339,1,1,0,0,0.00158617729422,0.00158617729422,1.0,0.0
3,9097340,5,3,0,0,0.007559311724973001,0.0015118623449946003,0.6,0.0
3,9100689,4,4,2,2,0.0009588391671427,0.000239709791785675,1.0,0.5
3,9100690,9,4,4,3,0.0042843335497923,0.0004760370610880333,0.4444444444444444,0.3333333333333333
3,9100691,13,8,6,4,0.0030855640897640003,0.00023735108382800003,0.6153846153846154,0.3076923076923077
3,9100692,3,1,1,0,0.0003275170356522,0.0001091723452174,0.3333333333333333,0.0
3,9100693,10,5,2,2,0.0018116299299346,0.00018116299299345998,0.5,0.2
3,9100694,2,1,0,0,0.000922766919717,0.0004613834598585,0.5,0.0
3,9106407,5,2,2,1,0.0013564276303389,0.00027128552606777996,0.4,0.2
3,9500303,1,0,0,0,0.00170852539121,0.00170852539121,0.0,0.0
3,9700342,1,1,0,0,8.20947344829e-05,8.20947344829e-05,1.0,0.0
3,9810200,15,7,0,0,0.0011598455197802,7.732303465201333e-05,0.4666666666666667,0.0
3,10013589,2,1,1,0,0.0003698849339671,0.00018494246698355,0.5,0.0
3,10321103,1,0,0,0,6.53187360834e-05,6.53187360834e-05,0.0,0.0
3,10341182,435,197,38,25,0.1051664972458027,0.0002417620626340292,0.4528735632183908,0.05747126436781609
3,10474106,4,1,0,0,0.000906277577533,0.00022656939438325,0.25,0.0
3,10491643,2,1,0,0,0.000119630222254,5.9815111127e-05,0.5,0.0
3,10686810,1,0,0,0,0.000183823529412,0.000183823529412,0.0,0.0
3,10810197,1,1,0,0,9.00146903369e-05,9.00146903369e-05,1.0,0.0
3,10810198,5,5,0,0,0.008868258116542,0.0017736516233084001,1.0,0.0
3,10960760,6,2,0,0,0.0003387950001639,5.646583336065e-05,0.3333333333333333,0.0
3,11097337,3,3,0,0,0.0002952606172852,9.842020576173333e-05,1.0,0.0
3,11289564,3,2,0,0,0.0004923901882871,0.00016413006276236666,0.6666666666666666,0.0
3,11321105,4,2,1,0,0.0112835305209159,0.002820882630228975,0.5,0.0
3,11500306,22,10,0,0,0.0026967172393871,0.00012257805633577727,0.45454545454545453,0.0
3,11765780,1,1,0,0,0.000536072758478,0.000536072758478,1.0,0.0
3,11772330,10,1,0,0,0.00035431555314500003,3.5431555314500004e-05,0.1,0.0
3,11803618,23,8,1,1,0.0109690315312897,0.0004769144144039,0.34782608695652173,0.043478260869565216
3,11835565,1,0,0,0,2.26470587009e-05,2.26470587009e-05,0.0,0.0
3,11843320,17,5,0,0,0.0021520880382474,0.00012659341401455293,0.29411764705882354,0.0
3,11938638,11,5,0,0,0.0018325297052077,0.00016659360956433635,0.45454545454545453,0.0
3,11959615,1,1,0,0,0.00040703575097,0.00040703575097,1.0,0.0
3,12002431,1,1,0,0,4.43601710949e-05,4.43601710949e-05,1.0,0.0
3,12042373,1,1,0,0,7.2202568545e-05,7.2202568545e-05,1.0,0.0
3,12089516,2,0,0,0,2e-05,1e-05,0.0,0.0
3,12089529,5,4,0,0,0.000814875160811,0.0001629750321622,0.8,0.0
3,12121528,9,8,1,0,0.0043563803852695,0.00048404226502994445,0.8888888888888888,0.0
3,12288258,2,1,0,0,0.000129690622129,6.48453110645e-05,0.5,0.0
3,12289574,4,0,0,0,0.00017152519428730002,4.2881298571825004e-05,0.0,0.0
3,12407222,2,0,0,0,0.0001160637869,5.803189345e-05,0.0,0.0
3,12513174,2,0,0,0,0.00013058424599,6.5292122995e-05,0.0,0.0
3,12700454,4,3,0,0,0.0094090950383941,0.002352273759598525,0.75,0.0
3,12765785,1,1,0,0,0.000163684372625,0.000163684372625,1.0,0.0
3,12843317,4,3,0,0,0.0039804984687109995,0.0009951246171777499,0.75,0.0
3,12843318,10,8,1,1,0.0038264370585839,0.00038264370585839,0.8,0.1
3,12947794,5,0,0,0,0.00015991436482000002,3.1982872964e-05,0.0,0.0
3,12987592,1,0,0,0,4.72277359051e-05,4.72277359051e-05,0.0,0.0
3,12987593,2,1,0,0,6.26801992419e-05,3.134009962095e-05,0.5,0.0
3,13166099,5,3,0,0,0.0002627793714837,5.255587429674e-05,0.6,0.0
3,13289562,7,2,0,0,0.0006385528852876,9.122184075537142e-05,0.2857142857142857,0.0
3,13300118,2,2,0,0,0.000547993328367,0.0002739966641835,1.0,0.0
3,13300124,2,0,0,0,2e-05,1e-05,0.0,0.0
3,13365547,9,9,2,0,0.0020654472935213,0.00022949414372458888,1.0,0.0
3,13422843,12,7,0,0,0.0008484773556245999,7.070644630204999e-05,0.5833333333333334,0.0
3,13445189,2,0,0,0,0.000135294120101,6.76470600505e-05,0.0,0.0
3,13462155,1,1,0,0,2.94156340716e-05,2.94156340716e-05,1.0,0.0
3,13462158,8,1,0,0,0.0011505070889846,0.000143813386123075,0.125,0.0
3,13576407,1,0,0,0,1e-05,1e-05,0.0,0.0
3,13661597,4,2,0,0,0.0001739756352146,4.349390880365e-05,0.5,0.0
3,13661605,6,2,0,0,0.0009724509053200001,0.00016207515088666668,0.3333333333333333,0.0
3,13661608,8,2,0,0,0.0007255173148726,9.0689664359075e-05,0.25,0.0
3,13770704,3,0,0,0,0.00045819399771750006,0.00015273133257250003,0.0,0.0
3,13947793,4,0,0,0,0.0001928800436638,4.822001091595e-05,0.0,0.0
3,13947795,9,2,0,0,0.0025246769263619997,0.00028051965848466666,0.2222222222222222,0.0
3,14006998,3,0,0,0,0.0003216996103044,0.0001072332034348,0.0,0.0
3,14102485,1,0,0,0,0.000136764724465,0.000136764724465,0.0,0.0
3,14104561,2,1,0,0,0.00033456358193399997,0.00016728179096699999,0.5,0.0
3,14104562,1,1,0,0,0.000194222397648,0.000194222397648,1.0,0.0
3,14106384,1,0,0,0,1e-05,1e-05,0.0,0.0
3,14121532,9,3,1,1,0.005318990894799601,0.0005909989883110668,0.3333333333333333,0.1111111111111111
3,14235907,7,2,0,0,0.0010047706556885,0.00014353866509835713,0.2857142857142857,0.0
3,14257845,3,2,0,0,0.0013386270525217,0.0004462090175072334,0.6666666666666666,0.0
3,14289571,6,2,0,0,0.002150626927277,0.00035843782121283333,0.3333333333333333,0.0
3,14300126,2,1,0,0,0.0001690525440606,8.45262720303e-05,0.5,0.0
3,14445192,2,1,0,0,5.30451465003e-05,2.652257325015e-05,0.5,0.0
3,14458654,3,2,2,2,0.003990575192665,0.0013301917308883332,0.6666666666666666,0.6666666666666666
3,14458669,3,1,0,0,0.0001122238887688,3.7407962922933335e-05,0.3333333333333333,0.0
3,14466837,1,0,0,0,0.000406672385431,0.000406672385431,0.0,0.0
3,14576401,1,0,0,0,1.31594832627e-05,1.31594832627e-05,0.0,0.0
3,14661605,8,3,1,0,0.010470417308266502,0.0013088021635333127,0.375,0.0
3,15073876,29,11,0,0,0.0021567692846111,7.437135464176207e-05,0.3793103448275862,0.0
3,15184511,22,5,1,1,0.0065331979135008,0.00029696354152276367,0.22727272727272727,0.045454545454545456
3,15323491,1,1,0,0,0.00169214937059,0.00169214937059,1.0,0.0
3,15398570,179,78,13,4,0.046703954368315204,0.00026091594619170503,0.43575418994413406,0.0223463687150838
3,15422821,2,1,0,0,0.0008313976285789999,0.00041569881428949997,0.5,0.0
3,15491650,3,1,0,0,0.0016527842317700001,0.0005509280772566667,0.3333333333333333,0.0
3,15500294,1,0,0,0,1.61764705006e-05,1.61764705006e-05,0.0,0.0
3,15500296,1,0,0,0,3.23529410012e-05,3.23529410012e-05,0.0,0.0
3,15568932,14,3,0,0,0.0007441977088354,5.3156979202528575e-05,0.21428571428571427,0.0
3,15574227,2,0,0,0,9.08134027422e-05,4.54067013711e-05,0.0,0.0
3,15654890,3,1,0,0,0.0001155882317879,3.852941059596667e-05,0.3333333333333333,0.0
3,15654897,7,2,0,0,0.000506345584143,7.2335083449e-05,0.2857142857142857,0.0
3,15661602,3,2,0,0,0.002233671949211,0.0007445573164036667,0.6666666666666666,0.0
3,15743382,10,5,2,2,0.0075011385837102,0.00075011385837102,0.5,0.2
3,15746419,11,5,0,0,0.0027776943100771,0.00025251766455246363,0.45454545454545453,0.0
3,15959625,5,1,0,0,0.0004111547491887,8.223094983774e-05,0.2,0.0
3,16040127,3,1,0,0,0.0001221338133601,4.071127112003333e-05,0.3333333333333333,0.0
3,16184517,16,4,3,3,0.0010216634062171,6.385396288856875e-05,0.25,0.1875
3,16491630,1,1,0,0,0.00231992821013,0.00231992821013,1.0,0.0
3,16506604,6,1,1,0,0.0010867019753567,0.00018111699589278332,0.16666666666666666,0.0
3,16823030,7,5,0,0,0.0008146049620538,0.00011637213743625715,0.7142857142857143,0.0
3,16922675,3,1,1,0,0.0006192225570558,0.00020640751901860002,0.3333333333333333,0.0
3,17132183,5,2,0,0,0.0001539498165517,3.078996331034e-05,0.4,0.0
3,17288254,15,7,3,1,0.0050022282755162,0.0003334818850344133,0.4666666666666667,0.06666666666666667
3,17288262,3,1,1,0,0.0020706309449506997,0.0006902103149835666,0.3333333333333333,0.0
3,17314986,1,0,0,0,1e-05,1e-05,0.0,0.0
3,17314989,2,0,0,0,0.000434717067493,0.0002173585337465,0.0,0.0
3,17321082,9,4,0,0,0.0024642792289502,0.0002738088032166889,0.4444444444444444,0.0
3,17435335,1,0,0,0,3.36796231266e-05,3.36796231266e-05,0.0,0.0
3,17661707,1,0,0,0,1.89435284804e-05,1.89435284804e-05,0.0,0.0
3,17661709,3,1,0,0,0.000853906402588,0.0002846354675293333,0.3333333333333333,0.0
3,17661711,1,1,0,0,0.000138486319896,0.000138486319896,1.0,0.0
3,17686799,44,15,0,0,0.0060674066057312005,0.0001378956046757091,0.3409090909090909,0.0
3,17710659,1,0,0,0,0.000775947424908,0.000775947424908,0.0,0.0
3,17710664,12,5,2,2,0.0058836573565635,0.0004903047797136249,0.4166666666666667,0.16666666666666666
3,17916128,7,1,0,0,0.000475247967226,6.789256674657143e-05,0.14285714285714285,0.0
3,18091420,7,6,3,2,0.0060835609674472005,0.000869080138206743,0.8571428571428571,0.2857142857142857
3,18095238,5,2,0,0,0.0017175039852002998,0.00034350079704006,0.4,0.0
3,18436526,14,0,0,0,0.0003178259236196,2.2701851687114285e-05,0.0,0.0
3,18443077,6,3,0,0,0.0007697897875072,0.00012829829791786667,0.5,0.0
3,18498193,4,3,0,0,0.01240026446904,0.00310006611726,0.75,0.0
3,18498853,35,5,0,0,0.0017938385397842,5.125252970812e-05,0.14285714285714285,0.0
3,18898397,3,1,1,1,0.0006021258191157999,0.0002007086063719333,0.3333333333333333,0.3333333333333333
3,18975813,20,9,4,3,0.0056122077816073,0.00028061038908036497,0.45,0.15
3,18975823,66,30,1,1,0.0208191261153132,0.00031544130477747275,0.45454545454545453,0.015151515151515152
3,19129839,12,4,0,0,0.0014283381368189998,0.00011902817806824999,0.3333333333333333,0.0
3,19602309,14,8,1,0,0.0011600594003497,8.286138573926428e-05,0.5714285714285714,0.0
3,20377297,10,3,0,0,0.0041393686816045,0.00041393686816045005,0.3,0.0
3,20458055,2,1,0,0,0.0005044613559454,0.0002522306779727,0.5,0.0
3,20530187,4,3,0,0,0.0034896160450017997,0.0008724040112504499,0.75,0.0
3,20640037,2,2,0,0,0.000266724477307,0.0001333622386535,1.0,0.0
3,20695010,11,4,0,0,0.0093712284593215,0.0008519298599383181,0.36363636363636365,0.0
3,20730227,2,0,0,0,2.3901270408700003e-05,1.1950635204350001e-05,0.0,0.0
3,20817326,11,5,0,0,0.001129662448855,0.00010269658625954546,0.45454545454545453,0.0
3,20898399,1,0,0,0,0.000701840344597,0.000701840344597,0.0,0.0
3,20898401,2,1,0,0,0.000106820160994,5.3410080497e-05,0.5,0.0
3,20922679,5,2,2,2,0.004969775650390199,0.0009939551300780398,0.4,0.4
3,20938751,5,3,1,0,0.0008135764973861999,0.00016271529947723998,0.6,0.0
3,21096019,7,2,0,0,0.0002621597862013,3.745139802875714e-05,0.2857142857142857,0.0
3,21257831,2,0,0,0,5.03739588422e-05,2.51869794211e-05,0.0,0.0
3,21294794,32,14,1,0,0.0056328049000025,0.00017602515312507814,0.4375,0.0
3,21640043,11,4,0,0,0.0010709855877546,9.736232615950909e-05,0.36363636363636365,0.0
3,21830168,1,1,0,0,0.00029999999439,0.00029999999439,1.0,0.0
3,22233130,8,3,0,0,0.0022138745517288998,0.00027673431896611247,0.375,0.0
3,22274902,1,0,0,0,1e-05,1e-05,0.0,0.0
3,22296560,1,0,0,0,2.24175041213e-05,2.24175041213e-05,0.0,0.0
3,22391321,2,1,0,0,0.0007362009411186,0.0003681004705593,0.5,0.0
3,22419532,8,5,0,0,0.0014889931351,0.0001861241418875,0.625,0.0
3,22451482,4,0,0,0,0.00035801269239700003,8.950317309925001e-05,0.0,0.0
3,22589171,2,0,0,0,0.0004306642841749,0.00021533214208745,0.0,0.0
3,22723823,15,8,0,0,0.0029947043977866,0.00019964695985244,0.5333333333333333,0.0
3,22891668,2,0,0,0,8.138926809340001e-05,4.0694634046700004e-05,0.0,0.0
3,22891673,5,1,1,0,0.0103930094289358,0.00207860188578716,0.2,0.0
3,23254639,3,2,0,0,0.00160062675258,0.00053354225086,0.6666666666666666,0.0
3,23330020,1,1,0,0,1.72858389251e-05,1.72858389251e-05,1.0,0.0
3,23330022,1,1,0,0,1e-05,1e-05,1.0,0.0
3,23377306,1,0,0,0,1e-05,1e-05,0.0,0.0
3,23385780,1,0,0,0,0.000115291230819,0.000115291230819,0.0,0.0
3,23530192,1,0,0,0,0.000163235296222,0.000163235296222,0.0,0.0
3,23644447,3,0,0,0,0.0020883858105537,0.0006961286035179,0.0,0.0
3,23695013,5,1,0,0,0.001082114363247,0.00021642287264940003,0.2,0.0
3,23817046,14,6,0,0,0.0082086792035032,0.0005863342288216571,0.42857142857142855,0.0
3,23852329,9,1,0,0,0.0016403371881762,0.00018225968757513335,0.1111111111111111,0.0
3,23852330,1,1,0,0,0.00360179305745,0.00360179305745,1.0,0.0
3,23852343,1,0,0,0,0.000223144327893,0.000223144327893,0.0,0.0
3,24097956,2,0,0,0,0.000361012842726,0.000180506421363,0.0,0.0
3,24119481,5,1,0,0,7.58499596919e-05,1.516999193838e-05,0.2,0.0
3,24126625,8,5,0,0,0.0018572027990902,0.000232150349886275,0.625,0.0
3,24267774,11,6,0,0,0.0006117744188976,5.5615856263418184e-05,0.5454545454545454,0.0
3,24316983,5,2,1,1,0.0007176717655475999,0.00014353435310952,0.4,0.2
3,24321351,1,0,0,0,1e-05,1e-05,0.0,0.0
3,24378636,46,14,0,0,0.0039707778027865,8.632125658231521e-05,0.30434782608695654,0.0
3,24389111,8,3,0,0,0.0016129989791525997,0.00020162487239407497,0.375,0.0
3,24391301,1,1,0,0,7.00081709553e-05,7.00081709553e-05,1.0,0.0
3,24419530,8,1,0,0,0.0001362447518805,1.70305939850625e-05,0.125,0.0
3,24491616,1,1,0,0,0.00069588342889,0.00069588342889,1.0,0.0
3,24843272,5,1,1,0,0.0003245438708788,6.490877417576001e-05,0.2,0.0
3,24982961,2,1,0,0,0.0003812450503071,0.00019062252515355,0.5,0.0
3,25064375,2,1,0,0,0.000426316861546,0.000213158430773,0.5,0.0
3,25102583,2,1,0,0,9.12251036333e-05,4.561255181665e-05,0.5,0.0
3,25172774,3,0,0,0,0.0001847302185086,6.157673950286667e-05,0.0,0.0
3,25419531,69,22,2,2,0.0103745268949701,0.00015035546224594347,0.3188405797101449,0.028985507246376812
3,25675129,8,6,0,0,0.0041870447181425,0.0005233805897678125,0.75,0.0
3,25866075,9,2,0,0,0.0003352683666085,3.725204073427778e-05,0.2222222222222222,0.0
3,25866076,11,5,0,0,0.0016978686017859999,0.00015435169107145454,0.45454545454545453,0.0
3,25920690,18,9,2,2,0.0028296539703802,0.00015720299835445556,0.5,0.1111111111111111
3,25998432,2,1,0,0,7.29523084315e-05,3.647615421575e-05,0.5,0.0
3,25998433,1,1,0,0,2.62166187168e-05,2.62166187168e-05,1.0,0.0
3,26071516,2,1,0,0,0.00017838410479669998,8.919205239834999e-05,0.5,0.0
3,26091094,3,0,0,0,0.00025907981921620003,8.635993973873334e-05,0.0,0.0
3,26091099,2,0,0,0,0.0001032760805066,5.16380402533e-05,0.0,0.0
3,26321366,47,23,1,0,0.0081973416986656,0.0001744115255035234,0.48936170212765956,0.0
3,26372320,1,1,0,0,0.000447058817919,0.000447058817919,1.0,0.0
3,26383493,3,0,0,0,3.7400644748599997e-05,1.2466881582866665e-05,0.0,0.0
3,26383495,1,0,0,0,0.000111559099369,0.000111559099369,0.0,0.0
3,26389107,2,0,0,0,0.001490720142268,0.000745360071134,0.0,0.0
3,26389108,1,0,0,0,9.19551796774e-05,9.19551796774e-05,0.0,0.0
3,26491443,1,0,0,0,6.51464918081e-05,6.51464918081e-05,0.0,0.0
3,26534046,1,0,0,0,1e-05,1e-05,0.0,0.0
3,26614024,2,1,0,0,0.0001009332709189,5.046663545945e-05,0.5,0.0
3,26614035,1,0,0,0,0.00010001167655,0.00010001167655,0.0,0.0
3,26750602,2,0,0,0,9.46692968596e-05,4.73346484298e-05,0.0,0.0
3,26852338,6,1,0,0,0.0003045783023542,5.0763050392366666e-05,0.16666666666666666,0.0
3,26852339,22,5,1,0,0.0011866395688776,5.3938162221709086e-05,0.22727272727272727,0.0
3,26891650,6,2,2,2,0.002009901509617,0.0003349835849361667,0.3333333333333333,0.3333333333333333
3,26945970,2,0,0,0,3.71481648088e-05,1.85740824044e-05,0.0,0.0
3,26949222,1,1,0,0,3.54570728203e-05,3.54570728203e-05,1.0,0.0
3,26998428,15,6,0,0,0.0045543227816004,0.00030362151877336,0.4,0.0
3,26998432,2,1,0,0,0.000217926273528,0.000108963136764,0.5,0.0
3,26998434,1,1,0,0,2.20588244059e-05,2.20588244059e-05,1.0,0.0
3,27009857,1,1,0,0,1e-05,1e-05,1.0,0.0
3,27009860,1,1,0,0,6.61764688351e-05,6.61764688351e-05,1.0,0.0
3,27091104,8,3,1,0,0.0004235721900049,5.29465237506125e-05,0.375,0.0
3,27118781,19,11,2,2,0.0054669935749932005,0.00028773650394701056,0.5789473684210527,0.10526315789473684
3,27321366,18,9,3,0,0.0095316341345717,0.0005295352296984277,0.5,0.0
3,27323540,9,4,0,0,0.00026664848349320004,2.9627609277022226e-05,0.4444444444444444,0.0
3,27323541,12,0,0,0,0.00023807230778850002,1.9839358982375002e-05,0.0,0.0
3,27385784,15,2,0,0,0.0014594222500694,9.729481667129333e-05,0.13333333333333333,0.0
3,27491436,1,1,0,0,0.000142278995584,0.000142278995584,1.0,0.0
3,27589150,3,1,0,0,0.0001911384217653,6.37128072551e-05,0.3333333333333333,0.0
3,27614018,1,0,0,0,1e-05,1e-05,0.0,0.0
3,27684173,2,0,0,0,0.00021093058485880002,0.00010546529242940001,0.0,0.0
3,27729624,2,0,0,0,8.94117678615e-05,4.470588393075e-05,0.0,0.0
3,27777499,4,2,0,0,0.0008218053128268002,0.00020545132820670004,0.5,0.0
3,27888153,3,0,0,0,6.0000000526e-05,2.0000000175333335e-05,0.0,0.0
3,27891651,4,2,0,0,0.0025661979065540997,0.0006415494766385249,0.5,0.0
3,28031695,1,0,0,0,1.4309274465e-05,1.4309274465e-05,0.0,0.0
3,28071513,2,0,0,0,0.0004041182365827,0.00020205911829135,0.0,0.0
3,28137208,6,1,0,0,0.0002567776380394,4.279627300656666e-05,0.16666666666666666,0.0
3,28351001,27,15,5,2,0.0120182211249406,0.00044511930092372594,0.5555555555555556,0.07407407407407407
3,28385762,2,1,0,0,0.00148702385397,0.000743511926985,0.5,0.0
3,28389117,2,0,0,0,2e-05,1e-05,0.0,0.0
3,28726401,1,0,0,0,7.05882337163e-05,7.05882337163e-05,0.0,0.0
3,28729609,3,0,0,0,0.000110001183062,3.666706102066667e-05,0.0,0.0
3,28739284,3,1,0,0,0.0007436386593642,0.0002478795531214,0.3333333333333333,0.0
3,28752986,2,1,0,0,0.000457373753315,0.0002286868766575,0.5,0.0
3,28795042,41,12,4,1,0.0028549397723727,6.96326773749439e-05,0.2926829268292683,0.024390243902439025
3,28795043,59,17,4,1,0.0059965120464674,0.00010163579739775255,0.288135593220339,0.01694915254237288
3,28874676,6,3,0,0,0.001227317820164,0.00020455297002733332,0.5,0.0
3,28896342,4,1,0,0,0.0006112113942124,0.0001528028485531,0.25,0.0
3,29140152,1,1,0,0,0.000277810201925,0.000277810201925,1.0,0.0
3,29345613,2,1,0,0,0.001843623594954,0.000921811797477,0.5,0.0
3,29389116,8,6,1,0,0.0084951391922955,0.0010618923990369374,0.75,0.0
3,29427842,28,8,1,1,0.0222458416246456,0.0007944943437373429,0.2857142857142857,0.03571428571428571
3,29513908,1,0,0,0,0.000931316010454,0.000931316010454,0.0,0.0
3,29513913,1,0,0,0,0.000415002845731,0.000415002845731,0.0,0.0
3,29513914,1,0,0,0,1e-05,1e-05,0.0,0.0
3,29513915,1,0,0,0,0.000908437833564,0.000908437833564,0.0,0.0
3,29513916,3,1,0,0,0.0008285436451388,0.0002761812150462667,0.3333333333333333,0.0
3,29531970,3,0,0,0,0.000173631376203,5.7877125401000004e-05,0.0,0.0
3,29531976,1,0,0,0,1.1237285639e-05,1.1237285639e-05,0.0,0.0
3,29531983,2,1,0,0,9.73574466105e-05,4.867872330525e-05,0.5,0.0
3,29534051,4,1,0,0,0.0008270787664467,0.000206769691611675,0.25,0.0
3,29614011,4,3,0,0,0.0014266917181528,0.0003566729295382,0.75,0.0
3,29614012,1,0,0,0,1.31265315063e-05,1.31265315063e-05,0.0,0.0
3,29614013,1,0,0,0,3.08872664889e-05,3.08872664889e-05,0.0,0.0
3,29687342,6,3,1,1,0.0007564443923875001,0.00012607406539791668,0.5,0.16666666666666666
3,29862638,2,0,0,0,0.00010709245617389999,5.3546228086949994e-05,0.0,0.0
3,29864831,2,2,0,0,0.000638119814444,0.000319059907222,1.0,0.0
3,29880997,1,1,1,1,0.000734359166201,0.000734359166201,1.0,1.0
3,29880998,1,0,0,0,4.2898852159e-05,4.2898852159e-05,0.0,0.0
3,30175072,1,0,0,0,4.70588224775e-05,4.70588224775e-05,0.0,0.0
3,30328739,1,1,0,0,0.000398283629157,0.000398283629157,1.0,0.0
3,30368132,3,2,1,1,0.001201849569221,0.0004006165230736667,0.6666666666666666,0.3333333333333333
3,30405203,8,6,3,2,0.0014370417625329,0.0001796302203166125,0.75,0.25
3,30427825,5,0,0,0,0.0005679548980492,0.00011359097960984,0.0,0.0
3,30471712,1,1,0,0,0.000208357642678,0.000208357642678,1.0,0.0
3,30471715,3,3,0,0,0.002968671069072,0.0009895570230239999,1.0,0.0
3,30487330,2,1,0,0,2e-05,1e-05,0.5,0.0
3,30491418,20,5,0,0,0.0056929136343238,0.00028464568171619,0.25,0.0
3,30501159,4,1,0,0,0.0025048831360508002,0.0006262207840127001,0.25,0.0
3,30534043,1,1,0,0,3.82519725676e-05,3.82519725676e-05,1.0,0.0
3,30535894,8,5,0,0,0.008590114668169,0.001073764333521125,0.625,0.0
3,30676243,7,2,0,0,0.0006694474764006001,9.56353537715143e-05,0.2857142857142857,0.0
3,30729721,2,2,0,0,0.00040857044213,0.000204285221065,1.0,0.0
3,30752994,24,11,0,0,0.0055664202406521006,0.00023193417669383753,0.4583333333333333,0.0
3,30801593,200,74,3,2,0.0086230445123984,4.3115222561992e-05,0.37,0.01
3,31129938,2,1,0,0,0.0005644850060342,0.0002822425030171,0.5,0.0
3,31129939,1,0,0,0,6.53414173286e-05,6.53414173286e-05,0.0,0.0
3,31265168,3,1,1,1,0.0003467984119526,0.00011559947065086667,0.3333333333333333,0.3333333333333333
3,31330666,1,0,0,0,0.000119640303511,0.000119640303511,0.0,0.0
3,31736975,3,1,0,0,0.00039544467370149997,0.00013181489123383332,0.3333333333333333,0.0
3,31772643,15,5,0,0,0.004206064560899,0.0002804043040599333,0.3333333333333333,0.0
3,32009848,58,15,0,0,0.0036200514672066002,6.241468046907932e-05,0.25862068965517243,0.0
3,32135670,5,2,1,1,0.0036258227792623,0.00072516455585246,0.4,0.2
3,32323516,25,9,0,0,0.0039573908972495,0.00015829563588998002,0.36,0.0
3,32368241,9,5,0,0,0.0011630844579669,0.0001292316064407667,0.5555555555555556,0.0
3,32368244,40,18,8,8,0.0291629335194168,0.00072907333798542,0.45,0.2
3,32385772,1,1,0,0,6.10882760579e-05,6.10882760579e-05,1.0,0.0
3,32398755,20,5,0,0,0.001878011760308,9.39005880154e-05,0.25,0.0
3,32398758,1,1,0,0,0.000495588218465,0.000495588218465,1.0,0.0
3,32452108,3,0,0,0,3.66686120279e-05,1.2222870675966667e-05,0.0,0.0
3,32452111,11,5,0,0,0.002784411156902,0.0002531282869910909,0.45454545454545453,0.0
4,73322,1,0,0,0,4.16715311653e-05,4.16715311653e-05,0.0,0.0
4,73325,8,2,0,0,0.0001282226926027,1.60278365753375e-05,0.25,0.0
4,73327,6,0,0,0,0.0003959570855639,6.599284759398334e-05,0.0,0.0
4,73328,10,3,1,0,0.000922529487151,9.225294871510001e-05,0.3,0.0
4,83677,10,3,1,1,0.0070362287840478,0.00070362287840478,0.3,0.1
4,408759,34,13,4,3,0.0033170111460561,9.755915135459118e-05,0.38235294117647056,0.08823529411764706
4,442617,2,1,0,0,0.0005265927744160001,0.00026329638720800003,0.5,0.0
4,497590,13,3,0,0,0.0005504969000609,4.23459153893e-05,0.23076923076923078,0.0
4,497593,78,30,0,0,0.0042007286350420996,5.385549532105256e-05,0.38461538461538464,0.0
4,604244,3,2,0,0,0.0003598402144238,0.00011994673814126666,0.6666666666666666,0.0
4,604249,5,2,0,0,0.000606993690821,0.0001213987381642,0.4,0.0
4,690012,6,1,0,0,0.0012610686461671,0.00021017810769451668,0.16666666666666666,0.0
4,716288,13,3,0,0,0.0028160379729335,0.0002166183056102692,0.23076923076923078,0.0
4,787943,6,2,0,0,0.0005500111207376,9.166852012293333e-05,0.3333333333333333,0.0
4,804100,7,2,0,0,0.007785809267590899,0.0011122584667986998,0.2857142857142857,0.0
4,828346,3,1,1,0,0.0003794365592001,0.0001264788530667,0.3333333333333333,0.0
4,884761,7,5,0,0,0.0007996574063622,0.00011423677233745714,0.7142857142857143,0.0
4,946549,3,1,0,0,0.001278303740656,0.0004261012468853333,0.3333333333333333,0.0
4,1341195,2,1,0,0,0.0001603809766029,8.019048830145e-05,0.5,0.0
4,1341198,1,0,0,0,7.27163943325e-05,7.27163943325e-05,0.0,0.0
4,1415896,13,10,0,0,0.0030555783362007,0.00023504448740005384,0.7692307692307693,0.0
4,1428788,6,3,0,0,0.0006547653607714,0.00010912756012856667,0.5,0.0
4,1586481,9,2,0,0,0.0081823517190621,0.0009091501910069,0.2222222222222222,0.0
4,1632450,2,1,0,0,0.0001490273896386,7.45136948193e-05,0.5,0.0
4,1632451,1,0,0,0,0.00556885958649,0.00556885958649,0.0,0.0
4,1716282,1,1,0,0,6.61764688351e-05,6.61764688351e-05,1.0,0.0
4,1869939,4,2,0,0,0.0002207330680357,5.5183267008925e-05,0.5,0.0
4,2073328,7,1,1,0,0.0005480515171501,7.829307387858572e-05,0.14285714285714285,0.0
4,2077112,2,0,0,0,0.0002338235343207,0.00011691176716035,0.0,0.0
4,2144729,3,1,0,0,0.00046287859060609995,0.00015429286353536666,0.3333333333333333,0.0
4,2390251,52,16,2,0,0.0069528667297194,0.00013370897557152692,0.3076923076923077,0.0
4,2407403,17,1,0,0,0.0008592565086177,5.054450050692353e-05,0.058823529411764705,0.0
4,2462355,11,4,1,1,0.0009576029698726,8.705481544296364e-05,0.36363636363636365,0.09090909090909091
4,2576437,66,29,1,0,0.025629781318650798,0.00038833001997955755,0.4393939393939394,0.0
4,2694554,13,5,1,0,0.0008063408029068,6.202621560821538e-05,0.38461538461538464,0.0
4,2828357,15,4,0,0,0.0040107765750151,0.00026738510500100667,0.26666666666666666,0.0
4,2865314,24,5,1,0,0.005193868315036,0.00021641117979316667,0.20833333333333334,0.0
4,2865315,4,3,1,1,0.0010098395147389,0.000252459878684725,0.75,0.25
4,2865319,1,0,0,0,5.27839362621e-05,5.27839362621e-05,0.0,0.0
4,2869134,20,6,2,2,0.0014832704963513,7.4163524817565e-05,0.3,0.1
4,2946551,12,10,0,0,0.0028516084844102,0.00023763404036751667,0.8333333333333334,0.0
4,2953712,1,1,0,0,4.16715311653e-05,4.16715311653e-05,1.0,0.0
4,2953716,21,10,1,0,0.0024854320206942,0.00011835390574734285,0.47619047619047616,0.0
4,3073302,4,0,0,0,0.0002847200642968,7.11800160742e-05,0.0,0.0
4,3073303,1,0,0,0,1e-05,1e-05,0.0,0.0
4,3073304,4,2,0,0,0.0006137101238365001,0.00015342753095912504,0.5,0.0
4,3073305,1,0,0,0,1e-05,1e-05,0.0,0.0
4,3144706,10,3,0,0,0.0012101286334726,0.00012101286334726002,0.3,0.0
4,3291799,2,0,0,0,6.14705873588e-05,3.07352936794e-05,0.0,0.0
4,3291800,1,0,0,0,7.38975142731e-05,7.38975142731e-05,0.0,0.0
4,3313894,3,2,0,0,0.002701615276065,0.000900538425355,0.6666666666666666,0.0
4,3406182,5,1,0,0,0.000460915861009,9.21831722018e-05,0.2,0.0
4,3610770,5,3,0,0,0.001857368538282,0.0003714737076564,0.6,0.0
4,3694556,4,1,0,0,0.0024757275818751,0.000618931895468775,0.25,0.0
4,3694557,1,1,1,1,0.000382844241844,0.000382844241844,1.0,1.0
4,3877975,5,3,1,0,0.0014511892602626002,0.00029023785205252006,0.6,0.0
4,3884873,3,1,0,0,4.5866351583400005e-05,1.5288783861133334e-05,0.3333333333333333,0.0
4,3892353,4,1,1,0,0.000832690523366,0.0002081726308415,0.25,0.0
4,4293600,16,4,1,1,0.0014784466931889,9.240291832430625e-05,0.25,0.0625
4,4406179,5,1,0,0,0.0007968315728491,0.00015936631456981999,0.2,0.0
4,4407386,7,5,0,0,0.0008773795347763,0.00012533993353947142,0.7142857142857143,0.0
4,4466870,3,2,0,0,0.0009506226132931,0.00031687420443103333,0.6666666666666666,0.0
4,4676898,2,1,0,0,0.000129795767855,6.48978839275e-05,0.5,0.0
4,4814007,25,5,0,0,0.0021813810174429,8.7255240697716e-05,0.2,0.0
4,4828346,11,6,1,0,0.0047904297330374004,0.0004354936120943091,0.5454545454545454,0.0
4,4828354,1,0,0,0,3.78485637553e-05,3.78485637553e-05,0.0,0.0
4,4869922,24,13,1,0,0.0102453684364985,0.00042689035152077085,0.5416666666666666,0.0
4,4869923,10,3,3,1,0.0028778748730507,0.00028778748730507,0.3,0.1
4,4913658,19,7,1,0,0.0033035617781056997,0.00017387167253187893,0.3684210526315789,0.0
4,5044698,3,1,0,0,0.0001262668863468,4.20889621156e-05,0.3333333333333333,0.0
4,5061823,7,1,0,0,0.0014374088145361,0.00020534411636230002,0.14285714285714285,0.0
4,5061834,74,22,2,0,0.0243494248467197,0.0003290462817124284,0.2972972972972973,0.0
4,5084322,5,2,0,0,0.000958648017479,0.0001917296034958,0.4,0.0
4,5121533,5,4,2,0,0.0021185185630364,0.00042370371260728,0.8,0.0
4,5121534,1,0,0,0,0.000455039318871,0.000455039318871,0.0,0.0
4,5121547,2,0,0,0,0.0006001380611874,0.0003000690305937,0.0,0.0
4,5281156,51,11,1,0,0.0051492412330804,0.0001009655143741255,0.21568627450980393,0.0
4,5316929,4,1,0,0,0.0009900418755636,0.0002475104688909,0.25,0.0
4,5544859,31,16,11,9,0.0045542956574151,0.00014691276314242257,0.5161290322580645,0.2903225806451613
4,5612724,1,0,0,0,8.8899258305e-05,8.8899258305e-05,0.0,0.0
4,5686703,11,2,0,0,0.0006839456280827,6.217687528024545e-05,0.18181818181818182,0.0
4,5700346,1,0,0,0,0.000125000003506,0.000125000003506,0.0,0.0
4,5743167,6,1,1,1,0.0022338003818307,0.00037230006363845003,0.16666666666666666,0.16666666666666666
4,5867090,16,3,0,0,0.00041790813932709997,2.6119258707943748e-05,0.1875,0.0
4,5871888,5,0,0,0,5e-05,1e-05,0.0,0.0
4,5892331,4,1,0,0,0.0011832528616075,0.000295813215401875,0.25,0.0
4,6121534,1,1,0,0,3.67647058824e-05,3.67647058824e-05,1.0,0.0
4,6210424,14,7,0,0,0.0079354769769481,0.0005668197840677213,0.5,0.0
4,6228543,9,2,0,0,0.0040700493887396,0.0004522277098599555,0.2222222222222222,0.0
4,6336377,19,8,1,1,0.0055080237681228,0.0002898959877959368,0.42105263157894735,0.05263157894736842
4,6442596,2,1,0,0,0.00045953882694300003,0.00022976941347150001,0.5,0.0
4,6513183,4,1,0,0,0.0009732768299973001,0.00024331920749932502,0.25,0.0
4,6516505,2,0,0,0,0.0001037248284589,5.186241422945e-05,0.0,0.0
4,6686701,9,2,0,0,0.0015611011141803,0.00017345567935336668,0.2222222222222222,0.0
4,6686703,1,0,0,0,4.3758873539e-05,4.3758873539e-05,0.0,0.0
4,6686704,6,1,0,0,0.002531906981157,0.00042198449685949997,0.16666666666666666,0.0
4,6697149,2,0,0,0,6.81559975318e-05,3.40779987659e-05,0.0,0.0
4,6781040,12,4,1,0,0.0008680437890309001,7.233698241924167e-05,0.3333333333333333,0.0
4,6810200,33,24,4,1,0.0021585005716549,6.540910823196667e-05,0.7272727272727273,0.030303030303030304
4,6886817,58,26,2,1,0.0179050993139243,0.0003087086088607638,0.4482758620689655,0.017241379310344827
4,7061828,38,10,1,1,0.0221913647154479,0.000583983281985471,0.2631578947368421,0.02631578947368421
4,7075386,1,0,0,0,1e-05,1e-05,0.0,0.0
4,7121544,87,40,7,3,0.0791477648968366,0.0009097444241015701,0.45977011494252873,0.034482758620689655
4,7144711,1,1,0,0,7.31796318467e-05,7.31796318467e-05,1.0,0.0
4,7289590,31,8,0,0,0.0017733335094733001,5.7204306757203226e-05,0.25806451612903225,0.0
4,7299461,8,2,0,0,0.0005407407709390999,6.759259636738749e-05,0.25,0.0
4,7336371,2,1,0,0,0.000367582319021,0.0001837911595105,0.5,0.0
4,7336375,1,1,0,0,0.000398529417375,0.000398529417375,1.0,0.0
4,7336381,3,0,0,0,0.00044609932830600005,0.00014869977610200002,0.0,0.0
4,7351509,2,0,0,0,0.0006544906733676,0.0003272453366838,0.0,0.0
4,7413800,1,0,0,0,0.000829680176343,0.000829680176343,0.0,0.0
4,7681481,3,1,0,0,9.223657654640001e-05,3.074552551546667e-05,0.3333333333333333,0.0
4,7686710,6,3,0,0,0.0049846563814668,0.0008307760635777999,0.5,0.0
4,7697146,3,0,0,0,0.0006176161755963,0.0002058720585321,0.0,0.0
4,7828339,2,0,0,0,0.0005711645137926,0.0002855822568963,0.0,0.0
4,7877971,1,1,0,0,1.17647078107e-05,1.17647078107e-05,1.0,0.0
4,8214946,9,4,0,0,0.0011414728605017,0.00012683031783352223,0.4444444444444444,0.0
4,8403848,62,21,4,2,0.0166003424443091,0.000267747458779179,0.3387096774193548,0.03225806451612903
4,8407229,3,2,0,0,0.00072784610004,0.00024261536668,0.6666666666666666,0.0
4,8500299,5,1,0,0,0.0028990464205575,0.0005798092841115,0.2,0.0
4,8695046,1,0,0,0,1e-05,1e-05,0.0,0.0
4,8710016,6,1,0,0,0.0005922904536142,9.871507560236667e-05,0.16666666666666666,0.0
4,8710017,7,1,0,0,0.0022450478214872,0.00032072111735531426,0.14285714285714285,0.0
4,8867068,6,3,0,0,0.0007606187321879,0.00012676978869798333,0.5,0.0
4,8877963,1,0,0,0,1e-05,1e-05,0.0,0.0
4,8877966,1,0,0,0,0.000181918722741,0.000181918722741,0.0,0.0
4,8891880,2,0,0,0,7.08543783163e-05,3.542718915815e-05,0.0,0.0
4,8892339,9,3,0,0,0.0013942301669598,0.00015491446299553333,0.3333333333333333,0.0
4,8892341,6,0,0,0,0.0012925068833578,0.00021541781389296667,0.0,0.0
4,8980571,31,12,2,1,0.0040499165550304,0.00013064246951710967,0.3870967741935484,0.03225806451612903
4,8980584,13,2,0,0,0.0050127530626897,0.0003855963894376692,0.15384615384615385,0.0
4,8980585,26,17,0,0,0.008375775454142,0.0003221452097746923,0.6538461538461539,0.0
4,9013587,6,3,0,0,0.00020333629354590002,3.3889382257650006e-05,0.5,0.0
4,9042365,1,0,0,0,0.000373018859118,0.000373018859118,0.0,0.0
4,9095251,12,7,1,0,0.010867164963565299,0.0009055970802971082,0.5833333333333334,0.0
4,9097334,1,0,0,0,1.47091248792e-05,1.47091248792e-05,0.0,0.0
4,9097339,2,1,0,0,0.0026375117077615997,0.0013187558538807998,0.5,0.0
4,9100689,15,3,3,3,0.0041232717124763995,0.00027488478083175996,0.2,0.2
4,9100690,14,1,1,1,0.0012922026981966,9.230019272832857e-05,0.07142857142857142,0.07142857142857142
4,9100691,17,8,2,1,0.0022237120820084,0.00013080659305931766,0.47058823529411764,0.058823529411764705
4,9100692,8,2,0,0,0.0010759544852365,0.0001344943106545625,0.25,0.0
4,9100693,15,5,2,1,0.0005067196746970999,3.378131164647333e-05,0.3333333333333333,0.06666666666666667
4,9100694,2,1,0,0,9.95585413936e-05,4.97792706968e-05,0.5,0.0
4,9106406,2,1,1,1,0.00049022405069,0.000245112025345,0.5,0.5
4,9106407,7,1,0,0,0.0008276601616595999,0.00011823716595137142,0.14285714285714285,0.0
4,9500303,5,3,0,0,0.002589516037389,0.0005179032074778,0.6,0.0
4,9700342,1,0,0,0,0.000388934261659,0.000388934261659,0.0,0.0
4,9700343,1,1,0,0,0.000214127232047,0.000214127232047,1.0,0.0
4,9810200,18,15,0,0,0.0022852274735721,0.00012695708186511665,0.8333333333333334,0.0
4,10002432,2,1,0,0,0.000769521483419,0.0003847607417095,0.5,0.0
4,10013589,2,0,0,0,5.70588224775e-05,2.852941123875e-05,0.0,0.0
4,10123946,1,0,0,0,0.000540334610817,0.000540334610817,0.0,0.0
4,10245630,2,1,0,0,0.00019103856280040002,9.551928140020001e-05,0.5,0.0
4,10321103,3,1,0,0,0.00017382086431069998,5.794028810356666e-05,0.3333333333333333,0.0
4,10341182,538,235,52,34,0.1631401956130859,0.0003032345643365909,0.4368029739776952,0.06319702602230483
4,10383101,1,0,0,0,0.000111986752362,0.000111986752362,0.0,0.0
4,10462151,2,1,0,0,9.090259086270001e-05,4.5451295431350006e-05,0.5,0.0
4,10474106,20,14,2,0,0.0184516161964449,0.000922580809822245,0.7,0.0
4,10491643,3,0,0,0,0.0005694737285235,0.00018982457617450001,0.0,0.0
4,10810198,4,3,0,0,0.0020770897305186,0.00051927243262965,0.75,0.0
4,10960760,13,7,1,1,0.0056485379891597996,0.0004345029222430615,0.5384615384615384,0.07692307692307693
4,11028540,3,2,0,0,0.0002943922731712,9.813075772373334e-05,0.6666666666666666,0.0
4,11097337,2,0,0,0,0.000522286508906,0.000261143254453,0.0,0.0
4,11289564,6,2,0,0,0.0009253495956099999,0.00015422493260166666,0.3333333333333333,0.0
4,11321105,5,1,0,0,0.0010793893643585,0.0002158778728717,0.2,0.0
4,11387831,1,1,0,0,1.0132584028e-05,1.0132584028e-05,1.0,0.0
4,11500306,40,23,1,1,0.0068232564912742,0.000170581412281855,0.575,0.025
4,11642017,2,0,0,0,5.14886462514e-05,2.57443231257e-05,0.0,0.0
4,11746439,1,0,0,0,4.26470575963e-05,4.26470575963e-05,0.0,0.0
4,11772330,23,7,1,0,0.0021688127898454,9.429620825414783e-05,0.30434782608695654,0.0
4,11803618,29,10,1,1,0.0029322330522711,0.00010111148456107242,0.3448275862068966,0.034482758620689655
4,11843320,17,5,0,0,0.0012083478493869,7.107928525805294e-05,0.29411764705882354,0.0
4,11938638,15,8,0,0,0.0027058707473952,0.00018039138315968,0.5333333333333333,0.0
4,11959615,7,5,0,0,0.0014415929549869,0.00020594185071241426,0.7142857142857143,0.0
4,12002431,2,1,0,0,7.974342078960001e-05,3.9871710394800004e-05,0.5,0.0
4,12089516,1,1,0,0,1.9993839269e-05,1.9993839269e-05,1.0,0.0
4,12089529,11,8,2,0,0.011314989713128299,0.0010286354284662089,0.7272727272727273,0.0
4,12121528,20,6,0,0,0.0051749406440758,0.00025874703220379,0.3,0.0
4,12288258,3,2,0,0,0.0003532003698982,0.00011773345663273333,0.6666666666666666,0.0
4,12289574,12,2,0,0,0.0027979945390639,0.00023316621158865833,0.16666666666666666,0.0
4,12351511,3,1,1,0,0.003539586128608,0.0011798620428693334,0.3333333333333333,0.0
4,12407222,7,2,0,0,0.0005995438450306,8.564912071865714e-05,0.2857142857142857,0.0
4,12491647,10,6,0,0,0.0011546332028038,0.00011546332028037999,0.6,0.0
4,12700454,4,2,0,0,0.0042328634443926,0.00105821586109815,0.5,0.0
4,12700456,4,2,0,0,0.0004679396314585,0.000116984907864625,0.5,0.0
4,12765785,2,1,0,0,0.0005135287399234999,0.00025676436996174997,0.5,0.0
4,12843317,2,2,0,0,0.001574579638666,0.000787289819333,1.0,0.0
4,12843318,12,10,1,0,0.0030604469904087998,0.0002550372492007333,0.8333333333333334,0.0
4,12845408,2,1,0,0,2e-05,1e-05,0.5,0.0
4,12947794,9,2,0,0,0.0014839890556507,0.00016488767285007777,0.2222222222222222,0.0
4,12987592,1,0,0,0,4.72277359051e-05,4.72277359051e-05,0.0,0.0
4,12987593,5,2,0,0,0.0014563007319413,0.00029126014638826,0.4,0.0
4,13166099,18,5,1,0,0.0021842942619908,0.00012134968122171111,0.2777777777777778,0.0
4,13289562,15,4,0,0,0.0020254495278706,0.00013502996852470667,0.26666666666666666,0.0
4,13300118,3,2,0,0,0.0015854622057991,0.0005284874019330333,0.6666666666666666,0.0
4,13300124,4,1,0,0,0.00011252785430220002,2.8131963575550004e-05,0.25,0.0
4,13365547,8,6,0,0,0.0018833007519171,0.0002354125939896375,0.75,0.0
4,13422843,49,21,0,0,0.0054605594322716,0.00011143998841370612,0.42857142857142855,0.0
4,13435356,1,0,0,0,0.000164716945339,0.000164716945339,0.0,0.0
4,13442441,2,0,0,0,7.043834337409999e-05,3.5219171687049996e-05,0.0,0.0
4,13442454,2,1,0,0,3.22248145763e-05,1.611240728815e-05,0.5,0.0
4,13445189,2,0,0,0,0.003268040860948,0.001634020430474,0.0,0.0
4,13458071,1,1,0,0,0.00019915019014,0.00019915019014,1.0,0.0
4,13462158,8,2,1,0,0.0021485984043012,0.00026857480053765,0.25,0.0
4,13466843,1,0,0,0,1e-05,1e-05,0.0,0.0
4,13576407,5,2,0,0,0.0006020854746123,0.00012041709492246,0.4,0.0
4,13576413,1,0,0,0,0.000857038357678,0.000857038357678,0.0,0.0
4,13661597,11,4,0,0,0.0040667710577952,0.0003697064597995637,0.36363636363636365,0.0
4,13661605,3,0,0,0,0.0008951879023890001,0.00029839596746300003,0.0,0.0
4,13661607,1,1,0,0,4.44551610059e-05,4.44551610059e-05,1.0,0.0
4,13661608,18,9,1,1,0.0012190990646753,6.772772581529445e-05,0.5,0.05555555555555555
4,13710655,1,1,0,0,0.000536867215952,0.000536867215952,1.0,0.0
4,13770704,3,1,0,0,0.0009053667897570999,0.0003017889299190333,0.3333333333333333,0.0
4,13823055,1,1,0,0,3.24447883086e-05,3.24447883086e-05,1.0,0.0
4,13947793,8,5,0,0,0.0007703522112198001,9.629402640247501e-05,0.625,0.0
4,13947795,17,5,0,0,0.0052798966578931,0.00031058215634665297,0.29411764705882354,0.0
4,14006998,2,0,0,0,0.0006833035206290001,0.00034165176031450005,0.0,0.0
4,14102485,3,1,1,1,0.001078262297696,0.00035942076589866664,0.3333333333333333,0.3333333333333333
4,14104562,1,1,0,0,0.00070397103534,0.00070397103534,1.0,0.0
4,14106399,3,1,0,0,0.0007001506055096,0.00023338353516986666,0.3333333333333333,0.0
4,14121532,20,11,3,1,0.0130582798954012,0.00065291399477006,0.55,0.05
4,14235907,12,3,0,0,0.006863416996023,0.00057195141633525,0.25,0.0
4,14257845,9,1,0,0,0.0032208329623566,0.00035787032915073335,0.1111111111111111,0.0
4,14289571,13,5,0,0,0.0041212650025995,0.0003170203848153462,0.38461538461538464,0.0
4,14300126,1,0,0,0,2.16968642438e-05,2.16968642438e-05,0.0,0.0
4,14398567,2,0,0,0,0.00024393042417000002,0.00012196521208500001,0.0,0.0
4,14445192,17,4,0,0,0.0007995047202137,4.7029689424335295e-05,0.23529411764705882,0.0
4,14458654,5,4,2,2,0.0027476915125173,0.00054953830250346,0.8,0.4
4,14458669,6,2,0,0,0.0010069445210075,0.00016782408683458334,0.3333333333333333,0.0
4,14466837,3,0,0,0,0.0005118474900939,0.0001706158300313,0.0,0.0
4,14576401,4,2,0,0,0.0014621550288724998,0.00036553875721812495,0.5,0.0
4,14661605,19,8,5,0,0.0389491726455442,0.002049956455028642,0.42105263157894735,0.0
4,14891867,1,0,0,0,0.000367647058824,0.000367647058824,0.0,0.0
4,15073876,57,16,1,1,0.0014541068694703,2.551064683281228e-05,0.2807017543859649,0.017543859649122806
4,15184511,58,24,6,4,0.0337845301385631,0.0005824918989407431,0.41379310344827586,0.06896551724137931
4,15321102,1,1,0,0,0.000172069428406,0.000172069428406,1.0,0.0
4,15323491,2,1,0,0,0.0027639182175823998,0.0013819591087911999,0.5,0.0
4,15398570,249,99,17,7,0.0574593523329595,0.00023076045113638353,0.39759036144578314,0.028112449799196786
4,15422821,2,0,0,0,0.001193956732746,0.000596978366373,0.0,0.0
4,15491650,3,2,0,0,0.000641249387799,0.000213749795933,0.6666666666666666,0.0
4,15500294,3,0,0,0,0.00028065002436019997,9.355000812006666e-05,0.0,0.0
4,15500296,4,0,0,0,0.000177235265865,4.430881646625e-05,0.0,0.0
4,15506599,4,1,1,0,0.0002182383824889,5.4559595622225e-05,0.25,0.0
4,15506600,1,0,0,0,1.74567454001e-05,1.74567454001e-05,0.0,0.0
4,15568932,32,11,2,2,0.0036010947749846,0.00011253421171826875,0.34375,0.0625
4,15574227,2,0,0,0,0.0009603509482220001,0.00048017547411100003,0.0,0.0
4,15654890,16,2,0,0,0.0008862147637580001,5.5388422734875004e-05,0.125,0.0
4,15654897,31,14,4,4,0.0059402346869071,0.00019162047377119677,0.45161290322580644,0.12903225806451613
4,15661602,4,0,0,0,0.0002211054012991,5.5276350324775e-05,0.0,0.0
4,15743382,12,1,1,1,0.0019478555854279,0.00016232129878565834,0.08333333333333333,0.08333333333333333
4,15746419,34,13,4,0,0.0171001313618462,0.0005029450400543,0.38235294117647056,0.0
4,15823034,3,2,0,0,0.003019516073345,0.0010065053577816667,0.6666666666666666,0.0
4,15885288,2,1,0,0,0.00026909834907159997,0.00013454917453579999,0.5,0.0
4,15959625,3,2,0,0,0.00023599060562470002,7.866353520823334e-05,0.6666666666666666,0.0
4,16040127,2,1,1,0,0.000202540182787,0.0001012700913935,0.5,0.0
4,16184517,16,5,5,5,0.0039507456910386,0.0002469216056899125,0.3125,0.3125
4,16294809,2,0,0,0,0.0001623155699975,8.115778499875e-05,0.0,0.0
4,16307476,1,1,0,0,0.00110294117647,0.00110294117647,1.0,0.0
4,16321090,6,4,0,0,0.0008778225653877,0.00014630376089795,0.6666666666666666,0.0
4,16491630,4,2,0,0,0.0010429756157531,0.000260743903938275,0.5,0.0
4,16506604,11,5,0,0,0.0052716896341793995,0.0004792445121981272,0.45454545454545453,0.0
4,16823030,14,3,0,0,0.0026825932204265,0.0001916138014590357,0.21428571428571427,0.0
4,16922675,7,4,1,0,0.0027888401421938998,0.00039840573459912855,0.5714285714285714,0.0
4,17132183,3,1,0,0,4.26237550569e-05,1.4207918352300001e-05,0.3333333333333333,0.0
4,17288254,19,6,0,0,0.0038924887201683,0.00020486782737727896,0.3157894736842105,0.0
4,17288262,12,5,1,1,0.0014410171337866,0.00012008476114888334,0.4166666666666667,0.08333333333333333
4,17314986,3,0,0,0,3.0000000000000004e-05,1e-05,0.0,0.0
4,17314989,5,1,0,0,0.000669144337806,0.0001338288675612,0.2,0.0
4,17321082,11,3,0,0,0.0011031410752951,0.00010028555229955454,0.2727272727272727,0.0
4,17435335,2,1,0,0,0.0012928047238221002,0.0006464023619110501,0.5,0.0
4,17445189,1,0,0,0,0.000462139172003,0.000462139172003,0.0,0.0
4,17491634,2,1,0,0,0.00011793860796740001,5.8969303983700005e-05,0.5,0.0
4,17661711,3,2,0,0,0.0012445912351569,0.0004148637450523,0.6666666666666666,0.0
4,17686799,84,20,1,1,0.0216992929890169,0.0002583249165359155,0.23809523809523808,0.011904761904761904
4,17710659,4,1,0,0,0.0003582623761753,8.9565594043825e-05,0.25,0.0
4,17710664,6,3,1,1,0.0053094973313813,0.0008849162218968833,0.5,0.16666666666666666
4,17916128,7,1,0,0,0.0017831294970039,0.0002547327852862714,0.14285714285714285,0.0
4,18091420,6,4,2,0,0.0024964045815005,0.00041606743025008334,0.6666666666666666,0.0
4,18095238,5,1,0,0,0.0003887091291302,7.774182582604e-05,0.2,0.0
4,18104558,1,0,0,0,4.79866359644e-05,4.79866359644e-05,0.0,0.0
4,18323505,3,0,0,0,0.0004713631779331,0.00015712105931103333,0.0,0.0
4,18436526,15,4,0,0,0.0011451696758336,7.634464505557333e-05,0.26666666666666666,0.0
4,18443077,14,6,0,0,0.0040633733465856,0.00029024095332754287,0.42857142857142855,0.0
4,18498193,8,0,0,0,0.0007135424304784,8.91928038098e-05,0.0,0.0
4,18498853,37,5,0,0,0.0031561851213355,8.530230057663513e-05,0.13513513513513514,0.0
4,18836888,5,4,0,0,0.0009967355093381,0.00019934710186762,0.8,0.0
4,18898397,5,1,1,1,0.0013943649665562,0.00027887299331124,0.2,0.2
4,18916125,1,0,0,0,1.17647078107e-05,1.17647078107e-05,0.0,0.0
4,18975813,44,12,3,2,0.0050698767577755,0.00011522447176762501,0.2727272727272727,0.045454545454545456
4,18975823,90,47,7,4,0.0184548268074127,0.00020505363119347443,0.5222222222222223,0.044444444444444446
4,19000595,1,1,0,0,5.588235224e-05,5.588235224e-05,1.0,0.0
4,19129839,26,8,0,0,0.0071944827472898,0.0002767108748957615,0.3076923076923077,0.0
4,19129845,1,0,0,0,0.000517327014138,0.000517327014138,0.0,0.0
4,19602309,29,10,0,0,0.0029786258416322,0.00010271123591835172,0.3448275862068966,0.0
4,19661713,5,2,1,1,0.001312381615398,0.0002624763230796,0.4,0.2
4,20309767,5,0,0,0,0.0004883771451411,9.767542902822e-05,0.0,0.0
4,20377297,8,2,0,0,0.0038581152468625,0.0004822644058578125,0.25,0.0
4,20458055,4,0,0,0,0.00043970587718240005,0.00010992646929560001,0.0,0.0
4,20530187,5,3,0,0,0.0014904999964005002,0.00029809999928010004,0.6,0.0
4,20640037,5,3,0,0,0.0008546264824113,0.00017092529648226,0.6,0.0
4,20695010,9,4,1,0,0.0167239490741629,0.0018582165637958778,0.4444444444444444,0.0
4,20817326,27,12,2,1,0.0030653770242081,0.00011353248237807779,0.4444444444444444,0.037037037037037035
4,20843295,1,1,0,0,6.02941171212e-05,6.02941171212e-05,1.0,0.0
4,20898399,2,0,0,0,2.5654621192899998e-05,1.2827310596449999e-05,0.0,0.0
4,20898401,2,2,0,0,0.000470918530927,0.0002354592654635,1.0,0.0
4,20916101,1,0,0,0,2.66154742364e-05,2.66154742364e-05,0.0,0.0
4,20922679,5,2,0,0,0.0002441908668038,4.883817336076e-05,0.4,0.0
4,20938751,14,7,1,1,0.0113571864669209,0.0008112276047800642,0.5,0.07142857142857142
4,21016759,4,2,0,0,0.0008381592891527,0.000209539822288175,0.5,0.0
4,21096019,5,2,0,0,0.0003324880811565,6.649761623130001e-05,0.4,0.0
4,21257831,3,1,0,0,0.00042900525281620004,0.00014300175093873334,0.3333333333333333,0.0
4,21294794,41,14,3,2,0.004065918901447,9.916875369382928e-05,0.34146341463414637,0.04878048780487805
4,21307468,3,0,0,0,0.0001078851732178,3.5961724405933334e-05,0.0,0.0
4,21443086,7,2,0,0,0.0014269284679194,0.0002038469239884857,0.2857142857142857,0.0
4,21640043,13,4,0,0,0.0012113538661504,9.318106662695385e-05,0.3076923076923077,0.0
4,21658041,3,1,0,0,0.0031991570389644,0.0010663856796548,0.3333333333333333,0.0
4,21830168,1,0,0,0,0.000321363903217,0.000321363903217,0.0,0.0
4,22071675,1,0,0,0,0.00145055121173,0.00145055121173,0.0,0.0
4,22233130,21,13,1,0,0.007051242891146,0.0003357734710069524,0.6190476190476191,0.0
4,22274902,4,1,0,0,0.0008676782733939,0.000216919568348475,0.25,0.0
4,22391321,1,1,0,0,0.000291176473393,0.000291176473393,1.0,0.0
4,22419532,16,8,0,0,0.0025250215147461,0.00015781384467163125,0.5,0.0
4,22431924,3,1,0,0,0.0002755574750553,9.18524916851e-05,0.3333333333333333,0.0
4,22451482,11,6,0,0,0.0055434856042787,0.0005039532367526091,0.5454545454545454,0.0
4,22589171,3,1,0,0,7.76460021734e-05,2.5882000724466667e-05,0.3333333333333333,0.0
4,22695010,1,0,0,0,0.000117234489692,0.000117234489692,0.0,0.0
4,22723823,20,7,0,0,0.0022282576122500002,0.00011141288061250002,0.35,0.0
4,22891668,3,3,1,1,0.0007402902233221,0.00024676340777403334,1.0,0.3333333333333333
4,22891673,1,0,0,0,3.78641442341e-05,3.78641442341e-05,0.0,0.0
4,23254639,2,2,0,0,0.0026673654608688003,0.0013336827304344001,1.0,0.0
4,23288223,2,1,0,0,9.19203815851e-05,4.596019079255e-05,0.5,0.0
4,23330020,4,2,0,0,0.001497779994443,0.00037444499861075,0.5,0.0
4,23330022,1,1,0,0,4.88419469088e-05,4.88419469088e-05,1.0,0.0
4,23530192,3,1,0,0,0.0004512348122471,0.00015041160408236666,0.3333333333333333,0.0
4,23644447,5,1,1,1,0.0032525888162800998,0.00065051776325602,0.2,0.2
4,23695013,14,3,0,0,0.0021675423038183,0.00015482445027273573,0.21428571428571427,0.0
4,23817046,21,5,1,1,0.0093411390922903,0.00044481614725191905,0.23809523809523808,0.047619047619047616
4,23852329,17,5,1,1,0.0041872372796778,0.0002463080752751647,0.29411764705882354,0.058823529411764705
4,23852330,3,2,0,0,0.0013331765925660001,0.00044439219752200005,0.6666666666666666,0.0
4,23852331,1,0,0,0,0.000117916678726,0.000117916678726,0.0,0.0
4,23852343,4,0,0,0,0.003767081431854,0.0009417703579635,0.0,0.0
4,23852344,1,1,0,0,4.33383925872e-05,4.33383925872e-05,1.0,0.0
4,24045148,1,0,0,0,1e-05,1e-05,0.0,0.0
4,24097956,7,2,0,0,0.0022119467835883,0.0003159923976554714,0.2857142857142857,0.0
4,24119478,1,1,0,0,8.97058844566e-05,8.97058844566e-05,1.0,0.0
4,24119481,10,4,0,0,0.00034526830041070003,3.4526830041070003e-05,0.4,0.0
4,24126625,6,4,0,0,0.0006484911747473,0.00010808186245788333,0.6666666666666666,0.0
4,24267774,13,7,0,0,0.0004700533222063,3.6157947862023076e-05,0.5384615384615384,0.0
4,24316983,11,5,0,0,0.0021080018658884,0.00019163653326258182,0.45454545454545453,0.0
4,24321351,3,1,0,0,0.0020818905828168,0.0006939635276056,0.3333333333333333,0.0
4,24378636,50,18,0,0,0.00512590769293,0.0001025181538586,0.36,0.0
4,24389111,13,8,0,0,0.0029305804425943,0.00022542926481494615,0.6153846153846154,0.0
4,24419530,6,2,0,0,0.0008224185350881,0.00013706975584801666,0.3333333333333333,0.0
4,24491616,3,2,0,0,0.00043954809208,0.00014651603069333334,0.6666666666666666,0.0
4,24526835,3,0,0,0,0.0003199164756849,0.0001066388252283,0.0,0.0
4,24843272,5,3,3,1,0.0009018560565832,0.00018037121131664,0.6,0.2
4,24843279,1,1,0,0,0.00050934778433,0.00050934778433,1.0,0.0
4,24942663,3,0,0,0,0.0006892839525934001,0.00022976131753113334,0.0,0.0
4,24982961,4,2,0,0,0.0001394709986078,3.486774965195e-05,0.5,0.0
4,25064375,3,2,0,0,0.0006448664573783999,0.00021495548579279997,0.6666666666666666,0.0
4,25102583,3,1,0,0,0.000151301866439,5.043395547966667e-05,0.3333333333333333,0.0
4,25119476,10,3,1,0,0.0018264341219877,0.00018264341219876998,0.3,0.0
4,25172774,6,3,1,1,0.0002713997825082,4.5233297084700006e-05,0.5,0.16666666666666666
4,25259856,2,0,0,0,7.003662464230001e-05,3.5018312321150004e-05,0.0,0.0
4,25419531,113,35,2,1,0.015320769565966,0.00013558203155722122,0.30973451327433627,0.008849557522123894
4,25675129,10,5,0,0,0.0019979797950848,0.00019979797950848,0.5,0.0
4,25866075,18,1,0,0,0.0008338582543021,4.632545857233889e-05,0.05555555555555555,0.0
4,25866076,19,6,0,0,0.0015102641126793,7.948758487785789e-05,0.3157894736842105,0.0
4,25920690,41,18,3,3,0.009336309974997301,0.00022771487743895855,0.43902439024390244,0.07317073170731707
4,25998432,18,6,1,0,0.0011973733059478999,6.652073921932777e-05,0.3333333333333333,0.0
4,25998433,2,1,0,0,0.0002098252673399,0.00010491263366995,0.5,0.0
4,25998434,2,0,0,0,0.0002367014085091,0.00011835070425455,0.0,0.0
4,25998435,5,1,0,0,0.001630720392799,0.0003261440785598,0.2,0.0
4,26071516,1,0,0,0,0.000913155941653,0.000913155941653,0.0,0.0
4,26091094,6,1,0,0,0.0008640792772996999,0.0001440132128832833,0.16666666666666666,0.0
4,26091099,4,2,1,0,0.0010814588620430001,0.00027036471551075003,0.5,0.0
4,26321366,58,16,1,0,0.005404740351185,9.31851784687069e-05,0.27586206896551724,0.0
4,26383493,2,0,0,0,2e-05,1e-05,0.0,0.0
4,26389107,6,2,0,0,0.0007427005747781,0.00012378342912968334,0.3333333333333333,0.0
4,26534046,1,1,0,0,3.33372240557e-05,3.33372240557e-05,1.0,0.0
4,26614024,4,3,0,0,0.0009315481665039,0.000232887041625975,0.75,0.0
4,26614035,1,1,0,0,0.000598680973053,0.000598680973053,1.0,0.0
4,26852338,21,8,0,0,0.006807091171179,0.0003241471986275714,0.38095238095238093,0.0
4,26852339,62,7,1,0,0.0052626451104488,8.48813727491742e-05,0.11290322580645161,0.0
4,26874680,2,0,0,0,0.0003303238951521,0.00016516194757605,0.0,0.0
4,26891650,6,1,0,0,0.0008882518682939001,0.00014804197804898334,0.16666666666666666,0.0
4,26903589,1,0,0,0,0.000214303907226,0.000214303907226,0.0,0.0
4,26945970,7,4,0,0,0.0007881474469276,0.00011259249241822857,0.5714285714285714,0.0
4,26949222,1,0,0,0,0.000116748232712,0.000116748232712,0.0,0.0
4,26998428,29,12,0,0,0.0048833491678728,0.00016839135061630345,0.41379310344827586,0.0
4,26998432,3,2,0,0,0.00035881102117670005,0.00011960367372556668,0.6666666666666666,0.0
4,26998435,1,1,0,0,0.000220588235294,0.000220588235294,1.0,0.0
4,27009843,2,1,0,0,6.51872555411e-05,3.259362777055e-05,0.5,0.0
4,27009857,10,1,0,0,0.00029605015182259997,2.9605015182259996e-05,0.1,0.0
4,27031690,3,1,0,0,0.0001187961696528,3.95987232176e-05,0.3333333333333333,0.0
4,27091101,1,0,0,0,5.88235302882e-05,5.88235302882e-05,0.0,0.0
4,27091104,3,2,1,0,0.0012799103869766,0.0004266367956588667,0.6666666666666666,0.0
4,27118781,35,16,1,0,0.0073639946662263,0.00021039984760646573,0.45714285714285713,0.0
4,27321366,37,15,0,0,0.0053212343796436995,0.00014381714539577566,0.40540540540540543,0.0
4,27323540,25,7,0,0,0.0013270648862411,5.3082595449644e-05,0.28,0.0
4,27323541,23,8,1,0,0.002874810659779,0.00012499176781647825,0.34782608695652173,0.0
4,27385784,14,4,0,0,0.0010877377671977,7.769555479983572e-05,0.2857142857142857,0.0
4,27491436,3,1,0,0,0.0018572384395916,0.0006190794798638667,0.3333333333333333,0.0
4,27589150,3,1,0,0,0.0003631640573885,0.00012105468579616666,0.3333333333333333,0.0
4,27614018,1,0,0,0,0.000192854038721,0.000192854038721,0.0,0.0
4,27684173,7,1,1,1,0.0044739473723379,0.0006391353389054142,0.14285714285714285,0.14285714285714285
4,27729624,5,2,0,0,0.0011186458859909001,0.00022372917719818002,0.4,0.0
4,27777499,12,5,0,0,0.003339656205383,0.00027830468378191666,0.4166666666666667,0.0
4,27888153,6,2,0,0,0.0011671814929213,0.00019453024882021665,0.3333333333333333,0.0
4,27891651,4,2,0,0,0.0003801025250213,9.5025631255325e-05,0.5,0.0
4,27990027,1,0,0,0,0.000220588235294,0.000220588235294,0.0,0.0
4,28031695,1,0,0,0,2.21108436682e-05,2.21108436682e-05,0.0,0.0
4,28071513,1,0,0,0,0.000163235296222,0.000163235296222,0.0,0.0
4,28137208,11,4,0,0,0.0017032374356593999,0.00015483976687812726,0.36363636363636365,0.0
4,28233117,1,0,0,0,1e-05,1e-05,0.0,0.0
4,28351001,61,36,10,7,0.11326022643323129,0.0018567250234955948,0.5901639344262295,0.11475409836065574
4,28385762,5,2,0,0,0.0009276225374009,0.00018552450748017998,0.4,0.0
4,28389117,6,1,0,0,0.0003338021658729,5.5633694312150004e-05,0.16666666666666666,0.0
4,28729609,7,2,2,2,0.0018350479288437999,0.00026214970412054284,0.2857142857142857,0.2857142857142857
4,28729624,4,2,0,0,0.0005115992108613,0.000127899802715325,0.5,0.0
4,28739284,9,4,2,1,0.0031212670783628,0.0003468074531514222,0.4444444444444444,0.1111111111111111
4,28752986,7,4,3,3,0.009663004881915299,0.0013804292688450427,0.5714285714285714,0.42857142857142855
4,28752988,2,1,0,0,0.000186965103429,9.34825517145e-05,0.5,0.0
4,28795042,91,41,8,2,0.0189567592616398,0.00020831603584219561,0.45054945054945056,0.02197802197802198
4,28795043,67,17,2,0,0.0083441301493442,0.0001245392559603612,0.2537313432835821,0.0
4,28795047,1,1,0,0,0.000301470581224,0.000301470581224,1.0,0.0
4,28864843,1,0,0,0,7.82579095925e-05,7.82579095925e-05,0.0,0.0
4,28874676,26,12,1,0,0.0053737665937265006,0.00020668333052794232,0.46153846153846156,0.0
4,28896342,5,1,0,0,0.0041429881888456,0.00082859763776912,0.2,0.0
4,28920697,4,0,0,0,0.0003901548810904,9.75387202726e-05,0.0,0.0
4,29091102,1,0,0,0,4.9401876681e-05,4.9401876681e-05,0.0,0.0
4,29140152,1,0,0,0,0.000615101371326,0.000615101371326,0.0,0.0
4,29175063,1,0,0,0,8.82352976238e-05,8.82352976238e-05,0.0,0.0
4,29345613,17,7,2,0,0.0064682956308549,0.00038048797828558236,0.4117647058823529,0.0
4,29389116,10,2,0,0,0.0034850572720378,0.00034850572720378,0.2,0.0
4,29427842,63,27,5,5,0.0442910578476196,0.0007030326642479301,0.42857142857142855,0.07936507936507936
4,29513908,1,1,0,0,0.000372387900342,0.000372387900342,1.0,0.0
4,29513913,3,2,1,0,0.001067256149093,0.0003557520496976667,0.6666666666666666,0.0
4,29513914,1,0,0,0,2.50000002629e-05,2.50000002629e-05,0.0,0.0
4,29513915,1,1,0,0,0.000159740868737,0.000159740868737,1.0,0.0
4,29513916,7,2,0,0,0.0066399189437996,0.0009485598491142286,0.2857142857142857,0.0
4,29531970,8,3,0,0,0.0002809100239047,3.51137529880875e-05,0.375,0.0
4,29531976,2,1,1,0,0.00021961762624580003,0.00010980881312290002,0.5,0.0
4,29531983,11,0,0,0,0.0002329961007054,2.118146370049091e-05,0.0,0.0
4,29534051,5,1,0,0,0.0016774005361839999,0.0003354801072368,0.2,0.0
4,29614010,2,1,0,0,0.003285105418222,0.001642552709111,0.5,0.0
4,29614011,7,0,0,0,0.0003678496775869,5.2549953940985714e-05,0.0,0.0
4,29614012,1,0,0,0,0.000110437043917,0.000110437043917,0.0,0.0
4,29614013,1,0,0,0,1.22992683421e-05,1.22992683421e-05,0.0,0.0
4,29687342,5,4,1,0,0.0006888220507579,0.00013776441015158,0.8,0.0
4,29687343,2,1,0,0,0.0015505375700440001,0.0007752687850220001,0.5,0.0
4,29862638,2,1,0,0,0.004015408055191,0.0020077040275955,0.5,0.0
4,29864831,1,0,0,0,7.2925174061e-05,7.2925174061e-05,0.0,0.0
4,29874685,2,2,0,0,0.0020332387892562,0.0010166193946281,1.0,0.0
4,29874686,1,0,0,0,1.32358658867e-05,1.32358658867e-05,0.0,0.0
4,29880998,1,1,0,0,0.000960862426197,0.000960862426197,1.0,0.0
4,30175072,10,5,0,0,0.0070334694030677,0.00070334694030677,0.5,0.0
4,30175073,2,0,0,0,0.0026415828783740002,0.0013207914391870001,0.0,0.0
4,30328739,4,0,0,0,0.0020590448748283,0.000514761218707075,0.0,0.0
4,30368132,9,2,0,0,0.0050916592507466,0.0005657399167496222,0.2222222222222222,0.0
4,30405203,3,2,1,0,0.00026649639558740004,8.883213186246668e-05,0.6666666666666666,0.0
4,30427825,5,3,0,0,0.0015672186396228998,0.00031344372792457993,0.6,0.0
4,30471712,1,1,0,0,0.000186846876466,0.000186846876466,1.0,0.0
4,30471715,1,1,0,0,0.00012704560902,0.00012704560902,1.0,0.0
4,30487330,1,0,0,0,1.92990592297e-05,1.92990592297e-05,0.0,0.0
4,30491418,29,14,1,0,0.0119993682218417,0.00041377131799454135,0.4827586206896552,0.0
4,30501159,5,3,0,0,0.0048492573407111,0.00096985146814222,0.6,0.0
4,30534043,1,1,0,0,6.02941171212e-05,6.02941171212e-05,1.0,0.0
4,30535894,16,9,1,1,0.0058413676685587996,0.00036508547928492497,0.5625,0.0625
4,30676243,16,4,0,0,0.0022332195987969003,0.00013957622492480627,0.25,0.0
4,30729721,3,0,0,0,0.0004061937745982,0.00013539792486606667,0.0,0.0
4,30752994,36,16,0,0,0.0061482961475839,0.00017078600409955278,0.4444444444444444,0.0
4,30801593,553,189,21,14,0.0374535344375038,6.772791037523292e-05,0.34177215189873417,0.02531645569620253
4,30810420,2,0,0,0,0.0006290098248988,0.0003145049124494,0.0,0.0
4,30848316,1,0,0,0,0.000301470581224,0.000301470581224,0.0,0.0
4,31129937,3,1,0,0,0.0009887009341882,0.00032956697806273334,0.3333333333333333,0.0
4,31129938,4,2,0,0,0.003008564096894,0.0007521410242235,0.5,0.0
4,31129939,2,2,0,0,0.000948830540884,0.000474415270442,1.0,0.0
4,31265168,5,1,0,0,0.0006544041068945,0.0001308808213789,0.2,0.0
4,31323522,3,0,0,0,0.0003235294319252,0.00010784314397506667,0.0,0.0
4,31330666,2,1,0,0,3.08357655826e-05,1.54178827913e-05,0.5,0.0
4,31491419,1,0,0,0,2.22442698568e-05,2.22442698568e-05,0.0,0.0
4,31736975,11,3,0,0,0.0012875074229268002,0.00011704612935698184,0.2727272727272727,0.0
4,31772643,46,8,2,2,0.0060753862333214,0.00013207361376785652,0.17391304347826086,0.043478260869565216
4,31775712,4,1,1,1,0.0011866522621396,0.0002966630655349,0.25,0.25
4,32009848,64,17,5,2,0.0046151983152976,7.2112473676525e-05,0.265625,0.03125
4,32135669,1,1,0,0,0.00108245948869,0.00108245948869,1.0,0.0
4,32135670,12,4,0,0,0.0007697794778931,6.414828982442501e-05,0.3333333333333333,0.0
4,32135680,2,0,0,0,0.0010250000129735,0.00051250000648675,0.0,0.0
4,32321347,1,1,0,0,3.79277634271e-05,3.79277634271e-05,1.0,0.0
4,32323516,33,7,0,0,0.0030486267933017,9.238263010005152e-05,0.21212121212121213,0.0
4,32368241,6,1,0,0,0.0004446543687901,7.410906146501667e-05,0.16666666666666666,0.0
4,32368244,55,26,11,8,0.0308015116687614,0.0005600274848865709,0.4727272727272727,0.14545454545454545
4,32385772,1,0,0,0,3.97058839307e-05,3.97058839307e-05,0.0,0.0
4,32398755,39,14,2,0,0.0109314251709158,0.00028029295310040515,0.358974358974359,0.0
4,32398758,2,0,0,0,0.0004928605632371,0.00024643028161855,0.0,0.0
4,32452108,1,1,0,0,0.000441176470588,0.000441176470588,1.0,0.0
4,32452111,22,6,0,0,0.0037136502823289,0.00016880228556040455,0.2727272727272727,0.0
5,73325,7,3,2,2,0.0007375530314864,0.00010536471878377144,0.42857142857142855,0.2857142857142857
5,73327,22,2,2,2,0.0027683360049904,0.00012583345477229092,0.09090909090909091,0.09090909090909091
5,73328,20,9,5,5,0.0038358911892541,0.000191794559462705,0.45,0.25
5,83677,17,6,3,2,0.0095290147124007,0.0005605302772000412,0.35294117647058826,0.11764705882352941
5,408759,49,20,6,0,0.0074952923279074,0.00015296514954913062,0.40816326530612246,0.0
5,442617,5,2,1,1,0.000263207834286,5.26415668572e-05,0.4,0.2
5,497590,16,7,0,0,0.0006231451672102999,3.8946572950643746e-05,0.4375,0.0
5,497593,90,30,1,0,0.006718065164718,7.464516849686667e-05,0.3333333333333333,0.0
5,604244,13,5,0,0,0.00091960142961,7.073857150846154e-05,0.38461538461538464,0.0
5,604249,4,1,0,0,0.0001150794772239,2.8769869305975e-05,0.25,0.0
5,690012,11,2,0,0,0.0014817628587132999,0.0001347057144284818,0.18181818181818182,0.0
5,716288,21,5,0,0,0.0013716397813761,6.531618006552856e-05,0.23809523809523808,0.0
5,787943,14,5,0,0,0.0070221793509124995,0.0005015842393508929,0.35714285714285715,0.0
5,804100,26,7,2,0,0.0180058500352864,0.0006925326936648615,0.2692307692307692,0.0
5,828346,18,5,0,0,0.0043802650221838,0.00024334805678798892,0.2777777777777778,0.0
5,884761,9,2,0,0,0.00031806270138959997,3.5340300154399996e-05,0.2222222222222222,0.0
5,946549,11,2,0,0,0.0032625876826361,0.00029659888023964546,0.18181818181818182,0.0
5,1341195,5,0,0,0,0.0001965670057606,3.931340115212e-05,0.0,0.0
5,1341198,4,1,0,0,0.0013683857192287,0.000342096429807175,0.25,0.0
5,1415896,17,5,0,0,0.0087455135539443,0.0005144419737614294,0.29411764705882354,0.0
5,1428788,10,2,0,0,0.0014544520981822,0.00014544520981822,0.2,0.0
5,1586481,14,3,0,0,0.0020306440296881,0.00014504600212057855,0.21428571428571427,0.0
5,1632450,4,1,0,0,0.0007428708320817001,0.00018571770802042501,0.25,0.0
5,1632451,4,1,0,0,0.0041578601590580005,0.0010394650397645001,0.25,0.0
5,1716282,2,1,0,0,0.000526415009335,0.0002632075046675,0.5,0.0
5,1869938,3,1,0,0,0.000904890361724,0.0003016301205746667,0.3333333333333333,0.0
5,1869939,2,1,0,0,0.0013524660353739998,0.0006762330176869999,0.5,0.0
5,1946547,1,0,0,0,0.000165288425975,0.000165288425975,0.0,0.0
5,2073319,1,0,0,0,2.79809310562e-05,2.79809310562e-05,0.0,0.0
5,2073328,14,4,1,1,0.0009281104101162,6.629360072258571e-05,0.2857142857142857,0.07142857142857142
5,2077112,5,1,0,0,0.0006032896808074001,0.00012065793616148001,0.2,0.0
5,2144729,2,0,0,0,0.0001718321617911,8.591608089555e-05,0.0,0.0
5,2342814,3,1,0,0,0.001362029707203,0.000454009902401,0.3333333333333333,0.0
5,2390251,45,11,0,0,0.0180124556150967,0.0004002767914465933,0.24444444444444444,0.0
5,2407403,13,2,0,0,0.0004734226648579,3.641712806599231e-05,0.15384615384615385,0.0
5,2462355,7,3,0,0,0.0005295781821726001,7.565402602465715e-05,0.42857142857142855,0.0
5,2576437,138,48,2,0,0.0084035325167716,6.089516316501159e-05,0.34782608695652173,0.0
5,2694554,13,8,2,2,0.0024961611304394,0.00019201239464918462,0.6153846153846154,0.15384615384615385
5,2828357,22,9,0,0,0.0083680175171849,0.0003803644325993136,0.4090909090909091,0.0
5,2865314,70,10,2,1,0.0291289304282395,0.00041612757754627857,0.14285714285714285,0.014285714285714285
5,2865315,9,5,0,0,0.0064227644335529,0.000713640492616989,0.5555555555555556,0.0
5,2865318,1,0,0,0,3.94985079765e-05,3.94985079765e-05,0.0,0.0
5,2865319,3,0,0,0,0.00025957071167520004,8.652357055840002e-05,0.0,0.0
5,2869134,38,20,11,9,0.0034171277848126,8.992441538980526e-05,0.5263157894736842,0.23684210526315788
5,2946551,8,6,0,0,0.0013723700958616,0.0001715462619827,0.75,0.0
5,2953712,1,0,0,0,0.000176504320498,0.000176504320498,0.0,0.0
5,2953716,68,23,6,6,0.0056061670272374,8.244363275349117e-05,0.3382352941176471,0.08823529411764706
5,3073302,2,0,0,0,2e-05,1e-05,0.0,0.0
5,3073304,4,0,0,0,0.0003584931498269,8.9623287456725e-05,0.0,0.0
5,3073305,4,2,2,2,0.00045050853852999996,0.00011262713463249999,0.5,0.5
5,3139444,1,0,0,0,0.000366676975699,0.000366676975699,0.0,0.0
5,3144706,23,6,0,0,0.0076340213043367,0.00033191396975376956,0.2608695652173913,0.0
5,3291799,2,0,0,0,8.06417716481e-05,4.032088582405e-05,0.0,0.0
5,3291800,9,3,0,0,0.0036531942486682,0.00040591047207424444,0.3333333333333333,0.0
5,3313894,7,3,0,0,0.0031716660741632,0.00045309515345188573,0.42857142857142855,0.0
5,3406182,5,1,0,0,0.0013027486721063,0.00026054973442126,0.2,0.0
5,3422224,8,2,0,0,0.001026417610196,0.0001283022012745,0.25,0.0
5,3610770,15,9,2,2,0.0022202607780313,0.00014801738520208666,0.6,0.13333333333333333
5,3694556,16,11,6,6,0.0012963528763435001,8.102205477146876e-05,0.6875,0.375
5,3694557,5,2,1,0,0.000476337823608,9.52675647216e-05,0.4,0.0
5,3788051,2,0,0,0,0.0006352981518055001,0.00031764907590275005,0.0,0.0
5,3828354,15,7,0,0,0.0041841816783051,0.00027894544522034,0.4666666666666667,0.0
5,3828360,1,0,0,0,2.05882353818e-05,2.05882353818e-05,0.0,0.0
5,3858763,1,0,0,0,0.00266277324511,0.00266277324511,0.0,0.0
5,3877975,6,1,0,0,0.0002896571886346,4.8276198105766665e-05,0.16666666666666666,0.0
5,3884873,5,3,0,0,0.000152251031159,3.04502062318e-05,0.6,0.0
5,3892353,11,3,1,1,0.0030522340620845,0.0002774758238258636,0.2727272727272727,0.09090909090909091
5,4293600,72,26,2,2,0.0078410793303655,0.00010890387958840971,0.3611111111111111,0.027777777777777776
5,4406179,6,3,0,0,0.0033181129937276998,0.00055301883228795,0.5,0.0
5,4407386,7,3,0,0,0.0006179076998857,8.82725285551e-05,0.42857142857142855,0.0
5,4466870,4,2,1,1,0.0012788363154229,0.000319709078855725,0.5,0.25
5,4626334,1,1,1,0,7.74721450846e-05,7.74721450846e-05,1.0,0.0
5,4676898,8,3,1,1,0.0014824757830569,0.0001853094728821125,0.375,0.125
5,4804073,1,1,0,0,0.000295941437757,0.000295941437757,1.0,0.0
5,4814007,26,6,0,0,0.0014797213322286,5.6912358931869225e-05,0.23076923076923078,0.0
5,4828346,30,11,0,0,0.0122717674447071,0.00040905891482357,0.36666666666666664,0.0
5,4828354,8,7,0,0,0.0019159265619838,0.000239490820247975,0.875,0.0
5,4869922,57,30,2,1,0.0215896818727995,0.0003787663486456052,0.5263157894736842,0.017543859649122806
5,4869923,9,5,1,0,0.0031001120886268,0.0003444568987363111,0.5555555555555556,0.0
5,4913658,34,10,2,1,0.0071346997044471,0.00020984410895432648,0.29411764705882354,0.029411764705882353
5,5044698,16,6,0,0,0.0018061630067764,0.000112885187923525,0.375,0.0
5,5061823,1,1,0,0,0.000145927901283,0.000145927901283,1.0,0.0
5,5061834,182,47,5,0,0.1045498334450244,0.0005744496343133209,0.25824175824175827,0.0
5,5084322,7,3,0,0,0.0004304288268108,6.148983240154286e-05,0.42857142857142855,0.0
5,5121533,9,2,0,0,0.0035516613313374,0.0003946290368152667,0.2222222222222222,0.0
5,5121534,3,1,0,0,0.0003900877408249,0.00013002924694163333,0.3333333333333333,0.0
5,5121547,4,0,0,0,0.002293788392703,0.00057344709817575,0.0,0.0
5,5281156,62,10,0,0,0.0046752074930798,7.540657246902903e-05,0.16129032258064516,0.0
5,5316929,4,1,0,0,0.0003550905901237,8.8772647530925e-05,0.25,0.0
5,5442463,4,0,0,0,0.0005280216442036,0.0001320054110509,0.0,0.0
5,5474094,3,0,0,0,0.000200669511276,6.6889837092e-05,0.0,0.0
5,5544859,57,31,17,7,0.0045054914960489,7.904371045699825e-05,0.543859649122807,0.12280701754385964
5,5612724,1,1,0,0,9.21013718933e-05,9.21013718933e-05,1.0,0.0
5,5686703,26,7,1,0,0.0057036210102673,0.0002193700388564346,0.2692307692307692,0.0
5,5700346,6,1,0,0,0.0008731524364024,0.00014552540606706666,0.16666666666666666,0.0
5,5743152,1,0,0,0,2.97965453729e-05,2.97965453729e-05,0.0,0.0
5,5781045,3,1,0,0,0.0023435408273909998,0.000781180275797,0.3333333333333333,0.0
5,5867090,27,9,0,0,0.0010016662904309,3.709875149744074e-05,0.3333333333333333,0.0
5,5871888,3,2,0,0,3.0000000000000004e-05,1e-05,0.6666666666666666,0.0
5,5892331,4,0,0,0,0.000674226973737,0.00016855674343425,0.0,0.0
5,6015885,1,1,1,1,0.00167638214129,0.00167638214129,1.0,1.0
5,6210424,26,8,0,0,0.0045057784361494,0.00017329917062113077,0.3076923076923077,0.0
5,6228543,21,2,0,0,0.0057926863588068,0.0002758422075622286,0.09523809523809523,0.0
5,6316933,1,0,0,0,1e-05,1e-05,0.0,0.0
5,6336377,30,11,0,0,0.005765823090405,0.00019219410301350002,0.36666666666666664,0.0
5,6442601,1,0,0,0,2.96762482393e-05,2.96762482393e-05,0.0,0.0
5,6513183,2,0,0,0,0.0008816880738765,0.00044084403693825,0.0,0.0
5,6516505,7,5,0,0,0.0065764845918456,0.0009394977988350857,0.7142857142857143,0.0
5,6686701,51,23,15,14,0.0369836769248751,0.0007251701357818647,0.45098039215686275,0.27450980392156865
5,6686703,1,1,0,0,0.00012626473518,0.00012626473518,1.0,0.0
5,6686704,30,16,6,4,0.0123001859924846,0.0004100061997494867,0.5333333333333333,0.13333333333333333
5,6697149,4,0,0,0,0.00040307413214410003,0.00010076853303602501,0.0,0.0
5,6697150,2,0,0,0,0.00043580114064559997,0.00021790057032279998,0.0,0.0
5,6781040,21,10,0,0,0.002044919455855,9.73771169454762e-05,0.47619047619047616,0.0
5,6810200,50,30,3,2,0.006395696553584,0.00012791393107168,0.6,0.04
5,6886817,70,24,4,1,0.0215452585945668,0.0003077894084938114,0.34285714285714286,0.014285714285714285
5,7061828,87,30,4,3,0.0277007019251305,0.0003183988727026494,0.3448275862068966,0.034482758620689655
5,7075386,5,2,0,0,0.0001553180529504,3.106361059008e-05,0.4,0.0
5,7121544,124,55,2,1,0.0545918041953952,0.00044025648544673547,0.4435483870967742,0.008064516129032258
5,7144711,8,2,0,0,0.0022437310350647,0.0002804663793830875,0.25,0.0
5,7289590,69,19,0,0,0.0145918737228172,0.00021147643076546667,0.2753623188405797,0.0
5,7299461,7,1,0,0,0.0009622047311306,0.00013745781873294286,0.14285714285714285,0.0
5,7336371,9,5,0,0,0.0011602520122525,0.0001289168902502778,0.5555555555555556,0.0
5,7336375,6,4,1,0,0.0017244851564245,0.0002874141927374167,0.6666666666666666,0.0
5,7336381,5,1,0,0,0.0029760174838436002,0.00059520349676872,0.2,0.0
5,7351509,1,0,0,0,8.82352976238e-05,8.82352976238e-05,0.0,0.0
5,7403871,2,1,0,0,0.0015704882337967,0.00078524411689835,0.5,0.0
5,7413800,2,0,0,0,0.0012500000000047,0.00062500000000235,0.0,0.0
5,7462178,4,1,0,0,0.0021308660033175,0.000532716500829375,0.25,0.0
5,7544834,3,0,0,0,0.00034555909558759996,0.00011518636519586665,0.0,0.0
5,7681481,4,0,0,0,0.0002697537522634,6.743843806585e-05,0.0,0.0
5,7686710,14,3,0,0,0.0084010205548292,0.0006000728967735143,0.21428571428571427,0.0
5,7697146,1,1,0,0,0.000439180834875,0.000439180834875,1.0,0.0
5,7828336,1,0,0,0,6.02941171212e-05,6.02941171212e-05,0.0,0.0
5,7828337,1,1,0,0,0.00104873355697,0.00104873355697,1.0,0.0
5,7828339,4,0,0,0,0.002444133128,0.000611033282,0.0,0.0
5,7845418,6,2,0,0,0.001116183430521,0.0001860305717535,0.3333333333333333,0.0
5,7869916,4,1,0,0,0.0012571508237150001,0.00031428770592875003,0.25,0.0
5,7892338,1,0,0,0,4.70265220193e-05,4.70265220193e-05,0.0,0.0
5,8214946,11,2,0,0,0.0003547946254757,3.2254056861427276e-05,0.18181818181818182,0.0
5,8403848,79,30,7,2,0.0104179559013812,0.00013187285951115444,0.379746835443038,0.02531645569620253
5,8407229,2,1,0,0,0.0001204361563345,6.021807816725e-05,0.5,0.0
5,8500299,13,7,0,0,0.0065373608183664,0.0005028739091051076,0.5384615384615384,0.0
5,8695046,3,1,0,0,0.0003072222556575,0.0001024074185525,0.3333333333333333,0.0
5,8710016,16,9,0,0,0.0028922015223277,0.00018076259514548124,0.5625,0.0
5,8710017,8,3,0,0,0.0072721133046145,0.0009090141630768125,0.375,0.0
5,8867068,10,2,0,0,0.0006059555804751,6.059555804751e-05,0.2,0.0
5,8877963,1,0,0,0,8.12281353542e-05,8.12281353542e-05,0.0,0.0
5,8891880,1,1,0,0,0.00292126668656,0.00292126668656,1.0,0.0
5,8892339,17,6,3,1,0.0033803910407059,0.0001988465318062294,0.35294117647058826,0.058823529411764705
5,8892341,12,2,0,0,0.0021021913405524,0.0001751826117127,0.16666666666666666,0.0
5,8904991,1,1,0,0,1e-05,1e-05,1.0,0.0
5,8980571,50,19,0,0,0.0041968023031533,8.393604606306599e-05,0.38,0.0
5,8980584,29,10,3,1,0.013280739415908899,0.00045795653158306547,0.3448275862068966,0.034482758620689655
5,8980585,53,15,0,0,0.0170559576505864,0.0003218105217091774,0.2830188679245283,0.0
5,9013587,19,6,0,0,0.0021594755334693,0.00011365660702470001,0.3157894736842105,0.0
5,9042365,2,1,0,0,0.000870906517099,0.0004354532585495,0.5,0.0
5,9095251,17,12,2,0,0.0021290248122097,0.00012523675365939412,0.7058823529411765,0.0
5,9097334,2,1,0,0,0.000375374362748,0.000187687181374,0.5,0.0
5,9097339,3,1,0,0,0.0010868433624937,0.00036228112083123336,0.3333333333333333,0.0
5,9097340,2,1,0,0,0.000242797159868,0.000121398579934,0.5,0.0
5,9100689,44,19,9,8,0.0116509005084439,0.000264793193373725,0.4318181818181818,0.18181818181818182
5,9100690,4,2,0,0,0.0008557718422692,0.0002139429605673,0.5,0.0
5,9100691,27,9,5,3,0.0035997742891576,0.0001333249736725037,0.3333333333333333,0.1111111111111111
5,9100692,21,8,5,3,0.0052019370532633,0.00024771128825063334,0.38095238095238093,0.14285714285714285
5,9100693,32,12,6,4,0.0047776940149409,0.00014930293796690312,0.375,0.125
5,9100694,5,1,0,0,0.0003186804127239,6.373608254478e-05,0.2,0.0
5,9106406,15,4,1,0,0.003353203853009,0.00022354692353393333,0.26666666666666666,0.0
5,9106407,6,0,0,0,0.0001832946732707,3.054911221178334e-05,0.0,0.0
5,9500303,6,4,0,0,0.004474758807352,0.0007457931345586666,0.6666666666666666,0.0
5,9700342,2,0,0,0,0.0001536505669355,7.682528346775e-05,0.0,0.0
5,9700343,5,2,0,0,0.0012262831212780001,0.0002452566242556,0.4,0.0
5,9810200,27,15,2,2,0.0113484239489565,0.0004203119981095,0.5555555555555556,0.07407407407407407
5,10002432,7,3,0,0,0.002390933512813,0.00034156193040185717,0.42857142857142855,0.0
5,10013589,8,3,0,0,0.0006367703273082,7.9596290913525e-05,0.375,0.0
5,10123946,2,1,0,0,0.0001074263634169,5.371318170845e-05,0.5,0.0
5,10245630,4,2,0,0,0.001925105276449,0.00048127631911225,0.5,0.0
5,10321092,1,0,0,0,7.35294117647e-05,7.35294117647e-05,0.0,0.0
5,10321103,7,2,0,0,0.0039346240667875,0.0005620891523982144,0.2857142857142857,0.0
5,10341182,769,342,80,43,0.2282946463216988,0.00029687210184876304,0.4447334200260078,0.055916775032509754
5,10383101,9,3,0,0,0.0015813698629072001,0.00017570776254524447,0.3333333333333333,0.0
5,10462151,7,4,2,0,0.0014212501887785,0.00020303574125407143,0.5714285714285714,0.0
5,10474106,29,20,13,5,0.014889091119838601,0.0005134169351668483,0.6896551724137931,0.1724137931034483
5,10491643,5,1,0,0,0.0002087222140293,4.174444280586e-05,0.2,0.0
5,10686810,3,2,0,0,0.0002475953621461,8.253178738203333e-05,0.6666666666666666,0.0
5,10746437,1,1,0,0,0.000220705942513,0.000220705942513,1.0,0.0
5,10810197,5,3,0,0,0.00036023897929950003,7.20477958599e-05,0.6,0.0
5,10810198,5,4,0,0,0.0007354594338738,0.00014709188677476,0.8,0.0
5,10960760,15,5,0,0,0.0025715699347183003,0.00017143799564788668,0.3333333333333333,0.0
5,11028540,10,2,0,0,0.0007406592413816,7.406592413816e-05,0.2,0.0
5,11042365,1,0,0,0,1e-05,1e-05,0.0,0.0
5,11097337,6,5,1,0,0.0022525529976223,0.00037542549960371666,0.8333333333333334,0.0
5,11289564,9,2,0,0,0.0004211986943855,4.679985493172222e-05,0.2222222222222222,0.0
5,11321105,17,3,0,0,0.00428304005199,0.00025194353247000003,0.17647058823529413,0.0
5,11387831,4,0,0,0,0.0001266331663991,3.1658291599775e-05,0.0,0.0
5,11500306,46,29,0,0,0.0070373066315892,0.00015298492677367828,0.6304347826086957,0.0
5,11746439,1,0,0,0,0.000361431065728,0.000361431065728,0.0,0.0
5,11765780,3,2,0,0,0.001114312693829,0.00037143756460966665,0.6666666666666666,0.0
5,11765782,8,4,0,0,0.004892876639214,0.00061160957990175,0.5,0.0
5,11772330,21,6,0,0,0.0021563558313946,0.00010268361101879047,0.2857142857142857,0.0
5,11803618,35,8,1,1,0.0038266569778775,0.00010933305651078571,0.22857142857142856,0.02857142857142857
5,11843320,37,7,0,0,0.0034013551442597,9.192851741242433e-05,0.1891891891891892,0.0
5,11938638,26,3,0,0,0.0037358005822326,0.0001436846377781769,0.11538461538461539,0.0
5,11959615,7,5,0,0,0.0008620297266122999,0.00012314710380175714,0.7142857142857143,0.0
5,12002431,2,2,0,0,0.001125437080448,0.000562718540224,1.0,0.0
5,12042241,2,0,0,0,0.00032837161244399996,0.00016418580622199998,0.0,0.0
5,12089529,29,14,0,0,0.0061120508050892,0.00021076037258928277,0.4827586206896552,0.0
5,12121528,38,12,3,1,0.0201759962109532,0.0005309472687092948,0.3157894736842105,0.02631578947368421
5,12288258,3,1,0,0,0.0010584733767474,0.0003528244589158,0.3333333333333333,0.0
5,12289574,33,11,0,0,0.0064019059145137,0.00019399714892465758,0.3333333333333333,0.0
5,12321091,3,0,0,0,0.0003856542638605,0.00012855142128683332,0.0,0.0
5,12351511,2,2,0,0,0.000275959696839,0.0001379798484195,1.0,0.0
5,12407222,13,5,0,0,0.0040182789782739,0.0003090983829441462,0.38461538461538464,0.0
5,12458065,1,0,0,0,5.0995292909e-05,5.0995292909e-05,0.0,0.0
5,12474087,1,0,0,0,2.20588244059e-05,2.20588244059e-05,0.0,0.0
5,12491647,11,3,1,0,0.0007603993950870999,6.91272177351909e-05,0.2727272727272727,0.0
5,12513174,3,0,0,0,0.0001501061254871,5.0035375162366665e-05,0.0,0.0
5,12654888,2,0,0,0,7.79411788372e-05,3.89705894186e-05,0.0,0.0
5,12700454,14,7,1,0,0.0030943302771200003,0.00022102359122285717,0.5,0.0
5,12700456,10,8,0,0,0.0050789284763453,0.00050789284763453,0.8,0.0
5,12765785,4,2,0,0,0.0001309269249729,3.2731731243225e-05,0.5,0.0
5,12843317,16,8,1,1,0.0077929000026706,0.0004870562501669125,0.5,0.0625
5,12843318,24,7,3,3,0.0062663813156727,0.0002610992214863625,0.2916666666666667,0.125
5,12843319,1,0,0,0,0.00124432879876,0.00124432879876,0.0,0.0
5,12845408,9,4,0,0,0.0006626978186397,7.363309095996667e-05,0.4444444444444444,0.0
5,12947794,16,6,0,0,0.0011151988602235,6.969992876396875e-05,0.375,0.0
5,12987593,3,1,0,0,0.0004990614453902001,0.0001663538151300667,0.3333333333333333,0.0
5,13104554,11,8,0,0,0.0069582967683441,0.0006325724334858273,0.7272727272727273,0.0
5,13166099,43,14,2,1,0.0074142287215131,0.0001724239237561186,0.32558139534883723,0.023255813953488372
5,13289562,21,11,1,1,0.0032612669979424002,0.00015529842847344764,0.5238095238095238,0.047619047619047616
5,13300118,3,1,0,0,0.00029185546934930003,9.728515644976668e-05,0.3333333333333333,0.0
5,13300124,13,2,0,0,0.0020377960306922,0.0001567535408224769,0.15384615384615385,0.0
5,13365547,35,24,2,0,0.0076584846706545,0.00021881384773298572,0.6857142857142857,0.0
5,13422843,113,36,1,1,0.0231150134178173,0.0002045576408656398,0.3185840707964602,0.008849557522123894
5,13435356,1,0,0,0,0.000120816096122,0.000120816096122,0.0,0.0
5,13445189,9,4,0,0,0.0048646416865433,0.0005405157429492556,0.4444444444444444,0.0
5,13458071,2,1,0,0,0.000134582787977,6.72913939885e-05,0.5,0.0
5,13462155,2,0,0,0,0.00011470590005900001,5.7352950029500004e-05,0.0,0.0
5,13462158,11,6,1,1,0.0204783010704125,0.0018616637336738636,0.5454545454545454,0.09090909090909091
5,13466843,1,0,0,0,1e-05,1e-05,0.0,0.0
5,13576407,15,3,0,0,0.003695936645645,0.00024639577637633334,0.2,0.0
5,13576413,1,1,0,0,0.000200000002104,0.000200000002104,1.0,0.0
5,13661597,33,13,0,0,0.0075720490319764,0.0002294560312720121,0.3939393939393939,0.0
5,13661605,13,4,0,0,0.0027430226151167,0.00021100173962436153,0.3076923076923077,0.0
5,13661608,20,7,1,0,0.0045323292606254,0.00022661646303126997,0.35,0.0
5,13710655,1,0,0,0,1.4723940369e-05,1.4723940369e-05,0.0,0.0
5,13770704,8,4,0,0,0.0028486831030186998,0.00035608538787733747,0.5,0.0
5,13810178,1,0,0,0,0.000109735034844,0.000109735034844,0.0,0.0
5,13823055,4,1,0,0,0.0014594322570077,0.000364858064251925,0.25,0.0
5,13947793,9,1,0,0,0.006157989956912,0.0006842211063235556,0.1111111111111111,0.0
5,13947795,58,19,0,0,0.0467194567711573,0.000805507875364781,0.3275862068965517,0.0
5,14102485,12,1,0,0,0.005462579360634899,0.0004552149467195749,0.08333333333333333,0.0
5,14104561,1,0,0,0,3.98495179765e-05,3.98495179765e-05,0.0,0.0
5,14104562,6,4,0,0,0.0126226710927416,0.0021037785154569334,0.6666666666666666,0.0
5,14106384,2,0,0,0,0.00020882352748349998,0.00010441176374174999,0.0,0.0
5,14106399,1,0,0,0,7.08416148144e-05,7.08416148144e-05,0.0,0.0
5,14118031,1,0,0,0,1.38905107537e-05,1.38905107537e-05,0.0,0.0
5,14121532,48,24,5,2,0.014794283108737,0.00030821423143202086,0.5,0.041666666666666664
5,14235907,44,17,5,2,0.0336680897214671,0.0007651838573060704,0.38636363636363635,0.045454545454545456
5,14257845,22,12,0,0,0.0089831887228229,0.0004083267601283136,0.5454545454545454,0.0
5,14289571,33,10,2,2,0.0048911261522732,0.0001482159440082788,0.30303030303030304,0.06060606060606061
5,14300126,1,1,0,0,0.000161764709388,0.000161764709388,1.0,0.0
5,14398567,2,0,0,0,0.0001824331270453,9.121656352265e-05,0.0,0.0
5,14398570,3,1,0,0,6.45088196239e-05,2.1502939874633333e-05,0.3333333333333333,0.0
5,14445192,26,4,1,0,0.0016816603018343999,6.467924237824614e-05,0.15384615384615385,0.0
5,14458654,16,6,0,0,0.013286739865429399,0.0008304212415893374,0.375,0.0
5,14458669,12,3,0,0,0.0003519041741228,2.9325347843566665e-05,0.25,0.0
5,14466837,1,0,0,0,3.79365112851e-05,3.79365112851e-05,0.0,0.0
5,14576401,4,2,0,0,0.0017637451066815,0.000440936276670375,0.5,0.0
5,14661605,58,19,1,0,0.0333147452171594,0.0005743921589165415,0.3275862068965517,0.0
5,15073876,177,37,1,0,0.0088722477474334,5.0125693488324294e-05,0.20903954802259886,0.0
5,15184511,157,69,23,9,0.0812369287491972,0.0005174326671923389,0.4394904458598726,0.05732484076433121
5,15321102,6,2,0,0,0.004651484893756,0.0007752474822926666,0.3333333333333333,0.0
5,15398570,304,135,25,12,0.07660220156014261,0.00025198092618467963,0.4440789473684211,0.039473684210526314
5,15422821,13,8,1,1,0.013325899778536699,0.0010250692137335922,0.6153846153846154,0.07692307692307693
5,15491650,10,4,2,2,0.0047071151918165,0.00047071151918165,0.4,0.2
5,15500294,5,1,0,0,0.000419867133725,8.3973426745e-05,0.2,0.0
5,15500296,7,1,0,0,0.0001345371701525,1.921959573607143e-05,0.14285714285714285,0.0
5,15506599,4,1,0,0,0.0003501311747619,8.7532793690475e-05,0.25,0.0
5,15506600,2,1,0,0,0.0001174451016328,5.87225508164e-05,0.5,0.0
5,15568932,43,14,2,1,0.0090092361011813,0.00020951711863212324,0.32558139534883723,0.023255813953488372
5,15574227,2,1,0,0,0.0001126936640989,5.634683204945e-05,0.5,0.0
5,15654890,42,13,2,1,0.0029169090092425,6.945021450577381e-05,0.30952380952380953,0.023809523809523808
5,15654897,49,21,2,2,0.0111828056099055,0.00022822052265113264,0.42857142857142855,0.04081632653061224
5,15661602,4,1,0,0,0.005352137641145,0.00133803441028625,0.25,0.0
5,15743382,23,2,1,1,0.0027401737420139002,0.00011913798878321306,0.08695652173913043,0.043478260869565216
5,15746419,70,32,2,1,0.0333108429214333,0.0004758691845919043,0.45714285714285713,0.014285714285714285
5,15823034,3,0,0,0,0.012488492252372899,0.004162830750790966,0.0,0.0
5,15885288,2,1,0,0,0.0008398277073756,0.0004199138536878,0.5,0.0
5,15959625,12,5,0,0,0.0009020555412785,7.517129510654166e-05,0.4166666666666667,0.0
5,16040127,1,1,0,0,9.62700913934e-05,9.62700913934e-05,1.0,0.0
5,16184517,36,11,8,8,0.0404635628062222,0.0011239878557283945,0.3055555555555556,0.2222222222222222
5,16294809,4,2,0,0,0.001335662644828,0.000333915661207,0.5,0.0
5,16307476,8,4,0,0,0.004044005347604801,0.0005055006684506001,0.5,0.0
5,16321090,10,2,0,0,0.0042907958061554,0.00042907958061554004,0.2,0.0
5,16491630,3,0,0,0,8.232483946869999e-05,2.744161315623333e-05,0.0,0.0
5,16506604,22,4,1,1,0.0040490947609823,0.00018404976186283184,0.18181818181818182,0.045454545454545456
5,16823030,51,18,3,2,0.0143854993097529,0.0002820686139167235,0.35294117647058826,0.0392156862745098
5,16920597,1,0,0,0,0.000267195030802,0.000267195030802,0.0,0.0
5,16920602,1,0,0,0,0.000269467098784,0.000269467098784,0.0,0.0
5,16920604,2,0,0,0,7.56693872459e-05,3.783469362295e-05,0.0,0.0
5,16922675,23,8,3,2,0.0021424684657765,9.315080285984783e-05,0.34782608695652173,0.08695652173913043
5,17132179,1,1,0,0,0.0013016387619,0.0013016387619,1.0,0.0
5,17132183,12,3,0,0,0.0012836346958078,0.00010696955798398333,0.25,0.0
5,17288254,23,5,1,1,0.0043855583271432,0.00019067644900622608,0.21739130434782608,0.043478260869565216
5,17288262,8,1,1,1,0.0028636129618712,0.0003579516202339,0.125,0.125
5,17314986,2,1,0,0,0.0023329834112400002,0.0011664917056200001,0.5,0.0
5,17314989,11,7,3,2,0.0016684867794604001,0.00015168061631458182,0.6363636363636364,0.18181818181818182
5,17321082,41,20,3,3,0.0127827533090998,0.0003117744709536537,0.4878048780487805,0.07317073170731707
5,17435335,2,0,0,0,0.000700129388501,0.0003500646942505,0.0,0.0
5,17445189,3,2,0,0,0.000943304469829,0.00031443482327633333,0.6666666666666666,0.0
5,17491634,8,3,0,0,0.0005872961703998,7.3412021299975e-05,0.375,0.0
5,17661707,2,1,0,0,0.0011139005361873,0.00055695026809365,0.5,0.0
5,17661709,3,1,1,0,0.004165611227461,0.0013885370758203333,0.3333333333333333,0.0
5,17661711,1,1,0,0,0.000374798413853,0.000374798413853,1.0,0.0
5,17686799,213,59,1,1,0.0521433917380015,0.00024480465604695536,0.27699530516431925,0.004694835680751174
5,17710659,6,3,2,1,0.0046959148085812,0.0007826524680968667,0.5,0.16666666666666666
5,17710661,9,4,3,2,0.004674146384721,0.0005193495983023334,0.4444444444444444,0.2222222222222222
5,17710664,11,2,1,1,0.0018136950787957002,0.0001648813707996091,0.18181818181818182,0.09090909090909091
5,17916128,8,3,0,0,0.0010280007337654,0.000128500091720675,0.375,0.0
5,18091420,5,2,0,0,0.0006980056663490001,0.00013960113326980003,0.4,0.0
5,18095238,3,0,0,0,0.0003137671195923,0.0001045890398641,0.0,0.0
5,18104558,1,0,0,0,2.94117651441e-05,2.94117651441e-05,0.0,0.0
5,18323505,3,1,0,0,0.0003740142739353,0.0001246714246451,0.3333333333333333,0.0
5,18436526,19,7,0,0,0.0009964123388298,5.244275467525263e-05,0.3684210526315789,0.0
5,18443077,39,10,0,0,0.0051507512643932,0.0001320705452408513,0.2564102564102564,0.0
5,18498193,19,5,1,1,0.0048091195256737005,0.00025311155398282634,0.2631578947368421,0.05263157894736842
5,18498853,45,13,0,0,0.0033491591352159,7.442575856035333e-05,0.28888888888888886,0.0
5,18836888,4,3,0,0,0.0040497614813983,0.001012440370349575,0.75,0.0
5,18898397,9,0,0,0,0.0010529147751538,0.00011699053057264444,0.0,0.0
5,18899195,2,1,0,0,0.0006912829846622,0.0003456414923311,0.5,0.0
5,18916125,4,0,0,0,0.0001767145069908,4.41786267477e-05,0.0,0.0
5,18975813,79,24,7,3,0.0139026780702243,0.0001759832667117,0.3037974683544304,0.0379746835443038
5,18975823,123,45,4,2,0.0198551664185252,0.00016142411722378213,0.36585365853658536,0.016260162601626018
5,19129839,73,21,0,0,0.044563908493094204,0.0006104644999054001,0.2876712328767123,0.0
5,19129845,3,1,0,0,0.001059508476562,0.00035316949218733334,0.3333333333333333,0.0
5,19602309,46,17,1,0,0.0070999165529604,0.00015434601202087827,0.3695652173913043,0.0
5,19860994,3,2,1,1,0.0001125501013164,3.75167004388e-05,0.6666666666666666,0.3333333333333333
5,20309767,1,0,0,0,0.000265743938381,0.000265743938381,0.0,0.0
5,20377297,16,7,0,0,0.0108212486367589,0.0006763280397974312,0.4375,0.0
5,20458055,11,6,1,1,0.0014838796260095999,0.00013489814781905454,0.5454545454545454,0.09090909090909091
5,20496139,6,0,0,0,0.0003880657038943,6.467761731571667e-05,0.0,0.0
5,20530187,3,1,0,0,0.0003249174688157,0.00010830582293856667,0.3333333333333333,0.0
5,20640037,8,6,1,1,0.0012678110673396,0.00015847638341745,0.75,0.125
5,20695010,18,4,1,0,0.001385333000702,7.696294448344444e-05,0.2222222222222222,0.0
5,20730227,7,2,0,0,0.0014997291283012,0.00021424701832874286,0.2857142857142857,0.0
5,20817326,27,15,0,0,0.0034135396583962,0.00012642739475541483,0.5555555555555556,0.0
5,20898399,2,0,0,0,7.86287972564e-05,3.93143986282e-05,0.0,0.0
5,20898401,1,0,0,0,9.55882317879e-05,9.55882317879e-05,0.0,0.0
5,20916101,4,3,1,0,0.0007822574790314001,0.00019556436975785003,0.75,0.0
5,20922679,9,5,0,0,0.0017966493372733,0.00019962770414147778,0.5555555555555556,0.0
5,20938751,24,11,4,2,0.0129120673747995,0.0005380028072833125,0.4583333333333333,0.08333333333333333
5,21005924,1,0,0,0,0.00029214007178,0.00029214007178,0.0,0.0
5,21016759,2,0,0,0,0.000142251255563,7.11256277815e-05,0.0,0.0
5,21096019,10,7,0,0,0.0086778387799015,0.00086778387799015,0.7,0.0
5,21257831,9,4,0,0,0.0018350605958536,0.00020389562176151112,0.4444444444444444,0.0
5,21294794,46,19,4,3,0.0105619559024147,0.0002296077370090152,0.41304347826086957,0.06521739130434782
5,21307468,4,0,0,0,0.0005414060573903,0.000135351514347575,0.0,0.0
5,21443086,5,2,0,0,0.0003798476903967,7.596953807934e-05,0.4,0.0
5,21640043,58,30,6,6,0.0199533672739394,0.00034402357368861034,0.5172413793103449,0.10344827586206896
5,21658041,3,1,0,0,0.0012392511118734,0.00041308370395780005,0.3333333333333333,0.0
5,21830168,4,0,0,0,0.0002705218298308,6.76304574577e-05,0.0,0.0
5,22071675,1,1,0,0,0.00273646551116,0.00273646551116,1.0,0.0
5,22233130,35,11,0,0,0.0084796448893758,0.00024227556826788,0.3142857142857143,0.0
5,22274902,5,2,0,0,0.0007354390761254,0.00014708781522508,0.4,0.0
5,22391321,11,3,0,0,0.007747364070942999,0.0007043058246311817,0.2727272727272727,0.0
5,22419532,15,4,1,0,0.0014180967217217,9.453978144811333e-05,0.26666666666666666,0.0
5,22431924,3,2,0,0,0.00017806737300230001,5.9355791000766674e-05,0.6666666666666666,0.0
5,22445172,6,1,0,0,0.0007836077051644,0.00013060128419406668,0.16666666666666666,0.0
5,22451482,15,5,0,0,0.0035492959394462,0.00023661972929641333,0.3333333333333333,0.0
5,22496144,3,0,0,0,0.00014164444059140002,4.721481353046667e-05,0.0,0.0
5,22589171,1,0,0,0,1e-05,1e-05,0.0,0.0
5,22695010,4,2,0,0,0.00215175649844,0.00053793912461,0.5,0.0
5,22723823,25,5,0,0,0.0026069087900511,0.00010427635160204399,0.2,0.0
5,22726403,5,1,1,0,0.0142364268978354,0.0028472853795670798,0.2,0.0
5,22891668,4,2,0,0,0.0005289339931569,0.000132233498289225,0.5,0.0
5,23254639,5,2,0,0,0.0001435771461207,2.871542922414e-05,0.4,0.0
5,23288223,1,0,0,0,1.38713126152e-05,1.38713126152e-05,0.0,0.0
5,23330020,2,2,0,0,0.0022049898095990003,0.0011024949047995002,1.0,0.0
5,23330022,2,0,0,0,4.41176477162e-05,2.20588238581e-05,0.0,0.0
5,23346188,1,0,0,0,1e-05,1e-05,0.0,0.0
5,23377306,10,3,0,0,0.0019379064156901,0.00019379064156901,0.3,0.0
5,23385780,4,2,0,0,0.0024538286284427,0.000613457157110675,0.5,0.0
5,23530192,12,5,0,0,0.012913748331410001,0.0010761456942841668,0.4166666666666667,0.0
5,23644447,2,1,1,1,0.00039402848229900004,0.00019701424114950002,0.5,0.5
5,23695013,22,11,0,0,0.0028949920358577,0.0001315905470844409,0.5,0.0
5,23817046,48,21,5,3,0.0088530069539193,0.00018443764487331875,0.4375,0.0625
5,23852329,38,9,0,0,0.009325137583769,0.0002453983574676053,0.23684210526315788,0.0
5,23852331,3,0,0,0,0.00022532841796170003,7.510947265390002e-05,0.0,0.0
5,23852343,10,5,0,0,0.0043577434661277,0.00043577434661276994,0.5,0.0
5,23852344,3,1,0,0,0.0038630809283666002,0.0012876936427888667,0.3333333333333333,0.0
5,24045148,3,1,0,0,9.407901437090001e-05,3.135967145696667e-05,0.3333333333333333,0.0
5,24045153,1,0,0,0,4.70588224775e-05,4.70588224775e-05,0.0,0.0
5,24045154,2,0,0,0,5.45246656883e-05,2.726233284415e-05,0.0,0.0
5,24097956,7,2,0,0,0.0002854657493019,4.0780821328842854e-05,0.2857142857142857,0.0
5,24119478,4,2,0,0,0.0017962895062987,0.000449072376574675,0.5,0.0
5,24119481,6,1,0,0,0.00010439216188740001,1.73986936479e-05,0.16666666666666666,0.0
5,24126625,14,5,0,0,0.0011384030724859,8.131450517756428e-05,0.35714285714285715,0.0
5,24267774,10,4,0,0,0.0008697150995077,8.697150995077e-05,0.4,0.0
5,24316983,28,12,3,3,0.0071676600591782,0.0002559878592563643,0.42857142857142855,0.10714285714285714
5,24321351,12,1,0,0,0.0019437106615265,0.00016197588846054168,0.08333333333333333,0.0
5,24378636,118,43,0,0,0.0198251916340199,0.000168010098593389,0.3644067796610169,0.0
5,24389111,50,12,0,0,0.0221205574469991,0.000442411148939982,0.24,0.0
5,24391301,1,1,0,0,6.02857546423e-05,6.02857546423e-05,1.0,0.0
5,24419530,4,3,0,0,0.000648874881006,0.0001622187202515,0.75,0.0
5,24491616,5,1,0,0,0.0007389841195827,0.00014779682391654,0.2,0.0
5,24526835,6,1,0,0,0.0004449712881221,7.416188135368334e-05,0.16666666666666666,0.0
5,24843272,14,6,6,4,0.0020164296301896003,0.00014403068787068575,0.42857142857142855,0.2857142857142857
5,24843279,11,5,2,1,0.0045286191938551,0.00041169265398682727,0.45454545454545453,0.09090909090909091
5,24936122,1,0,0,0,0.000100456699152,0.000100456699152,0.0,0.0
5,24942663,2,1,0,0,0.001107289545676,0.000553644772838,0.5,0.0
5,24982960,7,3,1,1,0.000508899602896,7.269994327085714e-05,0.42857142857142855,0.14285714285714285
5,24982961,7,2,0,0,0.0001212371415314,1.7319591647342858e-05,0.2857142857142857,0.0
5,25045155,1,0,0,0,0.000139258004072,0.000139258004072,0.0,0.0
5,25064375,7,3,0,0,0.0006605691697296,9.436702424708572e-05,0.42857142857142855,0.0
5,25102583,8,5,1,1,0.000389434652783,4.8679331597875e-05,0.625,0.125
5,25119476,12,3,0,0,0.0029233391073646,0.00024361159228038332,0.25,0.0
5,25172774,8,2,0,0,0.0004006038102244,5.007547627805e-05,0.25,0.0
5,25259856,1,0,0,0,2.20588244059e-05,2.20588244059e-05,0.0,0.0
5,25391297,1,0,0,0,2.148639849e-05,2.148639849e-05,0.0,0.0
5,25419531,187,56,2,1,0.0451049526218856,0.00024120295519724922,0.2994652406417112,0.0053475935828877
5,25675129,22,8,0,0,0.0051273515363502,0.00023306143347046364,0.36363636363636365,0.0
5,25843273,4,2,0,0,0.0012695887574744,0.0003173971893686,0.5,0.0
5,25866075,24,10,2,2,0.0019317852473544,8.04910519731e-05,0.4166666666666667,0.08333333333333333
5,25866076,28,11,0,0,0.002338236917062,8.350846132364286e-05,0.39285714285714285,0.0
5,25920690,49,26,5,4,0.0175958897960552,0.0003590997917562286,0.5306122448979592,0.08163265306122448
5,25998432,54,20,0,0,0.0024277930360518,4.495913029725556e-05,0.37037037037037035,0.0
5,25998433,6,2,0,0,0.0003885037415306,6.475062358843333e-05,0.3333333333333333,0.0
5,25998434,3,1,0,0,0.0007509481440299,0.00025031604800996666,0.3333333333333333,0.0
5,25998435,6,2,1,0,0.0015843326709256002,0.0002640554451542667,0.3333333333333333,0.0
5,26071516,2,1,0,0,0.0001710628970531,8.553144852655e-05,0.5,0.0
5,26091094,18,5,0,0,0.0079688458581275,0.0004427136587848611,0.2777777777777778,0.0
5,26091099,12,6,0,0,0.0044406062181788,0.0003700505181815667,0.5,0.0
5,26321366,93,38,3,1,0.0115976036302692,0.0001247054153792387,0.40860215053763443,0.010752688172043012
5,26372320,2,2,0,0,0.0005737716981636,0.0002868858490818,1.0,0.0
5,26389107,15,4,0,0,0.0051276644411928,0.00034184429607952,0.26666666666666666,0.0
5,26389108,4,1,0,0,0.0023418994658849003,0.0005854748664712251,0.25,0.0
5,26491443,1,0,0,0,0.000534174775417,0.000534174775417,0.0,0.0
5,26614024,10,3,1,1,0.0075079765084775,0.00075079765084775,0.3,0.1
5,26614035,6,1,0,0,0.0029216239440677002,0.00048693732401128336,0.16666666666666666,0.0
5,26729616,1,0,0,0,1.63894135724e-05,1.63894135724e-05,0.0,0.0
5,26750599,2,1,0,0,7.59075932643e-05,3.795379663215e-05,0.5,0.0
5,26750602,2,1,0,0,0.00035297690069,0.000176488450345,0.5,0.0
5,26852338,45,12,2,0,0.0027207620896488,6.046137976997333e-05,0.26666666666666666,0.0
5,26852339,84,14,1,0,0.0045141925794791,5.374038785094167e-05,0.16666666666666666,0.0
5,26874680,2,1,0,0,6.02519470482e-05,3.01259735241e-05,0.5,0.0
5,26891650,23,8,7,5,0.0073119986960324,0.0003179129867840174,0.34782608695652173,0.21739130434782608
5,26945970,3,1,0,0,0.0002544131294479,8.480437648263333e-05,0.3333333333333333,0.0
5,26949222,4,0,0,0,0.0004933788431717,0.000123344710792925,0.0,0.0
5,26998428,55,20,4,1,0.020677209448396,0.0003759492626981091,0.36363636363636365,0.01818181818181818
5,26998432,4,1,0,0,0.0008559454459682,0.00021398636149205,0.25,0.0
5,26998434,10,5,0,0,0.004220207397939,0.00042202073979389997,0.5,0.0
5,27009843,2,0,0,0,2e-05,1e-05,0.0,0.0
5,27009857,12,4,0,0,0.0017026772203249,0.00014188976836040834,0.3333333333333333,0.0
5,27009860,1,0,0,0,0.000192990583532,0.000192990583532,0.0,0.0
5,27031690,7,7,0,0,0.0013216280739492,0.00018880401056417144,1.0,0.0
5,27091101,2,1,0,0,7.79411777417e-05,3.897058887085e-05,0.5,0.0
5,27091104,11,3,0,0,0.0014249393046400999,0.00012953993678546362,0.2727272727272727,0.0
5,27118781,59,24,6,5,0.0329145398502683,0.0005578735567842084,0.4067796610169492,0.0847457627118644
5,27321366,68,17,2,2,0.0128345795565456,0.00018874381700802352,0.25,0.029411764705882353
5,27323540,34,9,0,0,0.0029286626780545,8.613713758983824e-05,0.2647058823529412,0.0
5,27323541,22,9,1,0,0.0014767560565766,6.712527529893636e-05,0.4090909090909091,0.0
5,27385784,20,10,2,0,0.0024631306922765998,0.00012315653461382998,0.5,0.0
5,27491436,7,2,0,0,0.0022631960436605,0.0003233137205229286,0.2857142857142857,0.0
5,27589150,29,10,1,0,0.0069690872505084,0.0002403133534658069,0.3448275862068966,0.0
5,27614018,15,6,0,0,0.0022092123308715002,0.00014728082205810002,0.4,0.0
5,27644431,3,0,0,0,0.0004725976375969,0.00015753254586563332,0.0,0.0
5,27684173,11,10,1,1,0.015568201006566801,0.0014152910005969818,0.9090909090909091,0.09090909090909091
5,27729624,13,5,1,0,0.006317129760455,0.0004859330584965384,0.38461538461538464,0.0
5,27777499,37,19,6,5,0.0134522935425543,0.00036357550115011624,0.5135135135135135,0.13513513513513514
5,27872610,2,1,0,0,0.0003838984405293,0.00019194922026465,0.5,0.0
5,27888153,10,6,2,0,0.0043568712512952,0.00043568712512952,0.6,0.0
5,27891651,3,3,0,0,0.0004175251043021,0.00013917503476736667,1.0,0.0
5,27990027,1,0,0,0,3.7279206046e-05,3.7279206046e-05,0.0,0.0
5,28031695,11,3,0,0,0.0012031770598395,0.00010937973271268183,0.2727272727272727,0.0
5,28071513,2,1,0,0,0.000468800422922,0.000234400211461,0.5,0.0
5,28137208,23,10,0,0,0.0087850810411586,0.00038196004526776516,0.43478260869565216,0.0
5,28351001,98,66,12,1,0.0395847309514711,0.0004039258260354194,0.673469387755102,0.01020408163265306
5,28385762,16,10,0,0,0.003190668328313,0.0001994167705195625,0.625,0.0
5,28389117,13,3,0,0,0.0015467565444847997,0.0001189812726526769,0.23076923076923078,0.0
5,28726401,2,0,0,0,2.00000005435e-05,1.000000027175e-05,0.0,0.0
5,28729609,7,2,0,0,0.0013336575852086,0.00019052251217265714,0.2857142857142857,0.0
5,28729624,8,5,1,0,0.0035478245816286,0.000443478072703575,0.625,0.0
5,28739284,27,8,2,2,0.0212690834747719,0.0007877438323989593,0.2962962962962963,0.07407407407407407
5,28752986,6,3,1,1,0.0014104184075954,0.00023506973459923333,0.5,0.16666666666666666
5,28752988,2,1,1,0,0.000271967158598,0.000135983579299,0.5,0.0
5,28795042,184,57,7,3,0.0513079110214765,0.0002788473425080245,0.30978260869565216,0.016304347826086956
5,28795043,68,16,4,2,0.0070932449659656,0.00010431242597008235,0.23529411764705882,0.029411764705882353
5,28795047,1,1,0,0,0.00490643558249,0.00490643558249,1.0,0.0
5,28864843,2,1,0,0,0.010718239790974,0.005359119895487,0.5,0.0
5,28864844,3,1,0,0,0.000851059881908,0.0002836866273026667,0.3333333333333333,0.0
5,28874676,68,21,0,0,0.0087203536796242,0.00012824049528859118,0.3088235294117647,0.0
5,28896342,11,5,0,0,0.004888315096082,0.00044439228146199997,0.45454545454545453,0.0
5,28920697,11,4,0,0,0.0037708588522206996,0.00034280535020188177,0.36363636363636365,0.0
5,29091102,2,0,0,0,9.04722992051e-05,4.523614960255e-05,0.0,0.0
5,29140152,4,2,0,0,0.0007510785087331,0.000187769627183275,0.5,0.0
5,29175063,3,0,0,0,0.0001472817711971,4.9093923732366666e-05,0.0,0.0
5,29345613,18,3,0,0,0.0027728088894268,0.00015404493830148888,0.16666666666666666,0.0
5,29389116,20,4,0,0,0.0064834879952295,0.000324174399761475,0.2,0.0
5,29427842,102,31,7,3,0.07625641866245671,0.0007476119476711442,0.30392156862745096,0.029411764705882353
5,29513908,2,1,0,0,0.00047366638394,0.00023683319197,0.5,0.0
5,29513913,13,9,0,0,0.0052273679295088,0.00040210522534683075,0.6923076923076923,0.0
5,29513914,4,0,0,0,0.0005623602557251999,0.00014059006393129999,0.0,0.0
5,29513915,6,3,0,0,0.0016788788283334,0.00027981313805556667,0.5,0.0
5,29513916,7,4,0,0,0.003119912525672,0.0004457017893817143,0.5714285714285714,0.0
5,29531970,9,5,4,1,0.0020919638941436,0.00023244043268262222,0.5555555555555556,0.1111111111111111
5,29531976,1,1,0,0,4.68292578261e-05,4.68292578261e-05,1.0,0.0
5,29531983,10,4,1,1,0.0007213189218919,7.213189218919e-05,0.4,0.1
5,29534051,11,3,0,0,0.0026851985218315,0.00024410895653013636,0.2727272727272727,0.0
5,29614011,15,6,0,0,0.0019832003184217,0.00013221335456144667,0.4,0.0
5,29614012,7,2,0,0,0.0018630753170967,0.0002661536167281,0.2857142857142857,0.0
5,29614013,5,1,0,0,0.0003168965353981,6.337930707962e-05,0.2,0.0
5,29687342,2,1,0,0,0.000236718614638,0.000118359307319,0.5,0.0
5,29687343,1,1,0,0,0.00330384277312,0.00330384277312,1.0,0.0
5,29862638,11,4,0,0,0.0186258084023174,0.0016932553093015818,0.36363636363636365,0.0
5,29864831,4,1,0,0,0.0008471495118975,0.000211787377974375,0.25,0.0
5,29874685,3,1,0,0,0.00046527311600099997,0.000155091038667,0.3333333333333333,0.0
5,29874686,2,1,0,0,0.0001292678376865,6.463391884325e-05,0.5,0.0
5,29874688,1,1,0,0,3.33893491545e-05,3.33893491545e-05,1.0,0.0
5,29880997,3,1,0,0,0.0007592056570196,0.00025306855233986667,0.3333333333333333,0.0
5,29880998,8,2,1,1,0.0029168080534344,0.0003646010066793,0.25,0.125
5,29903689,1,0,0,0,7.35294117647e-05,7.35294117647e-05,0.0,0.0
5,30175072,8,4,0,0,0.0036009227304051998,0.00045011534130064997,0.5,0.0
5,30175073,4,2,0,0,0.003615988304667,0.00090399707616675,0.5,0.0
5,30328739,13,7,0,0,0.0497594045994643,0.0038276465076510996,0.5384615384615384,0.0
5,30368132,17,5,1,1,0.0065326443268482,0.00038427319569695297,0.29411764705882354,0.058823529411764705
5,30405203,3,1,0,0,5.70461690863e-05,1.9015389695433332e-05,0.3333333333333333,0.0
5,30427825,7,3,0,0,0.0059867940218300995,0.0008552562888328713,0.42857142857142855,0.0
5,30471712,6,2,0,0,0.0006730659926325,0.00011217766543875,0.3333333333333333,0.0
5,30471715,2,1,0,0,4.52941168582e-05,2.26470584291e-05,0.5,0.0
5,30487330,6,2,1,0,0.0001152488668434,1.92081444739e-05,0.3333333333333333,0.0
5,30491418,41,18,1,0,0.0319198613578525,0.0007785332038500609,0.43902439024390244,0.0
5,30501159,18,8,0,0,0.0117918346295468,0.0006551019238637111,0.4444444444444444,0.0
5,30534043,3,1,0,0,0.00036140476272299995,0.00012046825424099998,0.3333333333333333,0.0
5,30535894,61,37,6,5,0.0193101961662415,0.0003165605928892049,0.6065573770491803,0.08196721311475409
5,30676243,17,4,0,0,0.0074169549949797,0.00043629147029292353,0.23529411764705882,0.0
5,30729721,12,6,2,1,0.0019808120565028,0.00016506767137523335,0.5,0.08333333333333333
5,30752994,54,24,1,1,0.0034172647059015,6.328267973891666e-05,0.4444444444444444,0.018518518518518517
5,30801593,1563,536,55,21,0.1268644552323335,8.11672778197911e-05,0.3429302623160589,0.013435700575815739
5,30810420,4,2,0,0,0.0009999370215961999,0.00024998425539904997,0.5,0.0
5,30848316,5,2,0,0,0.0002788676785275,5.57735357055e-05,0.4,0.0
5,31084986,3,0,0,0,0.0001991683732483,6.638945774943333e-05,0.0,0.0
5,31129937,1,0,0,0,0.000140589247732,0.000140589247732,0.0,0.0
5,31129938,15,2,0,0,0.0047484780095492,0.0003165652006366134,0.13333333333333333,0.0
5,31129939,2,1,0,0,0.0001020238038312,5.10119019156e-05,0.5,0.0
5,31262852,1,1,0,0,0.000117647060577,0.000117647060577,1.0,0.0
5,31265168,3,1,0,0,0.0004695603514405,0.00015652011714683333,0.3333333333333333,0.0
5,31323522,1,0,0,0,2.94117651441e-05,2.94117651441e-05,0.0,0.0
5,31330666,4,0,0,0,0.00025746611220029997,6.436652805007499e-05,0.0,0.0
5,31452108,4,1,0,0,0.0002206393865163,5.5159846629075e-05,0.25,0.0
5,31491419,1,0,0,0,6.68520131303e-05,6.68520131303e-05,0.0,0.0
5,31736975,29,10,0,0,0.0045768648177927,0.0001578229247514724,0.3448275862068966,0.0
5,31772643,127,49,1,1,0.051620878208566,0.00040646360794146456,0.3858267716535433,0.007874015748031496
5,31775712,9,4,0,0,0.0018829717254881,0.00020921908060978888,0.4444444444444444,0.0
5,32009848,82,27,1,0,0.006106467040682,7.446911025221951e-05,0.32926829268292684,0.0
5,32135669,2,1,1,1,0.000683831538997,0.0003419157694985,0.5,0.5
5,32135670,19,7,0,0,0.0032950641601402,0.00017342442948106317,0.3684210526315789,0.0
5,32135680,5,1,0,0,0.0006970681008356,0.00013941362016711998,0.2,0.0
5,32137193,3,0,0,0,0.000471234928816,0.00015707830960533332,0.0,0.0
5,32321347,3,2,0,0,0.0005289265266684,0.00017630884222279999,0.6666666666666666,0.0
5,32323516,42,13,2,0,0.0088098484443405,0.00020975829629382145,0.30952380952380953,0.0
5,32368241,8,5,0,0,0.0005774373177315,7.21796647164375e-05,0.625,0.0
5,32368244,71,32,12,7,0.0613458451351828,0.000864025987819476,0.4507042253521127,0.09859154929577464
5,32385772,5,0,0,0,0.0007650024848627,0.00015300049697254,0.0,0.0
5,32398755,60,29,3,1,0.0118267010863964,0.00019711168477327335,0.48333333333333334,0.016666666666666666
5,32398758,4,2,0,0,0.001795019750212,0.000448754937553,0.5,0.0
5,32405311,1,1,0,0,0.000441176470588,0.000441176470588,1.0,0.0
5,32452108,1,1,0,0,2.35294112388e-05,2.35294112388e-05,1.0,0.0
5,32452111,66,25,2,0,0.0065355455444663,9.902341734039849e-05,0.3787878787878788,0.0
6,73322,2,1,0,0,0.0002386544222161,0.00011932721110805,0.5,0.0
6,73325,8,1,0,0,0.0005611817573155,7.01477196644375e-05,0.125,0.0
6,73327,8,3,1,1,0.0015577707206151999,0.00019472134007689998,0.375,0.125
6,73328,12,5,1,1,0.0006220129100056,5.1834409167133334e-05,0.4166666666666667,0.08333333333333333
6,83677,18,2,0,0,0.0054239423692739,0.0003013301316263278,0.1111111111111111,0.0
6,408759,56,24,15,8,0.0354115828551637,0.000632349693842209,0.42857142857142855,0.14285714285714285
6,442617,9,1,0,0,0.00047435516562400006,5.270612951377779e-05,0.1111111111111111,0.0
6,497590,23,9,3,3,0.0028600821025911,0.00012435139576483044,0.391304347826087,0.13043478260869565
6,497593,159,64,4,2,0.012999574178998,8.175832816979875e-05,0.4025157232704403,0.012578616352201259
6,604244,20,11,0,0,0.0045025415810988,0.00022512707905494,0.55,0.0
6,604249,16,10,1,0,0.0019262869778286,0.0001203929361142875,0.625,0.0
6,690012,23,2,1,0,0.0043698940731665996,0.00018999539448550433,0.08695652173913043,0.0
6,716288,45,9,0,0,0.007927605137853,0.0001761690030634,0.2,0.0
6,787943,38,9,0,0,0.0152865725622509,0.0004022782253223921,0.23684210526315788,0.0
6,804100,34,9,5,3,0.0265432466715339,0.0007806837256333501,0.2647058823529412,0.08823529411764706
6,828346,18,4,0,0,0.0012080499395658,6.711388553143333e-05,0.2222222222222222,0.0
6,884761,17,8,1,1,0.0037130187895295,0.00021841286997232353,0.47058823529411764,0.058823529411764705
6,946549,14,5,1,0,0.001351898291481,9.656416367721428e-05,0.35714285714285715,0.0
6,1130498,8,1,0,0,0.0018906420283303,0.0002363302535412875,0.125,0.0
6,1313883,1,0,0,0,0.000222094251829,0.000222094251829,0.0,0.0
6,1341195,6,2,0,0,0.0003646591440584,6.077652400973333e-05,0.3333333333333333,0.0
6,1415896,26,12,0,0,0.012418230035319,0.00047762423212765386,0.46153846153846156,0.0
6,1428788,16,7,0,0,0.0019463353223852001,0.00012164595764907501,0.4375,0.0
6,1586481,15,3,0,0,0.0162522782069741,0.0010834852137982733,0.2,0.0
6,1632450,7,1,0,0,0.0009056024011966999,0.00012937177159952855,0.14285714285714285,0.0
6,1632451,6,3,0,0,0.0034202921508824,0.0005700486918137333,0.5,0.0
6,1716282,7,2,0,0,0.001389865671796,0.000198552238828,0.2857142857142857,0.0
6,1869938,2,0,0,0,5.70588224775e-05,2.852941123875e-05,0.0,0.0
6,1869939,9,8,0,0,0.0064016964326403004,0.0007112996036267,0.8888888888888888,0.0
6,1871873,1,0,0,0,3.69303746305e-05,3.69303746305e-05,0.0,0.0
6,1946547,2,0,0,0,2e-05,1e-05,0.0,0.0
6,2073319,6,3,3,3,0.0001180131387425,1.9668856457083333e-05,0.5,0.5
6,2073328,15,0,0,0,0.0015079923339378,0.00010053282226252,0.0,0.0
6,2077112,3,1,0,0,0.00030442370868809997,0.0001014745695627,0.3333333333333333,0.0
6,2144729,17,1,0,0,0.0010557071154137,6.210041855374706e-05,0.058823529411764705,0.0
6,2342814,4,4,0,0,0.0044736394605856,0.0011184098651464,1.0,0.0
6,2390251,51,14,0,0,0.0101986266223234,0.00019997307102594903,0.27450980392156865,0.0
6,2407403,24,0,0,0,0.0011636262026711,4.8484425111295834e-05,0.0,0.0
6,2462355,12,6,1,1,0.0009726941054036,8.105784211696666e-05,0.5,0.08333333333333333
6,2576437,176,68,4,2,0.0088902776788004,5.0512941356820457e-05,0.38636363636363635,0.011363636363636364
6,2694554,12,9,0,0,0.0026267102283664,0.00021889251903053333,0.75,0.0
6,2828357,50,16,1,1,0.013965038988448,0.00027930077976895997,0.32,0.02
6,2865314,98,22,5,1,0.0388294407046124,0.00039621878270012655,0.22448979591836735,0.01020408163265306
6,2865315,18,9,0,0,0.0013700842452284,7.611579140157777e-05,0.5,0.0
6,2865318,4,2,0,0,0.001699604615716,0.000424901153929,0.5,0.0
6,2865319,7,3,0,0,0.0049914542723138,0.0007130648960448286,0.42857142857142855,0.0
6,2869134,74,24,15,13,0.0049802884554782,6.730119534429999e-05,0.32432432432432434,0.17567567567567569
6,2946551,10,8,1,1,0.0033206043178948,0.00033206043178948,0.8,0.1
6,2953712,2,1,0,0,0.000666059790045,0.0003330298950225,0.5,0.0
6,2953716,89,22,3,2,0.0037098708231723,4.1683941833396626e-05,0.24719101123595505,0.02247191011235955
6,3073302,6,0,0,0,0.0002107328568441,3.512214280735e-05,0.0,0.0
6,3073303,1,1,0,0,5.20046349349e-05,5.20046349349e-05,1.0,0.0
6,3073304,11,1,1,1,0.0003897877294567,3.543524813242727e-05,0.09090909090909091,0.09090909090909091
6,3073305,7,0,0,0,0.00020182335879419998,2.8831908399171425e-05,0.0,0.0
6,3139444,8,6,0,0,0.0038706676315856,0.0004838334539482,0.75,0.0
6,3144706,44,16,0,0,0.02193077288984,0.0004984266565872728,0.36363636363636365,0.0
6,3291799,9,0,0,0,0.002490144889955,0.00027668276555055556,0.0,0.0
6,3291800,17,5,0,0,0.0076980477095721,0.0004528263358571824,0.29411764705882354,0.0
6,3313894,11,1,0,0,0.0047584602219311,0.0004325872929028273,0.09090909090909091,0.0
6,3406182,16,3,0,0,0.0016786267307893,0.00010491417067433125,0.1875,0.0
6,3406183,3,1,0,0,0.002534891506825,0.0008449638356083333,0.3333333333333333,0.0
6,3422224,6,2,0,0,0.0011773024251599,0.00019621707085998332,0.3333333333333333,0.0
6,3610770,16,5,0,0,0.0015101698895771,9.438561809856875e-05,0.3125,0.0
6,3694556,17,7,1,1,0.0009626817885553001,5.662834050325295e-05,0.4117647058823529,0.058823529411764705
6,3694557,4,2,2,0,0.00029262835612700003,7.315708903175001e-05,0.5,0.0
6,3788051,4,0,0,0,0.0012359988348851002,0.00030899970872127504,0.0,0.0
6,3828354,17,4,0,0,0.004897477920907,0.0002880869365239412,0.23529411764705882,0.0
6,3828360,6,1,0,0,0.0009561151641496999,0.00015935252735828332,0.16666666666666666,0.0
6,3858763,2,0,0,0,2e-05,1e-05,0.0,0.0
6,3877975,16,9,1,0,0.0024201464927772,0.000151259155798575,0.5625,0.0
6,3884873,5,4,0,0,0.000118284394463,2.36568788926e-05,0.8,0.0
6,3892353,18,5,0,0,0.015661972807425,0.0008701096004125001,0.2777777777777778,0.0
6,3960115,2,1,1,1,0.001495195276597,0.0007475976382985,0.5,0.5
6,4084327,2,1,0,0,0.0003103466388588,0.0001551733194294,0.5,0.0
6,4293600,82,28,3,2,0.0104831024314109,0.0001278427125781817,0.34146341463414637,0.024390243902439025
6,4406178,3,1,0,0,0.0012294439384708,0.00040981464615693334,0.3333333333333333,0.0
6,4406179,17,10,1,0,0.0201669632393626,0.0011862919552566235,0.5882352941176471,0.0
6,4407386,9,4,0,0,0.000954802496663,0.00010608916629588889,0.4444444444444444,0.0
6,4466870,9,3,1,0,0.00228871828695,0.00025430203188333335,0.3333333333333333,0.0
6,4626334,2,2,2,0,0.0007941681550359999,0.00039708407751799996,1.0,0.0
6,4676898,6,0,0,0,0.0010008549833005,0.00016680916388341668,0.0,0.0
6,4814007,39,8,0,0,0.0017258438525711,4.425240647618205e-05,0.20512820512820512,0.0
6,4828346,46,14,2,0,0.0137847392971619,0.0002996682455904761,0.30434782608695654,0.0
6,4828354,11,2,0,0,0.0043504883385004,0.0003954989398636727,0.18181818181818182,0.0
6,4869922,63,22,0,0,0.0282591832108541,0.0004485584636643508,0.3492063492063492,0.0
6,4869923,15,5,0,0,0.0024483426245975,0.00016322284163983335,0.3333333333333333,0.0
6,4913658,38,11,3,1,0.0064316935443005,0.0001692550932710658,0.2894736842105263,0.02631578947368421
6,5044698,49,18,0,0,0.0114277357221038,0.0002332190963694653,0.3673469387755102,0.0
6,5061823,4,1,0,0,0.0014310233921823,0.000357755848045575,0.25,0.0
6,5061834,361,85,7,0,0.1607399691304306,0.00044526307238346424,0.23545706371191136,0.0
6,5084322,14,4,0,0,0.0015659805131892001,0.00011185575094208573,0.2857142857142857,0.0
6,5121533,13,7,0,0,0.0043750296158367,0.00033654073967974614,0.5384615384615384,0.0
6,5121534,7,2,1,1,0.001160052222448,0.00016572174606400002,0.2857142857142857,0.14285714285714285
6,5121547,19,9,2,0,0.0089245717319175,0.0004697143016798684,0.47368421052631576,0.0
6,5281156,83,22,2,0,0.0090934211723266,0.0001095592912328506,0.26506024096385544,0.0
6,5316929,19,5,1,1,0.0048318865753426005,0.0002543098197548737,0.2631578947368421,0.05263157894736842
6,5442463,12,5,1,1,0.000786312743358,6.55260619465e-05,0.4166666666666667,0.08333333333333333
6,5474094,1,0,0,0,0.000180833850672,0.000180833850672,0.0,0.0
6,5544859,76,46,22,15,0.0083384711840026,0.00010971672610529737,0.6052631578947368,0.19736842105263158
6,5612724,1,0,0,0,0.000596081591992,0.000596081591992,0.0,0.0
6,5686703,34,19,3,2,0.0100189778073649,0.00029467581786367353,0.5588235294117647,0.058823529411764705
6,5700346,16,6,0,0,0.0046708252233075,0.00029192657645671875,0.375,0.0
6,5743152,1,0,0,0,8.16762009088e-05,8.16762009088e-05,0.0,0.0
6,5743167,6,1,1,0,0.0036380343875864,0.0006063390645977333,0.16666666666666666,0.0
6,5781045,5,1,1,1,0.003850523993376,0.0007701047986752001,0.2,0.2
6,5867090,47,9,3,2,0.002267681532599,4.824854324678724e-05,0.19148936170212766,0.0425531914893617
6,5871888,10,6,1,1,0.0001,1e-05,0.6,0.1
6,5892331,9,4,0,0,0.0019102711965355,0.00021225235517061112,0.4444444444444444,0.0
6,6121534,2,2,0,0,0.0001489533746944,7.44766873472e-05,1.0,0.0
6,6210424,38,22,3,1,0.0123105514187906,0.00032396187944185793,0.5789473684210527,0.02631578947368421
6,6228543,26,6,3,1,0.0164210058366397,0.0006315771475630654,0.23076923076923078,0.038461538461538464
6,6316933,1,1,0,0,0.000191176463576,0.000191176463576,1.0,0.0
6,6336377,19,9,0,0,0.0042403019304225,0.0002231737858117105,0.47368421052631576,0.0
6,6442596,5,1,1,1,0.0008496535302778,0.00016993070605556,0.2,0.2
6,6442601,2,2,0,0,2.63894135724e-05,1.31947067862e-05,1.0,0.0
6,6513183,5,1,0,0,0.0011922321889673,0.00023844643779346,0.2,0.0
6,6516505,17,3,1,1,0.003044123032864,0.00017906606075670587,0.17647058823529413,0.058823529411764705
6,6686701,75,34,4,1,0.0269518524228064,0.00035935803230408535,0.4533333333333333,0.013333333333333334
6,6686703,3,1,0,0,0.0010741462726989999,0.0003580487575663333,0.3333333333333333,0.0
6,6686704,43,18,4,3,0.019680424523150702,0.00045768429123606286,0.4186046511627907,0.06976744186046512
6,6697149,3,1,0,0,8.44979697558e-05,2.81659899186e-05,0.3333333333333333,0.0
6,6697150,2,1,0,0,0.0002117169933284,0.0001058584966642,0.5,0.0
6,6781040,39,16,3,1,0.0071784473031172,0.00018406275136197947,0.41025641025641024,0.02564102564102564
6,6810200,79,46,7,0,0.0035736408037372,4.5235959540977216e-05,0.5822784810126582,0.0
6,6886817,140,62,10,6,0.0448918362022784,0.0003206559728734171,0.44285714285714284,0.04285714285714286
6,7061828,168,44,7,2,0.0610002825694978,0.0003630969200565345,0.2619047619047619,0.011904761904761904
6,7075386,11,7,0,0,0.0015827683918161,0.00014388803561964545,0.6363636363636364,0.0
6,7121544,183,69,10,4,0.0580703575027137,0.00031732435793832624,0.3770491803278688,0.02185792349726776
6,7144711,16,3,0,0,0.0026839789125078,0.0001677486820317375,0.1875,0.0
6,7289590,126,45,4,1,0.0227776832545407,0.0001807752639249262,0.35714285714285715,0.007936507936507936
6,7299461,10,2,0,0,0.0008430063869377001,8.430063869377001e-05,0.2,0.0
6,7336371,3,1,1,1,0.000781706611943,0.0002605688706476667,0.3333333333333333,0.3333333333333333
6,7336375,18,7,3,0,0.013520446948840999,0.0007511359416022777,0.3888888888888889,0.0
6,7336381,12,4,0,0,0.0021280190452796,0.00017733492043996667,0.3333333333333333,0.0
6,7351509,2,0,0,0,0.0002308155442858,0.0001154077721429,0.0,0.0
6,7403871,1,1,1,0,0.000332352939774,0.000332352939774,1.0,0.0
6,7413800,2,0,0,0,0.001319832281125,0.0006599161405625,0.0,0.0
6,7462178,12,2,0,0,0.0188483787502276,0.0015706982291856335,0.16666666666666666,0.0
6,7544834,6,1,0,0,0.0006254365163694,0.0001042394193949,0.16666666666666666,0.0
6,7681481,10,0,0,0,0.00010618874085730001,1.061887408573e-05,0.0,0.0
6,7686710,14,5,1,1,0.0028613485843693,0.00020438204174066428,0.35714285714285715,0.07142857142857142
6,7828336,1,1,0,0,0.000289162709064,0.000289162709064,1.0,0.0
6,7828337,3,0,0,0,0.0002305776406733,7.685921355776666e-05,0.0,0.0
6,7828339,9,5,2,2,0.012897083730666201,0.0014330093034073557,0.5555555555555556,0.2222222222222222
6,7845418,4,2,0,0,0.0004441874787403,0.000111046869685075,0.5,0.0
6,7869916,3,0,0,0,0.0004826809311391,0.00016089364371303332,0.0,0.0
6,7877971,1,1,0,0,3.97539141348e-05,3.97539141348e-05,1.0,0.0
6,7892338,1,1,0,0,1e-05,1e-05,1.0,0.0
6,8214946,20,6,1,1,0.0029010651568885997,0.00014505325784443,0.3,0.05
6,8403843,1,1,0,0,0.000167711254428,0.000167711254428,1.0,0.0
6,8403848,72,35,5,2,0.0150955466574571,0.00020966037024245973,0.4861111111111111,0.027777777777777776
6,8403853,4,2,0,0,0.0003345518616864,8.36379654216e-05,0.5,0.0
6,8403854,1,1,1,1,2.02509738943e-05,2.02509738943e-05,1.0,1.0
6,8407229,10,5,0,0,0.0036299383111408,0.00036299383111408,0.5,0.0
6,8500299,35,12,4,2,0.0144862605320444,0.00041389315805841144,0.34285714285714286,0.05714285714285714
6,8634899,4,3,0,0,0.0002960392694655,7.4009817366375e-05,0.75,0.0
6,8695046,4,2,0,0,0.000143783230418,3.59458076045e-05,0.5,0.0
6,8710016,70,32,7,2,0.0201190025454894,0.00028741432207842003,0.45714285714285713,0.02857142857142857
6,8710017,17,8,0,0,0.0033487652881090003,0.00019698619341817648,0.47058823529411764,0.0
6,8867068,51,15,6,3,0.0084667073020441,0.00016601386866753136,0.29411764705882354,0.058823529411764705
6,8877963,11,4,1,1,0.0018706244438316,0.00017005676762105453,0.36363636363636365,0.09090909090909091
6,8877966,1,0,0,0,4.91210559101e-05,4.91210559101e-05,0.0,0.0
6,8891880,2,1,0,0,0.002844720151685,0.0014223600758425,0.5,0.0
6,8892339,20,7,0,0,0.0041350284347217,0.00020675142173608502,0.35,0.0
6,8892341,15,8,1,1,0.0080127687361254,0.00053418458240836,0.5333333333333333,0.06666666666666667
6,8980571,147,40,6,4,0.0271956174328216,0.0001850042002232762,0.272108843537415,0.027210884353741496
6,8980584,80,33,11,4,0.0423559264549628,0.0005294490806870349,0.4125,0.05
6,8980585,72,29,4,2,0.040194340573808,0.0005582547301917778,0.4027777777777778,0.027777777777777776
6,9013587,24,9,0,0,0.0043325450168781,0.0001805227090365875,0.375,0.0
6,9042365,1,0,0,0,0.000229193410453,0.000229193410453,0.0,0.0
6,9095251,44,23,4,2,0.0063296983482944,0.00014385678064305455,0.5227272727272727,0.045454545454545456
6,9097334,9,4,0,0,0.0008538717335225999,9.487463705806666e-05,0.4444444444444444,0.0
6,9097339,9,4,0,0,0.0027547156647517003,0.00030607951830574447,0.4444444444444444,0.0
6,9097340,3,2,0,0,0.001389416651789,0.0004631388839296667,0.6666666666666666,0.0
6,9100689,61,30,16,14,0.030920119476919503,0.000506887204539664,0.4918032786885246,0.22950819672131148
6,9100690,27,6,3,2,0.0028620209742935,0.00010600077682568519,0.2222222222222222,0.07407407407407407
6,9100691,44,18,9,5,0.006993565780592,0.00015894467683163637,0.4090909090909091,0.11363636363636363
6,9100692,45,16,9,6,0.0096302073397673,0.00021400460755038444,0.35555555555555557,0.13333333333333333
6,9100693,75,32,19,14,0.0124399731993306,0.00016586630932440802,0.4266666666666667,0.18666666666666668
6,9100694,10,2,0,0,0.0016231186922963,0.00016231186922963,0.2,0.0
6,9106406,14,4,3,2,0.0041375341398067,0.00029553815284333573,0.2857142857142857,0.14285714285714285
6,9106407,6,0,0,0,0.0006221783970602001,0.00010369639951003335,0.0,0.0
6,9500303,20,13,1,1,0.0108050738079849,0.000540253690399245,0.65,0.05
6,9551057,2,2,1,0,0.000944494675187,0.0004722473375935,1.0,0.0
6,9700342,5,2,0,0,0.001930247114924,0.0003860494229848,0.4,0.0
6,9700343,11,5,1,1,0.0018570401452892,0.00016882183138992727,0.45454545454545453,0.09090909090909091
6,9810200,50,25,1,1,0.0071617173179014,0.000143234346358028,0.5,0.02
6,10002432,11,7,0,0,0.0128227554041308,0.0011657050367391635,0.6363636363636364,0.0
6,10013589,4,3,3,3,0.000724627594738,0.0001811568986845,0.75,0.75
6,10055720,1,1,0,0,0.000398671438306,0.000398671438306,1.0,0.0
6,10123946,6,4,0,0,0.0036139309386388,0.0006023218231064666,0.6666666666666666,0.0
6,10245630,17,7,1,0,0.0054782407884409,0.00032224945814358235,0.4117647058823529,0.0
6,10321103,18,4,0,0,0.0083856614630116,0.00046587008127842226,0.2222222222222222,0.0
6,10341182,976,427,92,48,0.2405389752317816,0.00024645386806535,0.4375,0.04918032786885246
6,10383101,12,4,0,0,0.0017975986035107,0.00014979988362589166,0.3333333333333333,0.0
6,10462151,3,2,0,0,0.00041598580777670003,0.00013866193592556667,0.6666666666666666,0.0
6,10474106,46,34,13,4,0.032448558155043904,0.0007054034381531283,0.7391304347826086,0.08695652173913043
6,10491643,32,11,1,0,0.0047820352780892,0.0001494386024402875,0.34375,0.0
6,10746437,1,0,0,0,0.00128783443814,0.00128783443814,0.0,0.0
6,10810197,1,1,0,0,1e-05,1e-05,1.0,0.0
6,10810198,11,4,0,0,0.0012349098970802,0.0001122645360982,0.36363636363636365,0.0
6,10960760,14,6,1,0,0.0015984766150612,0.0001141769010758,0.42857142857142855,0.0
6,11028540,19,9,0,0,0.0035839325724052002,0.0001886280301265895,0.47368421052631576,0.0
6,11042365,1,0,0,0,2.94117651441e-05,2.94117651441e-05,0.0,0.0
6,11097337,27,15,3,1,0.006872872748452399,0.00025455084253527406,0.5555555555555556,0.037037037037037035
6,11289564,15,6,0,0,0.0022402638874613,0.00014935092583075331,0.4,0.0
6,11321105,30,10,2,2,0.012767999031699399,0.0004255999677233133,0.3333333333333333,0.06666666666666667
6,11387831,15,5,0,0,0.0010746564749186001,7.164376499457334e-05,0.3333333333333333,0.0
6,11500306,69,30,0,0,0.0103482670522603,0.00014997488481536666,0.43478260869565216,0.0
6,11642017,2,1,0,0,6.47001688522e-05,3.23500844261e-05,0.5,0.0
6,11746439,1,0,0,0,0.000176470595247,0.000176470595247,0.0,0.0
6,11765780,3,3,0,0,0.002017241375564,0.0006724137918546667,1.0,0.0
6,11765782,10,8,1,1,0.0050627751590681,0.00050627751590681,0.8,0.1
6,11772330,34,16,1,0,0.0033054648229513,9.721955361621471e-05,0.47058823529411764,0.0
6,11803618,43,14,0,0,0.003972666121783,9.238758422751163e-05,0.32558139534883723,0.0
6,11843320,43,9,1,0,0.0045030934040492,0.00010472310241974884,0.20930232558139536,0.0
6,11938638,67,14,0,0,0.0144053579095027,0.0002150053419328761,0.208955223880597,0.0
6,11959615,29,21,0,0,0.0104098885326665,0.00035896167354022417,0.7241379310344828,0.0
6,12002431,14,7,0,0,0.0036525265269328,0.0002608947519237714,0.5,0.0
6,12089516,1,0,0,0,0.000148899536036,0.000148899536036,0.0,0.0
6,12089529,44,28,2,1,0.0088316270401776,0.00020071879636767275,0.6363636363636364,0.022727272727272728
6,12100671,1,0,0,0,0.000164976601611,0.000164976601611,0.0,0.0
6,12121528,50,20,4,0,0.0326253883203741,0.000652507766407482,0.4,0.0
6,12288258,12,7,0,0,0.0042278196462654,0.00035231830385545003,0.5833333333333334,0.0
6,12289574,68,26,0,0,0.0133276606376162,0.00019599500937670882,0.38235294117647056,0.0
6,12321091,10,3,0,0,0.0032587405780737,0.00032587405780737,0.3,0.0
6,12351511,6,2,0,0,0.002257073063735,0.00037617884395583335,0.3333333333333333,0.0
6,12407222,20,11,0,0,0.0046093909810834,0.00023046954905417,0.55,0.0
6,12458065,5,2,0,0,0.00041486362838679997,8.297272567735999e-05,0.4,0.0
6,12474087,9,6,0,0,0.0010595277633306,0.00011772530703673332,0.6666666666666666,0.0
6,12491647,30,10,1,1,0.0032840195559689,0.00010946731853229666,0.3333333333333333,0.03333333333333333
6,12513174,3,1,0,0,0.000925832881647,0.000308610960549,0.3333333333333333,0.0
6,12654888,2,0,0,0,0.0001918316928347,9.591584641735e-05,0.0,0.0
6,12700454,34,13,1,1,0.0097632394067511,0.00028715410019856176,0.38235294117647056,0.029411764705882353
6,12700456,7,1,0,0,0.0024102000891211,0.00034431429844587145,0.14285714285714285,0.0
6,12765785,5,0,0,0,8.85274070164e-05,1.770548140328e-05,0.0,0.0
6,12843317,24,11,2,0,0.0116386961834898,0.000484945674312075,0.4583333333333333,0.0
6,12843318,34,16,1,1,0.0081412590947337,0.00023944879690393234,0.47058823529411764,0.029411764705882353
6,12843319,1,0,0,0,1.47612729361e-05,1.47612729361e-05,0.0,0.0
6,12845408,7,0,0,0,0.0001619370706982,2.31338672426e-05,0.0,0.0
6,12947794,32,6,0,0,0.0063194222755823,0.00019748194611194687,0.1875,0.0
6,12987592,2,1,0,0,0.000195325417707,9.76627088535e-05,0.5,0.0
6,12987593,3,0,0,0,0.0012071123885276,0.0004023707961758667,0.0,0.0
6,13104554,16,9,2,0,0.015439084268211601,0.0009649427667632251,0.5625,0.0
6,13166099,111,35,0,0,0.0129080225620207,0.00011628849154973604,0.3153153153153153,0.0
6,13289562,49,16,1,1,0.0131080506930024,0.00026751123863270204,0.32653061224489793,0.02040816326530612
6,13300118,2,2,0,0,0.0001813688311638,9.06844155819e-05,1.0,0.0
6,13300124,24,7,1,0,0.0031106418665979,0.00012961007777491251,0.2916666666666667,0.0
6,13365547,40,27,3,0,0.0129777346165432,0.00032444336541358,0.675,0.0
6,13422843,165,58,6,6,0.047621937158494,0.0002886178009605697,0.3515151515151515,0.03636363636363636
6,13435356,1,0,0,0,0.000144842204443,0.000144842204443,0.0,0.0
6,13445189,15,2,1,1,0.0026662531686634998,0.00017775021124423333,0.13333333333333333,0.06666666666666667
6,13458070,1,0,0,0,0.000122236486744,0.000122236486744,0.0,0.0
6,13458071,9,3,1,0,0.0047277199589932,0.0005253022176659111,0.3333333333333333,0.0
6,13462155,13,7,0,0,0.009074568625748,0.0006980437404421539,0.5384615384615384,0.0
6,13462158,24,4,0,0,0.013105301596108,0.0005460542331711666,0.16666666666666666,0.0
6,13466843,6,2,0,0,0.0010748338636276,0.00017913897727126667,0.3333333333333333,0.0
6,13576407,26,4,0,0,0.002030616064542,7.8100617867e-05,0.15384615384615385,0.0
6,13576413,11,5,0,0,0.0011623548309885,0.00010566862099895455,0.45454545454545453,0.0
6,13576416,5,2,0,0,0.001866411542196,0.0003732823084392,0.4,0.0
6,13661597,45,23,2,0,0.0110709203529124,0.0002460204522869422,0.5111111111111111,0.0
6,13661605,27,11,1,1,0.0057112520468895,0.0002115278535885,0.4074074074074074,0.037037037037037035
6,13661607,2,0,0,0,7.78257518129e-05,3.891287590645e-05,0.0,0.0
6,13661608,49,24,2,1,0.0090653924646132,0.00018500800948190204,0.4897959183673469,0.02040816326530612
6,13710655,3,2,1,0,0.0050869652553937,0.0016956550851312333,0.6666666666666666,0.0
6,13770704,12,2,0,0,0.0044829481042328,0.00037357900868606665,0.16666666666666666,0.0
6,13823055,6,1,0,0,0.0021837265454241,0.00036395442423735,0.16666666666666666,0.0
6,13947793,21,8,0,0,0.0056963834401805,0.00027125635429430954,0.38095238095238093,0.0
6,13947795,88,29,1,1,0.0402561902265527,0.000457456707119917,0.32954545454545453,0.011363636363636364
6,14006998,6,1,0,0,0.0038196312880627997,0.0006366052146771333,0.16666666666666666,0.0
6,14102485,17,4,1,1,0.0091893927051345,0.0005405525120667353,0.23529411764705882,0.058823529411764705
6,14104561,3,2,0,0,0.0051865878347162,0.0017288626115720667,0.6666666666666666,0.0
6,14104562,9,3,1,1,0.0136356710886931,0.0015150745654103443,0.3333333333333333,0.1111111111111111
6,14106384,5,1,1,1,0.0007478046440562,0.00014956092881124,0.2,0.2
6,14106399,7,1,0,0,0.001431650081882,0.00020452144026885714,0.14285714285714285,0.0
6,14118031,3,0,0,0,0.000985684464958,0.0003285614883193333,0.0,0.0
6,14121532,106,41,4,1,0.0491061803622665,0.0004632658524742123,0.3867924528301887,0.009433962264150943
6,14235907,82,34,6,2,0.0528730602742152,0.0006447934179782341,0.4146341463414634,0.024390243902439025
6,14257845,35,17,3,1,0.0203979946372288,0.0005827998467779657,0.4857142857142857,0.02857142857142857
6,14289571,52,16,3,2,0.0105490745341327,0.0002028668179640904,0.3076923076923077,0.038461538461538464
6,14300126,3,1,0,0,0.00041035871483310004,0.00013678623827770002,0.3333333333333333,0.0
6,14398567,6,2,1,1,0.000675343744279,0.00011255729071316666,0.3333333333333333,0.16666666666666666
6,14398570,5,2,0,0,0.00040610892637599997,8.12217852752e-05,0.4,0.0
6,14445192,81,21,5,2,0.011818337156296899,0.00014590539699131975,0.25925925925925924,0.024691358024691357
6,14458654,29,14,6,5,0.009227842962707,0.00031820148147265515,0.4827586206896552,0.1724137931034483
6,14458669,7,2,0,0,0.0002015122257809,2.8787460825842855e-05,0.2857142857142857,0.0
6,14466837,8,3,0,0,0.0011961306092768,0.0001495163261596,0.375,0.0
6,14576401,10,4,0,0,0.0017240567394935,0.00017240567394934998,0.4,0.0
6,14661605,89,24,3,2,0.0525229342326026,0.000590145328456209,0.2696629213483146,0.02247191011235955
6,14891867,1,0,0,0,9.97268251582e-05,9.97268251582e-05,0.0,0.0
6,15073876,212,35,0,0,0.0107463459474996,5.0690311073111325e-05,0.1650943396226415,0.0
6,15184511,210,72,20,10,0.1153550838904912,0.0005493099232880533,0.34285714285714286,0.047619047619047616
6,15321102,5,1,0,0,0.0010795832869826,0.00021591665739652,0.2,0.0
6,15323491,3,1,0,0,0.0027446521317977,0.0009148840439325667,0.3333333333333333,0.0
6,15398570,405,141,32,14,0.1129845535108272,0.00027897420619957334,0.34814814814814815,0.0345679012345679
6,15422821,24,7,1,1,0.0133861603729143,0.0005577566822047625,0.2916666666666667,0.041666666666666664
6,15491650,15,4,0,0,0.008068684306327,0.0005379122870884667,0.26666666666666666,0.0
6,15500294,14,3,0,0,0.0039620990977832,0.0002830070784130857,0.21428571428571427,0.0
6,15500296,7,1,0,0,0.0005494847183175,7.849781690250001e-05,0.14285714285714285,0.0
6,15506599,11,4,3,3,0.0006061016309005,5.510014826368181e-05,0.36363636363636365,0.2727272727272727
6,15506600,1,0,0,0,9.55882317879e-05,9.55882317879e-05,0.0,0.0
6,15568932,38,16,2,1,0.006947277342865,0.0001828230879701316,0.42105263157894735,0.02631578947368421
6,15574227,6,1,0,0,0.0010629613909792,0.00017716023182986668,0.16666666666666666,0.0
6,15654890,80,26,2,0,0.0067535413002239,8.441926625279875e-05,0.325,0.0
6,15654897,104,52,4,4,0.0326644631501623,0.00031408137644386823,0.5,0.038461538461538464
6,15661602,7,2,0,0,0.003613379826718,0.0005161971181025714,0.2857142857142857,0.0
6,15743382,12,4,4,4,0.004205263899096,0.000350438658258,0.3333333333333333,0.3333333333333333
6,15746419,179,66,6,3,0.1213200458511711,0.0006777656192802855,0.3687150837988827,0.01675977653631285
6,15823034,11,4,0,0,0.004594820059294,0.0004177109144812727,0.36363636363636365,0.0
6,15885288,1,0,0,0,0.000651145519701,0.000651145519701,0.0,0.0
6,15959625,31,6,0,0,0.0053607088309946,0.00017292609132240646,0.1935483870967742,0.0
6,16184517,62,19,14,12,0.008573407187478701,0.00013828076108836614,0.3064516129032258,0.1935483870967742
6,16294809,2,1,0,0,6.0468623592999996e-05,3.0234311796499998e-05,0.5,0.0
6,16307476,17,7,1,1,0.0022728286927265998,0.00013369580545450588,0.4117647058823529,0.058823529411764705
6,16321090,21,2,1,1,0.0056406517096574,0.00026860246236463806,0.09523809523809523,0.047619047619047616
6,16491630,6,2,0,0,0.0027291669599967,0.00045486115999945003,0.3333333333333333,0.0
6,16506604,8,3,2,2,0.0022723895570279,0.0002840486946284875,0.375,0.25
6,16823030,101,32,5,0,0.0366746471455102,0.0003631153182723782,0.31683168316831684,0.0
6,16920597,2,1,1,0,0.00361063115561,0.001805315577805,0.5,0.0
6,16920602,3,0,0,0,0.0004132569230665,0.00013775230768883333,0.0,0.0
6,16920604,9,3,0,0,0.0024223345870838,0.00026914828745375555,0.3333333333333333,0.0
6,16922675,65,31,5,0,0.0056225601309587,8.650092509167231e-05,0.47692307692307695,0.0
6,17091415,1,1,0,0,0.00145573482146,0.00145573482146,1.0,0.0
6,17132179,3,2,1,0,0.001085394942539,0.00036179831417966664,0.6666666666666666,0.0
6,17132183,14,8,0,0,0.0018056501080251,0.00012897500771607857,0.5714285714285714,0.0
6,17288254,48,21,3,2,0.0116772510967904,0.00024327606451646667,0.4375,0.041666666666666664
6,17288262,22,4,0,0,0.0098916136851855,0.00044961880387206824,0.18181818181818182,0.0
6,17314986,10,2,1,0,0.002334406916401,0.0002334406916401,0.2,0.0
6,17314989,15,4,1,0,0.0017867932017742,0.00011911954678494668,0.26666666666666666,0.0
6,17321082,69,30,8,5,0.0136879258880611,0.0001983757375081319,0.43478260869565216,0.07246376811594203
6,17435335,14,8,0,0,0.0049170711087663,0.0003512193649118786,0.5714285714285714,0.0
6,17445189,2,0,0,0,0.00026204482817000004,0.00013102241408500002,0.0,0.0
6,17491634,14,3,0,0,0.0019000530787025,0.00013571807705017858,0.21428571428571427,0.0
6,17661707,3,1,0,0,0.0041652414466928,0.0013884138155642667,0.3333333333333333,0.0
6,17661709,2,1,0,0,0.000234175032447,0.0001170875162235,0.5,0.0
6,17661711,3,1,0,0,0.0013677086612753002,0.00045590288709176674,0.3333333333333333,0.0
6,17686799,400,123,9,5,0.09012106838783471,0.00022530267096958678,0.3075,0.0125
6,17710659,7,3,3,1,0.003518914363101,0.0005027020518715714,0.42857142857142855,0.14285714285714285
6,17710661,22,5,4,2,0.0045926752246219,0.00020875796475554092,0.22727272727272727,0.09090909090909091
6,17710664,29,10,3,3,0.0086830449639243,0.00029941534358359656,0.3448275862068966,0.10344827586206896
6,17916128,17,2,0,0,0.0011733543730506001,6.902084547356471e-05,0.11764705882352941,0.0
6,18091420,8,4,3,3,0.012805553550852198,0.0016006941938565247,0.5,0.375
6,18095238,29,8,0,0,0.0109082292318976,0.0003761458355826759,0.27586206896551724,0.0
6,18104558,4,2,0,0,0.0016360696566205,0.000409017414155125,0.5,0.0
6,18323505,12,5,0,0,0.0053968232205568,0.0004497352683797333,0.4166666666666667,0.0
6,18436526,33,12,0,0,0.0018760618322756,5.6850358553806064e-05,0.36363636363636365,0.0
6,18443077,38,19,1,0,0.0046978723186258,0.00012362821891120525,0.5,0.0
6,18496278,2,0,0,0,0.0001962127558441,9.810637792205e-05,0.0,0.0
6,18498193,17,4,2,0,0.0136576424034673,0.0008033907296157236,0.23529411764705882,0.0
6,18498853,58,11,0,0,0.0032877157198375,5.6684753790301724e-05,0.1896551724137931,0.0
6,18836888,12,3,0,0,0.0020166827450237,0.00016805689541864166,0.25,0.0
6,18898397,14,4,0,0,0.009023635567642,0.0006445453976887143,0.2857142857142857,0.0
6,18899195,9,8,5,5,0.0098319653138443,0.0010924405904271443,0.8888888888888888,0.5555555555555556
6,18916125,3,0,0,0,0.0021875875948120997,0.0007291958649373666,0.0,0.0
6,18975813,61,24,5,3,0.0070752550088751,0.00011598778703073935,0.39344262295081966,0.04918032786885246
6,18975823,141,53,3,2,0.0597349621282149,0.000423652213675283,0.375886524822695,0.014184397163120567
6,19000595,2,0,0,0,0.00023529412115280002,0.00011764706057640001,0.0,0.0
6,19129839,111,32,5,3,0.0394262229968154,0.0003551911981695081,0.2882882882882883,0.02702702702702703
6,19129845,2,1,0,0,0.0002309678494925,0.00011548392474625,0.5,0.0
6,19602309,103,40,1,1,0.0123828378076109,0.00012022172628748447,0.3883495145631068,0.009708737864077669
6,19661713,9,2,0,0,0.0018967363347617,0.00021074848164018888,0.2222222222222222,0.0
6,19860994,13,6,0,0,0.0074384551841359,0.0005721888603181462,0.46153846153846156,0.0
6,20309767,15,9,3,3,0.0036969008486652,0.00024646005657768,0.6,0.2
6,20377297,31,6,0,0,0.0173593771403305,0.0005599799077525968,0.1935483870967742,0.0
6,20445163,3,1,1,0,0.0004791476607567,0.0001597158869189,0.3333333333333333,0.0
6,20458055,29,7,0,0,0.0069480556580428,0.0002395881261394069,0.2413793103448276,0.0
6,20496139,3,0,0,0,0.0005536007554204999,0.00018453358514016664,0.0,0.0
6,20530187,11,2,0,0,0.0010377642353292,9.434220321174546e-05,0.18181818181818182,0.0
6,20640037,13,7,2,2,0.0014059750662372,0.00010815192817209231,0.5384615384615384,0.15384615384615385
6,20695010,28,5,0,0,0.0015190747031254,5.425266796876429e-05,0.17857142857142858,0.0
6,20730227,12,4,1,0,0.008710584287293,0.0007258820239410833,0.3333333333333333,0.0
6,20817326,33,12,1,1,0.0020784604364602,6.298364958970302e-05,0.36363636363636365,0.030303030303030304
6,20898399,1,0,0,0,8.38954816084e-05,8.38954816084e-05,0.0,0.0
6,20898401,2,0,0,0,0.0004424129330236,0.0002212064665118,0.0,0.0
6,20916101,9,5,0,0,0.0021079938677759,0.00023422154086398888,0.5555555555555556,0.0
6,20922679,10,5,0,0,0.0023880227154658,0.00023880227154658,0.5,0.0
6,20938751,54,12,1,1,0.0335603629863123,0.0006214882034502278,0.2222222222222222,0.018518518518518517
6,21005924,1,0,0,0,0.0042209737699,0.0042209737699,0.0,0.0
6,21016759,20,6,2,0,0.0029740158121217,0.000148700790606085,0.3,0.0
6,21096019,9,4,0,0,0.00073607363174,8.178595908222223e-05,0.4444444444444444,0.0
6,21257831,16,3,0,0,0.0017101897314424001,0.00010688685821515001,0.1875,0.0
6,21294794,53,20,1,1,0.0067853449211725,0.00012802537587117924,0.37735849056603776,0.018867924528301886
6,21307468,2,0,0,0,0.000119693223939,5.98466119695e-05,0.0,0.0
6,21443086,16,3,0,0,0.0025751064133085,0.00016094415083178125,0.1875,0.0
6,21640043,83,32,5,5,0.0183139399912303,0.00022064987941241326,0.3855421686746988,0.060240963855421686
6,21658041,11,4,0,0,0.0040659906869257,0.0003696355169932454,0.36363636363636365,0.0
6,21830168,5,2,0,0,0.0032131391867258998,0.00064262783734518,0.4,0.0
6,21898401,2,2,2,0,0.0026924201837009998,0.0013462100918504999,1.0,0.0
6,22071674,2,1,0,0,0.0001631704135218,8.15852067609e-05,0.5,0.0
6,22071675,6,2,1,1,0.0004598840606502,7.66473434417e-05,0.3333333333333333,0.16666666666666666
6,22233130,34,13,0,0,0.010415772964449701,0.0003063462636602853,0.38235294117647056,0.0
6,22274902,8,0,0,0,0.0012023833696586,0.000150297921207325,0.0,0.0
6,22296560,1,0,0,0,1e-05,1e-05,0.0,0.0
6,22391321,39,15,2,0,0.0292141611107002,0.000749081054120518,0.38461538461538464,0.0
6,22419532,12,5,0,0,0.0011570944518104,9.642453765086667e-05,0.4166666666666667,0.0
6,22431924,10,3,0,0,0.0031968537025118,0.00031968537025118,0.3,0.0
6,22445172,5,3,1,0,0.0005456271039582,0.00010912542079164001,0.6,0.0
6,22451482,18,8,0,0,0.0031171703335367003,0.0001731761296409278,0.4444444444444444,0.0
6,22496144,1,0,0,0,7.49999985975e-05,7.49999985975e-05,0.0,0.0
6,22589171,11,2,0,0,0.0018211780757877,0.00016556164325342727,0.18181818181818182,0.0
6,22695010,5,3,2,2,0.001389757650231,0.0002779515300462,0.6,0.4
6,22723823,36,9,0,0,0.0022466346279345,6.2406517442625e-05,0.25,0.0
6,22726403,14,5,0,0,0.0063503221728828,0.0004535944409202,0.35714285714285715,0.0
6,22891661,2,0,0,0,2.6668612027900002e-05,1.3334306013950001e-05,0.0,0.0
6,22891668,8,1,0,0,0.0005263834490224,6.57979311278e-05,0.125,0.0
6,22891673,4,2,0,0,0.002392558443152,0.000598139610788,0.5,0.0
6,23254639,6,5,0,0,0.0003324811429139,5.541352381898333e-05,0.8333333333333334,0.0
6,23288223,10,5,2,2,0.0006127182626496,6.127182626496e-05,0.5,0.2
6,23310435,3,1,0,0,0.00037176861647380004,0.00012392287215793335,0.3333333333333333,0.0
6,23330020,8,5,0,0,0.0038624578266901,0.0004828072283362625,0.625,0.0
6,23330022,3,1,0,0,0.0049114533308872,0.0016371511102957334,0.3333333333333333,0.0
6,23346188,3,0,0,0,0.0030442697160429997,0.0010147565720143332,0.0,0.0
6,23377306,14,4,0,0,0.0011499510974092,8.213936410065714e-05,0.2857142857142857,0.0
6,23385780,12,4,0,0,0.0139204811560084,0.0011600400963340334,0.3333333333333333,0.0
6,23530192,30,13,1,0,0.0138370386656015,0.0004612346221867167,0.43333333333333335,0.0
6,23644447,19,8,3,3,0.0045127758490991,0.00023751451837363685,0.42105263157894735,0.15789473684210525
6,23695013,21,5,0,0,0.0042294360347427,0.00020140171594012856,0.23809523809523808,0.0
6,23817046,109,52,11,8,0.0232194764634802,0.00021302271984844221,0.47706422018348627,0.07339449541284404
6,23852329,77,20,4,0,0.0292213925802629,0.0003794986049384792,0.2597402597402597,0.0
6,23852330,5,0,0,0,0.0005060007565398,0.00010120015130796001,0.0,0.0
6,23852331,7,2,0,0,0.0019991221111769998,0.00028558887302528567,0.2857142857142857,0.0
6,23852343,20,11,0,0,0.0439255276598817,0.002196276382994085,0.55,0.0
6,23852344,15,9,0,0,0.0229738010059741,0.0015315867337316069,0.6,0.0
6,24045147,1,0,0,0,1.79713016953e-05,1.79713016953e-05,0.0,0.0
6,24045148,9,2,0,0,0.0007695369610077001,8.550410677863334e-05,0.2222222222222222,0.0
6,24045153,2,1,1,0,0.000157058823529,7.85294117645e-05,0.5,0.0
6,24045154,9,4,2,1,0.0038115003629616,0.00042350004032906663,0.4444444444444444,0.1111111111111111
6,24097956,12,1,0,0,0.0016780077648829,0.00013983398040690834,0.08333333333333333,0.0
6,24119478,10,4,0,0,0.002046102236362,0.0002046102236362,0.4,0.0
6,24119481,22,4,0,0,0.0024041476786133002,0.0001092794399369682,0.18181818181818182,0.0
6,24126625,29,14,0,0,0.0030164132397241,0.00010401424964565862,0.4827586206896552,0.0
6,24267774,22,13,1,1,0.0012591473980656,5.7233972639345454e-05,0.5909090909090909,0.045454545454545456
6,24316983,52,21,1,1,0.0213334288374355,0.00041025824687375965,0.40384615384615385,0.019230769230769232
6,24321351,18,11,0,0,0.0039000407730696,0.0002166689318372,0.6111111111111112,0.0
6,24378636,186,57,6,5,0.0335554014562587,0.0001804053841734339,0.3064516129032258,0.026881720430107527
6,24389111,103,33,4,3,0.0446111068161661,0.0004331175419045252,0.32038834951456313,0.02912621359223301
6,24391301,3,1,0,0,0.0001459698855704,4.865662852346667e-05,0.3333333333333333,0.0
6,24419530,2,0,0,0,2e-05,1e-05,0.0,0.0
6,24491616,7,3,0,0,0.0024887207304793,0.0003555315329256143,0.42857142857142855,0.0
6,24526835,6,1,0,0,0.0007355459515608,0.0001225909919268,0.16666666666666666,0.0
6,24843272,27,9,8,7,0.0037505890247618,0.0001389107046208074,0.3333333333333333,0.25925925925925924
6,24843279,23,10,3,3,0.0082723276455576,0.00035966641937206954,0.43478260869565216,0.13043478260869565
6,24936122,2,0,0,0,6.139488945990001e-05,3.0697444729950004e-05,0.0,0.0
6,24942663,3,1,0,0,0.0007875395920226999,0.0002625131973409,0.3333333333333333,0.0
6,24982960,4,2,0,0,0.0002349340941212,5.87335235303e-05,0.5,0.0
6,24982961,15,8,0,0,0.0013108685713664,8.739123809109333e-05,0.5333333333333333,0.0
6,25045155,2,0,0,0,0.001080835881914,0.000540417940957,0.0,0.0
6,25064375,23,8,1,0,0.0041637898982581,0.0001810343434025261,0.34782608695652173,0.0
6,25102583,23,11,0,0,0.0023597232330547,0.00010259666230672608,0.4782608695652174,0.0
6,25119476,20,5,0,0,0.016007586606327902,0.000800379330316395,0.25,0.0
6,25172774,10,4,0,0,0.0011314528053933,0.00011314528053933001,0.4,0.0
6,25259856,6,0,0,0,0.0004154625522944,6.924375871573333e-05,0.0,0.0
6,25391297,1,0,0,0,0.000164947720135,0.000164947720135,0.0,0.0
6,25419531,199,55,5,2,0.026981376115391,0.00013558480459995479,0.27638190954773867,0.010050251256281407
6,25675129,42,18,0,0,0.01657282170524,0.00039459099298190477,0.42857142857142855,0.0
6,25843273,9,6,1,0,0.0053728671770148,0.0005969852418905334,0.6666666666666666,0.0
6,25866075,19,0,0,0,0.0006725105224608,3.539529065583158e-05,0.0,0.0
6,25866076,32,12,0,0,0.0024222227673948,7.56944614810875e-05,0.375,0.0
6,25920690,67,38,5,4,0.0141813743931488,0.00021166230437535524,0.5671641791044776,0.05970149253731343
6,25998432,59,12,2,0,0.0024328069610112,4.123401628832542e-05,0.2033898305084746,0.0
6,25998433,17,6,0,0,0.0012025821825514,7.074012838537647e-05,0.35294117647058826,0.0
6,25998434,2,2,0,0,0.0020052068358780003,0.0010026034179390002,1.0,0.0
6,25998435,1,0,0,0,1.5914389754e-05,1.5914389754e-05,0.0,0.0
6,26071516,9,2,0,0,0.0047296514843257,0.0005255168315917444,0.2222222222222222,0.0
6,26091094,33,11,1,0,0.0168613542197287,0.0005109501278705666,0.3333333333333333,0.0
6,26091099,30,7,0,0,0.0172745301459722,0.0005758176715324067,0.23333333333333334,0.0
6,26321366,100,34,6,3,0.0139883684182252,0.000139883684182252,0.34,0.03
6,26372320,5,1,0,0,0.005216676982935,0.001043335396587,0.2,0.0
6,26383493,2,0,0,0,6.92598954926e-05,3.46299477463e-05,0.0,0.0
6,26383495,3,2,0,0,0.0032971851496738005,0.0010990617165579336,0.6666666666666666,0.0
6,26389107,51,8,1,0,0.007394043415259,0.00014498124343645098,0.1568627450980392,0.0
6,26389108,12,1,0,0,0.0037587883516719,0.00031323236263932497,0.08333333333333333,0.0
6,26491443,3,1,0,0,0.001206522009112,0.00040217400303733334,0.3333333333333333,0.0
6,26534046,2,0,0,0,0.00026630599709100004,0.00013315299854550002,0.0,0.0
6,26614024,23,9,3,1,0.0165724873232795,0.0007205429270991088,0.391304347826087,0.043478260869565216
6,26614035,1,1,0,0,0.000336333408075,0.000336333408075,1.0,0.0
6,26729616,1,0,0,0,3.63023820169e-05,3.63023820169e-05,0.0,0.0
6,26750599,1,0,0,0,1e-05,1e-05,0.0,0.0
6,26750602,2,1,1,1,0.0003410229664656,0.0001705114832328,0.5,0.5
6,26852338,116,28,3,0,0.0170960075920894,0.00014737937579387415,0.2413793103448276,0.0
6,26852339,124,22,5,0,0.0072272462379794,5.828424385467258e-05,0.1774193548387097,0.0
6,26874680,6,1,0,0,0.0009407720624091,0.00015679534373485,0.16666666666666666,0.0
6,26891650,24,11,7,5,0.0111391666662298,0.00046413194442624164,0.4583333333333333,0.20833333333333334
6,26903589,1,1,0,0,0.000133785147991,0.000133785147991,1.0,0.0
6,26945970,8,2,0,0,0.000391975378771,4.8996922346375e-05,0.25,0.0
6,26949222,15,5,2,0,0.0068300864454423,0.00045533909636282004,0.3333333333333333,0.0
6,26949223,2,0,0,0,0.00010369209243979999,5.1846046219899996e-05,0.0,0.0
6,26998428,82,19,2,0,0.0177479495958192,0.00021643840970511218,0.23170731707317074,0.0
6,26998432,7,1,0,0,0.0080115811102031,0.0011445115871718714,0.14285714285714285,0.0
6,26998433,4,2,0,0,0.0002854738335668,7.13684583917e-05,0.5,0.0
6,26998434,22,14,3,3,0.0063793438706428,0.0002899701759383091,0.6363636363636364,0.13636363636363635
6,26998435,3,0,0,0,0.0004315154223398,0.00014383847411326666,0.0,0.0
6,26998439,3,0,0,0,0.0001779997457851,5.933324859503333e-05,0.0,0.0
6,27009843,2,1,1,0,0.0001180693320927,5.903466604635e-05,0.5,0.0
6,27009857,22,8,0,0,0.001297503280575,5.8977421844318186e-05,0.36363636363636365,0.0
6,27009860,3,1,0,0,0.000571397851712,0.00019046595057066668,0.3333333333333333,0.0
6,27031690,12,2,0,0,0.0003666388305111,3.0553235875925004e-05,0.16666666666666666,0.0
6,27091101,3,1,1,0,0.0039916447437218,0.0013305482479072667,0.3333333333333333,0.0
6,27091104,17,5,2,2,0.0033918387353423,0.00019951992560837057,0.29411764705882354,0.11764705882352941
6,27118781,83,33,7,5,0.0249890809063196,0.00030107326393156146,0.39759036144578314,0.060240963855421686
6,27321366,145,41,4,3,0.029090902531532,0.00020062691401056553,0.2827586206896552,0.020689655172413793
6,27323540,38,9,0,0,0.0026057707394733,6.857291419666579e-05,0.23684210526315788,0.0
6,27323541,28,6,1,1,0.0026128065745803,9.3314520520725e-05,0.21428571428571427,0.03571428571428571
6,27385784,37,11,1,0,0.0025932665931491,7.008828630132703e-05,0.2972972972972973,0.0
6,27491436,8,0,0,0,0.00038094355998670004,4.7617944998337505e-05,0.0,0.0
6,27589150,54,20,3,1,0.0124524611043709,0.00023060113156242408,0.37037037037037035,0.018518518518518517
6,27614018,22,7,1,1,0.0021487488316639,9.767040143926817e-05,0.3181818181818182,0.045454545454545456
6,27644431,3,0,0,0,0.0002042559857574,6.80853285858e-05,0.0,0.0
6,27684173,18,3,1,0,0.0040306308921304,0.0002239239384516889,0.16666666666666666,0.0
6,27729624,23,8,0,0,0.0098613518934858,0.0004287544301515565,0.34782608695652173,0.0
6,27777499,114,42,6,0,0.0341902708773866,0.0002999146568191807,0.3684210526315789,0.0
6,27872610,2,0,0,0,0.0005885209000728,0.0002942604500364,0.0,0.0
6,27888153,22,6,0,0,0.0017444361973574,7.929255442533637e-05,0.2727272727272727,0.0
6,27891651,8,3,0,0,0.0029983069884586,0.000374788373557325,0.375,0.0
6,27990027,10,4,0,0,0.0017596899602134,0.00017596899602133998,0.4,0.0
6,28031695,17,1,0,0,0.0012829216385918,7.54659787406941e-05,0.058823529411764705,0.0
6,28071513,1,0,0,0,4.85294136931e-05,4.85294136931e-05,0.0,0.0
6,28091103,1,0,0,0,0.000146967155092,0.000146967155092,0.0,0.0
6,28137208,72,31,0,0,0.020512646528095098,0.00028489786844576527,0.4305555555555556,0.0
6,28233117,1,0,0,0,6.52853969265e-05,6.52853969265e-05,0.0,0.0
6,28328731,1,1,0,0,0.000204411762601,0.000204411762601,1.0,0.0
6,28351001,195,118,17,4,0.0808337354937812,0.00041453197689118567,0.6051282051282051,0.020512820512820513
6,28385762,23,11,0,0,0.0037825587323764,0.00016445907532071304,0.4782608695652174,0.0
6,28389117,13,2,0,0,0.0005139855697396,3.953735151843077e-05,0.15384615384615385,0.0
6,28726401,4,1,0,0,0.0051285503696841,0.001282137592421025,0.25,0.0
6,28729609,10,2,1,1,0.0020084458487934997,0.00020084458487934997,0.2,0.1
6,28729624,12,3,0,0,0.0028574775820549,0.00023812313183790834,0.25,0.0
6,28739284,46,17,0,0,0.0236636381476384,0.0005144269162530087,0.3695652173913043,0.0
6,28752986,15,5,1,1,0.0021887126809562,0.00014591417873041334,0.3333333333333333,0.06666666666666667
6,28752988,3,0,0,0,0.0004495128248077,0.00014983760826923334,0.0,0.0
6,28795042,275,87,9,7,0.0482017903352398,0.0001752792375826902,0.31636363636363635,0.025454545454545455
6,28795043,60,15,1,1,0.0044471526248734,7.411921041455667e-05,0.25,0.016666666666666666
6,28795047,8,4,0,0,0.0044970706023111,0.0005621338252888875,0.5,0.0
6,28864843,4,1,1,1,0.0024369011524563,0.000609225288114075,0.25,0.25
6,28864844,6,2,1,1,0.0014309057551666,0.00023848429252776665,0.3333333333333333,0.16666666666666666
6,28874676,119,40,0,0,0.0180529814796358,0.00015170572671962856,0.33613445378151263,0.0
6,28896342,36,11,1,1,0.017886836894579698,0.0004968565804049916,0.3055555555555556,0.027777777777777776
6,28920697,30,13,0,0,0.006884901899027501,0.00022949672996758335,0.43333333333333335,0.0
6,29091102,5,2,0,0,0.00045416997597809997,9.083399519562e-05,0.4,0.0
6,29140152,8,8,0,0,0.0008239287562143,0.0001029910945267875,1.0,0.0
6,29175063,17,7,0,0,0.0027245945592794,0.00016027026819290588,0.4117647058823529,0.0
6,29345613,42,10,0,0,0.0089842509775497,0.00021391073756070713,0.23809523809523808,0.0
6,29389116,40,12,2,1,0.0240683959100209,0.0006017098977505224,0.3,0.025
6,29427842,212,68,7,4,0.0969694103495359,0.00045740287900724485,0.32075471698113206,0.018867924528301886
6,29513908,10,7,0,0,0.002814081880051,0.0002814081880051,0.7,0.0
6,29513913,20,10,2,1,0.0066706530388347,0.00033353265194173496,0.5,0.05
6,29513914,13,6,0,0,0.0032041053466154,0.00024646964204733845,0.46153846153846156,0.0
6,29513915,9,2,0,0,0.0034317680506816,0.00038130756118684444,0.2222222222222222,0.0
6,29513916,20,4,0,0,0.0081246193310563,0.000406230966552815,0.2,0.0
6,29531970,14,4,3,3,0.0011152610943147,7.966150673676428e-05,0.2857142857142857,0.21428571428571427
6,29531977,1,1,1,1,0.000264705875341,0.000264705875341,1.0,1.0
6,29531983,22,11,7,5,0.00040107728322100005,1.823078560095455e-05,0.5,0.22727272727272727
6,29534051,16,5,1,0,0.0022111942372533997,0.00013819963982833748,0.3125,0.0
6,29614010,2,1,0,0,0.000535616898256,0.000267808449128,0.5,0.0
6,29614011,30,11,1,1,0.009710656984856101,0.00032368856616187,0.36666666666666664,0.03333333333333333
6,29614012,10,3,0,0,0.0008968448772859,8.968448772859e-05,0.3,0.0
6,29614013,18,4,0,0,0.0064633452164149004,0.00035907473424527225,0.2222222222222222,0.0
6,29687342,4,3,1,1,0.0012438334698979,0.000310958367474475,0.75,0.25
6,29687343,2,1,0,0,0.0002482207908351,0.00012411039541755,0.5,0.0
6,29862638,21,10,1,1,0.032112610309678796,0.0015291719195085142,0.47619047619047616,0.047619047619047616
6,29864831,4,3,1,1,0.000736997808744,0.000184249452186,0.75,0.25
6,29874685,6,3,0,0,0.0025071501451427,0.0004178583575237833,0.5,0.0
6,29874686,7,2,0,0,0.0113956091357121,0.0016279441622445857,0.2857142857142857,0.0
6,29874688,1,0,0,0,1.25014595687e-05,1.25014595687e-05,0.0,0.0
6,29880997,6,2,2,1,0.0005685964133633,9.476606889388332e-05,0.3333333333333333,0.16666666666666666
6,29880998,8,4,1,0,0.0022537971864064,0.0002817246483008,0.5,0.0
6,29903689,4,0,0,0,0.0004136259063799,0.000103406476594975,0.0,0.0
6,30175072,13,5,1,1,0.0107739531465973,0.0008287656266613308,0.38461538461538464,0.07692307692307693
6,30175073,18,8,2,1,0.0084559978386689,0.00046977765770382776,0.4444444444444444,0.05555555555555555
6,30328739,17,7,0,0,0.0092715017290945,0.0005453824546526176,0.4117647058823529,0.0
6,30368132,48,18,7,2,0.0370303269597375,0.0007714651449945313,0.375,0.041666666666666664
6,30405203,5,3,1,1,0.000390227982429,7.80455964858e-05,0.6,0.2
6,30427825,10,2,0,0,0.0019557362572983003,0.00019557362572983003,0.2,0.0
6,30471712,12,5,0,0,0.0036753819723728,0.00030628183103106665,0.4166666666666667,0.0
6,30471715,2,2,2,1,0.00090977989387,0.000454889946935,1.0,0.5
6,30487330,9,2,1,0,0.00015637229466,1.737469940666667e-05,0.2222222222222222,0.0
6,30491418,114,49,6,2,0.0727802019855344,0.0006384228244345123,0.4298245614035088,0.017543859649122806
6,30501159,23,7,2,1,0.021904667534443298,0.0009523768493236216,0.30434782608695654,0.043478260869565216
6,30534043,4,1,1,1,0.0008636046199146,0.00021590115497865,0.25,0.25
6,30535894,117,63,11,11,0.0478032679732923,0.0004085749399426692,0.5384615384615384,0.09401709401709402
6,30676243,32,12,0,0,0.015180088359304,0.00047437776122825,0.375,0.0
6,30729721,32,12,2,0,0.028120727326597802,0.0008787727289561813,0.375,0.0
6,30752994,56,19,1,1,0.0054700628743781995,9.7679694185325e-05,0.3392857142857143,0.017857142857142856
6,30801593,1978,657,67,26,0.1302967388859941,6.587297213649853e-05,0.3321536905965622,0.01314459049544995
6,30810420,2,2,0,0,0.0002647058841059,0.00013235294205295,1.0,0.0
6,30848316,13,7,0,0,0.0031190332154923,0.00023992563196094616,0.5384615384615384,0.0
6,30881002,2,0,0,0,0.00011426573599739999,5.7132867998699996e-05,0.0,0.0
6,31084986,4,0,0,0,0.0004191231975013,0.000104780799375325,0.0,0.0
6,31129937,4,0,0,0,0.0063612619867137,0.001590315496678425,0.0,0.0
6,31129938,25,7,1,1,0.026740818273658,0.00106963273094632,0.28,0.04
6,31129939,3,1,0,0,0.0007007670227225,0.00023358900757416667,0.3333333333333333,0.0
6,31262852,3,0,0,0,0.0003328219677167,0.00011094065590556665,0.0,0.0
6,31265168,4,0,0,0,0.0004024548609477,0.000100613715236925,0.0,0.0
6,31323522,10,2,1,1,0.0011012379651286,0.00011012379651286,0.2,0.1
6,31330666,14,6,3,2,0.0021859016478401002,0.0001561358319885786,0.42857142857142855,0.14285714285714285
6,31427832,1,0,0,0,1.17647078107e-05,1.17647078107e-05,0.0,0.0
6,31452108,6,2,1,0,0.0042034948005049,0.0007005824667508166,0.3333333333333333,0.0
6,31491419,10,5,4,4,0.0301257284315837,0.00301257284315837,0.5,0.4
6,31736975,59,18,1,0,0.0078737867288232,0.0001334540123529356,0.3050847457627119,0.0
6,31772643,265,104,17,14,0.0552940907019252,0.00020865694604500076,0.39245283018867927,0.052830188679245285
6,31775712,11,3,0,0,0.0015901800962266,0.00014456182692969093,0.2727272727272727,0.0
6,32009848,89,28,2,0,0.007303963221982601,8.206700249418652e-05,0.3146067415730337,0.0
6,32042839,1,0,0,0,2.40154410987e-05,2.40154410987e-05,0.0,0.0
6,32135669,1,1,0,0,3.33616575774e-05,3.33616575774e-05,1.0,0.0
6,32135670,23,12,2,2,0.0026262941596597,0.00011418670259389999,0.5217391304347826,0.08695652173913043
6,32135680,5,1,0,0,0.000373573398027,7.471467960540001e-05,0.2,0.0
6,32137193,5,0,0,0,0.00039108376511780003,7.821675302356001e-05,0.0,0.0
6,32321347,11,2,0,0,0.0013008618616377,0.0001182601692397909,0.18181818181818182,0.0
6,32323516,101,34,4,1,0.0140663279756816,0.0001392705740166495,0.33663366336633666,0.009900990099009901
6,32368241,22,5,0,0,0.005373727950322199,0.0002442603613782818,0.22727272727272727,0.0
6,32368244,154,88,33,16,0.1702332187229283,0.001105410511187846,0.5714285714285714,0.1038961038961039
6,32385772,9,4,0,0,0.0011289186948351,0.00012543541053723335,0.4444444444444444,0.0
6,32398755,67,31,3,1,0.0208409994762746,0.00031105969367574025,0.4626865671641791,0.014925373134328358
6,32398758,14,2,0,0,0.0056368209166548,0.0004026300654753428,0.14285714285714285,0.0
6,32405311,5,3,1,1,0.002761378825982,0.0005522757651964,0.6,0.2
6,32452111,168,53,5,4,0.0417806195019645,0.00024869416370216965,0.31547619047619047,0.023809523809523808
7,73325,9,3,2,2,0.0011976706771644,0.00013307451968493333,0.3333333333333333,0.2222222222222222
7,73327,6,2,1,1,0.0013261393003991,0.00022102321673318334,0.3333333333333333,0.16666666666666666
7,73328,24,3,0,0,0.002279474945648,9.497812273533334e-05,0.125,0.0
7,83677,38,8,0,0,0.0145887231889906,0.0003839137681313316,0.21052631578947367,0.0
7,289466,2,0,0,0,0.0003959030082614,0.0001979515041307,0.0,0.0
7,336258,1,1,0,0,0.00204558821285,0.00204558821285,1.0,0.0
7,408759,58,34,13,8,0.0217012582461871,0.0003741596249342603,0.5862068965517241,0.13793103448275862
7,442617,9,2,0,0,0.0035844818986607,0.00039827576651785555,0.2222222222222222,0.0
7,497590,34,17,3,1,0.0065838575733539,0.00019364286980452647,0.5,0.029411764705882353
7,497593,186,75,3,2,0.0168474475719543,9.057767511803388e-05,0.4032258064516129,0.010752688172043012
7,604244,34,17,0,0,0.013731852648136198,0.00040387801906282937,0.5,0.0
7,604249,27,18,0,0,0.0031487828855677,0.00011662158835435926,0.6666666666666666,0.0
7,690012,38,14,2,0,0.0079193364172964,0.0002084035899288526,0.3684210526315789,0.0
7,716288,84,32,1,0,0.018164042791657502,0.0002162386046625893,0.38095238095238093,0.0
7,787943,34,9,0,0,0.0089317060718146,0.0002626972374063118,0.2647058823529412,0.0
7,804100,43,10,3,0,0.0272131310263467,0.0006328635122406209,0.23255813953488372,0.0
7,828346,38,11,0,0,0.005714762710332,0.0001503884923771579,0.2894736842105263,0.0
7,884761,39,14,4,4,0.0045147187989126,0.00011576202048493846,0.358974358974359,0.10256410256410256
7,946549,35,6,0,0,0.0071291727653511995,0.0002036906504386057,0.17142857142857143,0.0
7,1130498,11,2,0,0,0.0018910644090895,0.00017191494628086363,0.18181818181818182,0.0
7,1313883,3,0,0,0,0.000495535544508,0.000165178514836,0.0,0.0
7,1341195,16,4,0,0,0.0012063452269785,7.539657668615625e-05,0.25,0.0
7,1341198,5,1,0,0,0.0026569448904706,0.0005313889780941201,0.2,0.0
7,1415896,29,8,0,0,0.0232241754816515,0.0008008336372983275,0.27586206896551724,0.0
7,1428788,28,11,0,0,0.0024845374263051,8.873347951089642e-05,0.39285714285714285,0.0
7,1586481,42,10,0,0,0.0247313875341032,0.0005888425603357905,0.23809523809523808,0.0
7,1632450,9,2,0,0,0.0019243267953608,0.00021381408837342224,0.2222222222222222,0.0
7,1632451,6,3,0,0,0.010017492298485,0.0016695820497475,0.5,0.0
7,1716282,13,3,0,0,0.007574153810662699,0.000582627216204823,0.23076923076923078,0.0
7,1869938,3,1,0,0,0.0001028313652207,3.4277121740233336e-05,0.3333333333333333,0.0
7,1869939,6,2,0,0,0.0031144919986132997,0.0005190819997688833,0.3333333333333333,0.0
7,1871873,2,0,0,0,0.000257018929196,0.000128509464598,0.0,0.0
7,1946547,3,0,0,0,3.94467143978e-05,1.3148904799266667e-05,0.0,0.0
7,2073319,5,4,3,3,0.0005346638208719,0.00010693276417438,0.8,0.6
7,2073328,9,1,1,1,0.0004607870007026,5.119855563362222e-05,0.1111111111111111,0.1111111111111111
7,2077112,2,0,0,0,0.000308416752533,0.0001542083762665,0.0,0.0
7,2144729,30,0,0,0,0.0030543959483104,0.00010181319827701333,0.0,0.0
7,2342814,4,2,0,0,0.0012726495527545,0.000318162388188625,0.5,0.0
7,2390251,61,14,0,0,0.0036038561178146,5.9079608488763934e-05,0.22950819672131148,0.0
7,2407403,24,4,1,0,0.0012595687872619,5.2482032802579165e-05,0.16666666666666666,0.0
7,2462355,8,4,1,0,0.0005738855194611,7.17356899326375e-05,0.5,0.0
7,2576437,213,80,2,1,0.0186064348021528,8.735415400071737e-05,0.3755868544600939,0.004694835680751174
7,2694554,19,10,2,1,0.0021215783727519,0.00011166201961852104,0.5263157894736842,0.05263157894736842
7,2828357,66,20,1,1,0.0211337970259339,0.0003202090458474833,0.30303030303030304,0.015151515151515152
7,2865314,134,25,3,3,0.039411310142717204,0.00029411425479639703,0.1865671641791045,0.022388059701492536
7,2865315,22,14,0,0,0.0032707074582271002,0.00014866852082850456,0.6363636363636364,0.0
7,2865318,2,0,0,0,0.00010744322529599999,5.3721612647999995e-05,0.0,0.0
7,2865319,11,5,0,0,0.0033065882235335,0.00030059892941213635,0.45454545454545453,0.0
7,2869134,95,25,11,6,0.0047446582009373,4.994377053618211e-05,0.2631578947368421,0.06315789473684211
7,2946551,33,18,1,0,0.0098303519995012,0.0002978894545303394,0.5454545454545454,0.0
7,2953712,8,4,1,1,0.0010427320743129,0.0001303415092891125,0.5,0.125
7,2953716,63,17,0,0,0.0031544215441771002,5.0070183240906356e-05,0.2698412698412698,0.0
7,3073302,4,1,0,0,0.0002503521736187,6.2588043404675e-05,0.25,0.0
7,3073303,6,1,1,1,8.7875386343e-05,1.4645897723833333e-05,0.16666666666666666,0.16666666666666666
7,3073304,6,0,0,0,0.0002713640528187,4.522734213645e-05,0.0,0.0
7,3073305,16,3,3,2,0.000732094590022,4.5755911876375e-05,0.1875,0.125
7,3139444,6,1,0,0,0.0012900365447759,0.00021500609079598334,0.16666666666666666,0.0
7,3144706,50,12,1,1,0.038373385138737,0.00076746770277474,0.24,0.02
7,3291799,10,3,0,0,0.0023812072548939,0.00023812072548939,0.3,0.0
7,3291800,38,13,0,0,0.0185761915840061,0.000488847146947529,0.34210526315789475,0.0
7,3313894,22,8,0,0,0.0071536826208981,0.00032516739185900457,0.36363636363636365,0.0
7,3406182,13,2,1,0,0.0007860786549433001,6.046758884179231e-05,0.15384615384615385,0.0
7,3406183,1,1,0,0,0.000160294122556,0.000160294122556,1.0,0.0
7,3422224,9,5,1,0,0.0014002363869313,0.00015558182077014444,0.5555555555555556,0.0
7,3610770,19,14,0,0,0.0137806111793841,0.0007252953252307421,0.7368421052631579,0.0
7,3694556,20,11,2,0,0.0061838735719283,0.000309193678596415,0.55,0.0
7,3694557,5,3,0,0,0.0002957984738309,5.915969476617999e-05,0.6,0.0
7,3788051,4,0,0,0,0.0004965934084114,0.00012414835210285,0.0,0.0
7,3828354,38,10,1,0,0.0210424440305756,0.0005537485271204105,0.2631578947368421,0.0
7,3828360,10,3,0,0,0.0013688063220957999,0.00013688063220958,0.3,0.0
7,3858763,3,2,0,0,0.00031780196344540005,0.00010593398781513335,0.6666666666666666,0.0
7,3858764,4,1,0,0,0.0009112843262559999,0.00022782108156399998,0.25,0.0
7,3877975,33,19,0,0,0.0041213734909934,0.00012489010578767878,0.5757575757575758,0.0
7,3884873,8,5,2,1,0.0001529649607215,1.91206200901875e-05,0.625,0.125
7,3892353,35,13,3,1,0.0241894379642325,0.0006911267989780714,0.37142857142857144,0.02857142857142857
7,3960115,4,1,0,0,0.000490788702107,0.00012269717552675,0.25,0.0
7,4084327,2,1,1,0,0.001545506660768,0.000772753330384,0.5,0.0
7,4293600,84,28,3,3,0.0309855896605316,0.00036887606738728095,0.3333333333333333,0.03571428571428571
7,4406178,6,0,0,0,0.0009519885996815001,0.00015866476661358333,0.0,0.0
7,4406179,22,6,0,0,0.0087747090836699,0.00039885041289408634,0.2727272727272727,0.0
7,4407386,13,9,1,1,0.0008669644331696,6.668957178227692e-05,0.6923076923076923,0.07692307692307693
7,4466870,29,11,0,0,0.004147261406516,0.0001430090140177931,0.3793103448275862,0.0
7,4626334,2,1,0,0,0.0001387364075628,6.93682037814e-05,0.5,0.0
7,4676898,13,5,3,3,0.0060757130892377,0.0004673625453259769,0.38461538461538464,0.23076923076923078
7,4804073,9,5,0,0,0.0037329452713482,0.0004147716968164667,0.5555555555555556,0.0
7,4814007,45,14,0,0,0.0064550657315282,0.0001434459051450711,0.3111111111111111,0.0
7,4828346,74,20,1,1,0.0192728235277137,0.0002604435611853203,0.2702702702702703,0.013513513513513514
7,4828354,9,2,1,1,0.0023332129413351,0.00025924588237056666,0.2222222222222222,0.1111111111111111
7,4869922,64,34,2,2,0.0530132695139484,0.0008283323361554437,0.53125,0.03125
7,4869923,34,18,2,1,0.0151603718034893,0.0004458932883379206,0.5294117647058824,0.029411764705882353
7,4913658,27,8,2,0,0.0030665916433602,0.0001135774682726,0.2962962962962963,0.0
7,5044698,42,11,0,0,0.0046982913180957,0.00011186407900227858,0.2619047619047619,0.0
7,5061823,4,1,0,0,0.0003133675173811,7.8341879345275e-05,0.25,0.0
7,5061834,626,153,17,3,0.2933866613190114,0.00046866878804953903,0.24440894568690097,0.004792332268370607
7,5084322,29,8,0,0,0.0050707456959594,0.00017485329986066897,0.27586206896551724,0.0
7,5121533,13,2,0,0,0.004610910334384,0.00035468541033723076,0.15384615384615385,0.0
7,5121534,12,0,0,0,0.005070370105039,0.00042253084208658336,0.0,0.0
7,5121547,30,8,1,0,0.0203475987341084,0.0006782532911369467,0.26666666666666666,0.0
7,5281156,84,15,0,0,0.0133280913565215,0.00015866775424430357,0.17857142857142858,0.0
7,5316929,14,2,0,0,0.0014212571937437,0.00010151837098169285,0.14285714285714285,0.0
7,5442463,18,8,4,3,0.0169424645854216,0.0009412480325234223,0.4444444444444444,0.16666666666666666
7,5474094,4,2,0,0,0.007956427540404,0.001989106885101,0.5,0.0
7,5544859,105,59,41,26,0.0179081305054401,0.0001705536238613343,0.5619047619047619,0.24761904761904763
7,5612724,6,1,0,0,0.0009569732970969,0.00015949554951615,0.16666666666666666,0.0
7,5686703,67,20,1,1,0.013148477015458,0.00019624592560385076,0.29850746268656714,0.014925373134328358
7,5700346,24,8,1,1,0.0066541556771588,0.0002772564865482833,0.3333333333333333,0.041666666666666664
7,5743152,4,1,0,0,0.003117359735451,0.00077933993386275,0.25,0.0
7,5743167,16,6,0,0,0.0132149383571657,0.0008259336473228563,0.375,0.0
7,5781045,5,2,0,0,0.0028367619156064,0.00056735238312128,0.4,0.0
7,5867090,146,37,9,4,0.0081118467324953,5.5560594058186984e-05,0.2534246575342466,0.0273972602739726
7,5871888,17,8,0,0,0.00017,1e-05,0.47058823529411764,0.0
7,5892331,17,2,0,0,0.0048751231356993,0.00028677194915878234,0.11764705882352941,0.0
7,6015885,3,1,0,0,0.0013605021814609999,0.0004535007271536666,0.3333333333333333,0.0
7,6121534,13,8,1,0,0.0023996217925184,0.00018458629173218462,0.6153846153846154,0.0
7,6210424,41,20,0,0,0.0148090697814947,0.00036119682393889513,0.4878048780487805,0.0
7,6228543,46,12,3,2,0.0175337621008352,0.00038116874132250434,0.2608695652173913,0.043478260869565216
7,6316933,7,2,0,0,0.00039823326285179996,5.689046612168571e-05,0.2857142857142857,0.0
7,6336377,23,5,0,0,0.0022214481432763,9.658470188157827e-05,0.21739130434782608,0.0
7,6341185,1,0,0,0,1e-05,1e-05,0.0,0.0
7,6442596,10,2,0,0,0.0010779936278229,0.00010779936278229,0.2,0.0
7,6442601,3,2,1,0,0.0009530281558951,0.0003176760519650333,0.6666666666666666,0.0
7,6513183,9,2,1,0,0.0008107725750036,9.008584166706667e-05,0.2222222222222222,0.0
7,6516505,25,12,1,1,0.0049507764113416,0.000198031056453664,0.48,0.04
7,6686701,114,49,11,4,0.028448373964625,0.0002495471400405702,0.4298245614035088,0.03508771929824561
7,6686703,8,0,0,0,0.0018687346381099,0.0002335918297637375,0.0,0.0
7,6686704,64,30,2,2,0.022570429239486302,0.00035266295686697347,0.46875,0.03125
7,6697149,14,7,4,4,0.0023514031908795,0.00016795737077710714,0.5,0.2857142857142857
7,6697150,8,2,0,0,0.0011940984049255,0.0001492623006156875,0.25,0.0
7,6781040,59,21,5,3,0.0061425976997461,0.00010411182541942543,0.3559322033898305,0.05084745762711865
7,6810192,1,0,0,0,0.000177087210252,0.000177087210252,0.0,0.0
7,6810200,83,34,1,0,0.0028712949573475,3.4593915148765056e-05,0.40963855421686746,0.0
7,6886817,138,56,7,2,0.039121697167077,0.0002834905591817174,0.4057971014492754,0.014492753623188406
7,6886825,1,0,0,0,2.94117651441e-05,2.94117651441e-05,0.0,0.0
7,7061828,250,85,15,12,0.0861463390896064,0.0003445853563584256,0.34,0.048
7,7075386,27,12,0,0,0.0032658568932255,0.00012095766271205556,0.4444444444444444,0.0
7,7121544,182,68,9,4,0.06485565917487429,0.0003563497756861225,0.37362637362637363,0.02197802197802198
7,7144711,16,5,0,0,0.0033232205643253998,0.00020770128527033749,0.3125,0.0
7,7289590,207,51,3,1,0.0441685346887655,0.000213374563713843,0.2463768115942029,0.004830917874396135
7,7299461,25,6,1,0,0.002873433196505,0.00011493732786020001,0.24,0.0
7,7336371,9,4,0,0,0.0030024898174379,0.0003336099797153222,0.4444444444444444,0.0
7,7336375,30,10,4,4,0.0115859594556012,0.00038619864852004,0.3333333333333333,0.13333333333333333
7,7336381,19,13,0,0,0.0046397191198747,0.0002441957431513,0.6842105263157895,0.0
7,7351509,10,3,0,0,0.0060561933655507,0.00060561933655507,0.3,0.0
7,7403871,9,2,0,0,0.0018315013825808,0.00020350015362008889,0.2222222222222222,0.0
7,7413800,4,2,0,0,0.0014514628383979,0.000362865709599475,0.5,0.0
7,7462178,22,7,0,0,0.0160894980011006,0.0007313408182318455,0.3181818181818182,0.0
7,7544834,16,0,0,0,0.0006737157074361,4.210723171475625e-05,0.0,0.0
7,7681481,7,1,0,0,0.000403939785194,5.770568359914286e-05,0.14285714285714285,0.0
7,7686710,49,18,3,0,0.0124615939477448,0.0002543182438315265,0.3673469387755102,0.0
7,7828336,1,0,0,0,5.04225536304e-05,5.04225536304e-05,0.0,0.0
7,7828337,6,2,0,0,0.0022643518230782,0.00037739197051303336,0.3333333333333333,0.0
7,7828339,12,4,0,0,0.0095476105574607,0.000795634213121725,0.3333333333333333,0.0
7,7845418,15,9,0,0,0.0052461826305902,0.00034974550870601334,0.6,0.0
7,7869916,8,2,0,0,0.0032533074076275,0.0004066634259534375,0.25,0.0
7,7877971,2,0,0,0,0.0003370741965146,0.0001685370982573,0.0,0.0
7,7892338,1,0,0,0,1.56865794869e-05,1.56865794869e-05,0.0,0.0
7,8214946,21,6,0,0,0.0022257056712187,0.00010598598434374762,0.2857142857142857,0.0
7,8403843,1,0,0,0,0.000218081018504,0.000218081018504,0.0,0.0
7,8403848,80,30,5,1,0.014670304367229301,0.00018337880459036627,0.375,0.0125
7,8403853,1,1,0,0,0.000324741130153,0.000324741130153,1.0,0.0
7,8403854,3,2,1,1,0.0009603404083211,0.00032011346944036664,0.6666666666666666,0.3333333333333333
7,8407229,14,5,0,0,0.0034412557718642,0.00024580398370458573,0.35714285714285715,0.0
7,8500299,55,35,5,3,0.0424576497224211,0.0007719572676803837,0.6363636363636364,0.05454545454545454
7,8634899,4,1,1,1,0.0004632163962537,0.000115804099063425,0.25,0.25
7,8695046,6,3,1,1,0.0009977210640901,0.00016628684401501668,0.5,0.16666666666666666
7,8710016,80,20,6,2,0.0150438937302718,0.0001880486716283975,0.25,0.025
7,8710017,24,12,0,0,0.0135022604692497,0.0005625941862187375,0.5,0.0
7,8867068,84,28,5,1,0.0160389757420134,0.00019094018740492143,0.3333333333333333,0.011904761904761904
7,8877963,15,6,0,0,0.003640838766813,0.00024272258445419997,0.4,0.0
7,8877966,2,1,0,0,0.0001773485564441,8.867427822205e-05,0.5,0.0
7,8891880,6,2,0,0,0.0054034906623208,0.0009005817770534667,0.3333333333333333,0.0
7,8892339,57,26,5,1,0.0143811907316634,0.0002523015917835684,0.45614035087719296,0.017543859649122806
7,8892341,17,3,1,1,0.0043872407044042005,0.0002580729826120118,0.17647058823529413,0.058823529411764705
7,8904991,3,0,0,0,0.0002830639437361,9.435464791203334e-05,0.0,0.0
7,8980571,171,50,4,0,0.0245929411159143,0.00014381836909891404,0.29239766081871343,0.0
7,8980584,90,30,10,2,0.0399555625955637,0.00044395069550626334,0.3333333333333333,0.022222222222222223
7,8980585,112,33,7,6,0.0282355309372768,0.0002521029547971143,0.29464285714285715,0.05357142857142857
7,9013587,46,14,0,0,0.010070895305251201,0.00021893250663589567,0.30434782608695654,0.0
7,9042365,5,1,0,0,0.0068331399758306,0.00136662799516612,0.2,0.0
7,9095251,64,40,12,7,0.012748816434007,0.00019920025678135938,0.625,0.109375
7,9097334,14,5,0,0,0.0028602326355026,0.00020430233110732858,0.35714285714285715,0.0
7,9097339,9,2,0,0,0.001461756082271,0.00016241734247455554,0.2222222222222222,0.0
7,9097340,3,1,0,0,0.0007223982324500999,0.00024079941081669998,0.3333333333333333,0.0
7,9100689,111,35,13,13,0.0301582071251873,0.0002716955596863721,0.3153153153153153,0.11711711711711711
7,9100690,34,8,5,3,0.003526783695138,0.00010372893220994118,0.23529411764705882,0.08823529411764706
7,9100691,54,20,11,8,0.0103135294215254,0.0001909912855838037,0.37037037037037035,0.14814814814814814
7,9100692,57,23,17,13,0.0227130227136726,0.00039847408269601053,0.40350877192982454,0.22807017543859648
7,9100693,111,38,19,14,0.0224857555534415,0.00020257437435532884,0.34234234234234234,0.12612612612612611
7,9100694,19,7,0,0,0.0028895921645568003,0.00015208379813456843,0.3684210526315789,0.0
7,9106406,26,5,3,1,0.010339402806806201,0.0003976693387233154,0.19230769230769232,0.038461538461538464
7,9106407,18,3,2,2,0.0015719344655139,8.732969252855e-05,0.16666666666666666,0.1111111111111111
7,9500303,23,8,0,0,0.0058569224791576,0.0002546488034416348,0.34782608695652173,0.0
7,9551057,2,0,0,0,0.001315258619501,0.0006576293097505,0.0,0.0
7,9700342,6,2,0,0,0.0020682328693252,0.00034470547822086666,0.3333333333333333,0.0
7,9700343,13,5,0,0,0.0036229846123575,0.0002786911240275,0.38461538461538464,0.0
7,9810200,77,51,3,3,0.0108062552750111,0.00014034097759754675,0.6623376623376623,0.03896103896103896
7,10002432,24,7,0,0,0.0153473960097607,0.0006394748337400292,0.2916666666666667,0.0
7,10013589,17,7,4,2,0.0028631706177188,0.00016842180104228237,0.4117647058823529,0.11764705882352941
7,10055720,3,0,0,0,0.001079651102683,0.0003598837008943333,0.0,0.0
7,10123946,18,8,0,0,0.0085423418239525,0.0004745745457751389,0.4444444444444444,0.0
7,10245630,17,9,3,1,0.0028701256922174997,0.00016883092307161764,0.5294117647058824,0.058823529411764705
7,10321092,1,0,0,0,0.000229411756291,0.000229411756291,0.0,0.0
7,10321103,28,12,1,0,0.0163335936495693,0.0005833426303417608,0.42857142857142855,0.0
7,10341182,1013,433,93,53,0.3059709286716578,0.00030204435209443023,0.42744323790720634,0.05231984205330701
7,10383101,21,12,1,1,0.0047785992781735,0.0002275523465796905,0.5714285714285714,0.047619047619047616
7,10462151,7,1,0,0,0.0023402396386653,0.00033431994838075714,0.14285714285714285,0.0
7,10474106,51,39,14,0,0.0395733601394498,0.0007759482380284274,0.7647058823529411,0.0
7,10491643,38,14,1,0,0.0123646995764516,0.0003253868309592526,0.3684210526315789,0.0
7,10686810,10,4,0,0,0.0017614689514978,0.00017614689514978,0.4,0.0
7,10746437,3,0,0,0,0.004576315830968,0.0015254386103226668,0.0,0.0
7,10810197,7,5,0,0,0.0018789081013738,0.0002684154430534,0.7142857142857143,0.0
7,10810198,28,12,0,0,0.0027502984086692,9.822494316675714e-05,0.42857142857142855,0.0
7,10960760,15,6,0,0,0.0019667343173826,0.00013111562115884,0.4,0.0
7,11028540,24,5,1,0,0.0010997139983634,4.5821416598475e-05,0.20833333333333334,0.0
7,11042365,9,4,0,0,0.0016604878085147,0.00018449864539052223,0.4444444444444444,0.0
7,11097337,35,16,3,3,0.0076631653346233,0.00021894758098923715,0.45714285714285713,0.08571428571428572
7,11289564,23,8,1,1,0.0051398733688962,0.0002234727551694,0.34782608695652173,0.043478260869565216
7,11321105,71,19,2,0,0.0291970283008306,0.0004112257507159239,0.2676056338028169,0.0
7,11387831,24,7,0,0,0.0012757203541729,5.315501475720416e-05,0.2916666666666667,0.0
7,11500306,65,35,3,2,0.0167030152301879,0.00025696946507981387,0.5384615384615384,0.03076923076923077
7,11642017,3,1,1,0,0.0003353459370933,0.0001117819790311,0.3333333333333333,0.0
7,11746439,4,0,0,0,0.0008347215866928,0.0002086803966732,0.0,0.0
7,11765780,4,2,0,0,0.001819290824388,0.000454822706097,0.5,0.0
7,11765782,12,7,0,0,0.0065569651725439,0.0005464137643786583,0.5833333333333334,0.0
7,11772330,40,12,1,0,0.0051445978004242,0.000128614945010605,0.3,0.0
7,11803618,43,4,0,0,0.0037012004801694,8.60744297713814e-05,0.09302325581395349,0.0
7,11835565,2,1,0,0,0.0001352972870269,6.764864351345e-05,0.5,0.0
7,11843320,49,15,0,0,0.0045655529275011,9.317454954083878e-05,0.30612244897959184,0.0
7,11938638,54,13,0,0,0.013256612991887,0.0002454928331830926,0.24074074074074073,0.0
7,11959615,51,39,1,0,0.0119977452174268,0.0002352499062240549,0.7647058823529411,0.0
7,12002431,9,2,0,0,0.0009296302058882,0.00010329224509868889,0.2222222222222222,0.0
7,12042241,1,1,0,0,0.000332819118219,0.000332819118219,1.0,0.0
7,12089516,3,1,0,0,0.0001457000140474,4.856667134913334e-05,0.3333333333333333,0.0
7,12089529,60,20,5,2,0.0086045845057389,0.000143409741762315,0.3333333333333333,0.03333333333333333
7,12121528,83,26,7,3,0.0648460876073101,0.0007812781639434952,0.3132530120481928,0.03614457831325301
7,12288258,33,7,0,0,0.0075251571649922995,0.00022803506560582727,0.21212121212121213,0.0
7,12289574,91,27,3,1,0.013503599264830801,0.00014839120071242638,0.2967032967032967,0.01098901098901099
7,12321091,7,1,0,0,0.0015669441874559,0.00022384916963655714,0.14285714285714285,0.0
7,12351511,4,2,0,0,0.0006859188483036001,0.00017147971207590002,0.5,0.0
7,12407222,18,6,1,1,0.0026810767344592,0.00014894870746995557,0.3333333333333333,0.05555555555555555
7,12458065,9,3,0,0,0.0015263437047873,0.00016959374497636667,0.3333333333333333,0.0
7,12474087,4,3,0,0,0.0006554128726426,0.00016385321816065,0.75,0.0
7,12491647,21,9,0,0,0.0012075789398525,5.750375904059524e-05,0.42857142857142855,0.0
7,12513174,11,1,0,0,0.0016788557204811,0.00015262324731646365,0.09090909090909091,0.0
7,12654888,6,2,0,0,0.0008395272823435,0.00013992121372391667,0.3333333333333333,0.0
7,12700454,70,33,4,2,0.019084282548368,0.0002726326078338286,0.4714285714285714,0.02857142857142857
7,12700456,15,8,0,0,0.003761575419608,0.0002507716946405333,0.5333333333333333,0.0
7,12765785,5,1,0,0,7.3670464421e-05,1.4734092884199999e-05,0.2,0.0
7,12843317,27,15,0,0,0.0144388761686482,0.0005347731914314148,0.5555555555555556,0.0
7,12843318,80,36,7,7,0.0184305182366632,0.00023038147795829,0.45,0.0875
7,12845408,12,6,0,0,0.0006272865786022,5.2273881550183335e-05,0.5,0.0
7,12947794,33,12,0,0,0.0079665599904238,0.0002414109088007212,0.36363636363636365,0.0
7,12987592,6,2,0,0,0.0041557157814776004,0.0006926192969129334,0.3333333333333333,0.0
7,12987593,6,4,0,0,0.0158817345747502,0.0026469557624583667,0.6666666666666666,0.0
7,13104554,19,6,0,0,0.0022973819379308,0.00012091483883846317,0.3157894736842105,0.0
7,13166099,199,62,1,1,0.0302842276930846,0.00015218204870896785,0.31155778894472363,0.005025125628140704
7,13289562,83,33,1,0,0.0253690045759891,0.00030565065754203734,0.39759036144578314,0.0
7,13300118,9,1,0,0,0.000836062852451,9.289587249455556e-05,0.1111111111111111,0.0
7,13300124,42,16,2,1,0.0064519444236188,0.0001536177243718762,0.38095238095238093,0.023809523809523808
7,13365547,56,42,7,4,0.021478871535281,0.00038355127741573214,0.75,0.07142857142857142
7,13422843,148,45,2,1,0.0495087119031277,0.00033451832366978174,0.30405405405405406,0.006756756756756757
7,13435356,4,1,0,0,0.001124711048154,0.0002811777620385,0.25,0.0
7,13442454,2,0,0,0,2.09796149327e-05,1.048980746635e-05,0.0,0.0
7,13445189,24,7,1,1,0.009161471883737,0.0003817279951557083,0.2916666666666667,0.041666666666666664
7,13458070,1,0,0,0,0.000739120224765,0.000739120224765,0.0,0.0
7,13458071,15,2,0,0,0.0024613025394492,0.00016408683596328,0.13333333333333333,0.0
7,13462155,24,8,0,0,0.0066936027816829995,0.00027890011590345833,0.3333333333333333,0.0
7,13462158,37,10,1,1,0.0127779926295692,0.00034535115215051894,0.2702702702702703,0.02702702702702703
7,13466843,3,0,0,0,0.0003240606513798,0.00010802021712660001,0.0,0.0
7,13576407,48,4,0,0,0.0049213476424596,0.000102528075884575,0.08333333333333333,0.0
7,13576413,8,3,0,0,0.0016732010379304002,0.00020915012974130002,0.375,0.0
7,13576416,8,4,0,0,0.005032001926616,0.000629000240827,0.5,0.0
7,13661597,78,27,0,0,0.0158840960746543,0.00020364225736736283,0.34615384615384615,0.0
7,13661605,40,11,1,1,0.0079593828786606,0.000198984571966515,0.275,0.025
7,13661607,1,1,0,0,5.65128685797e-05,5.65128685797e-05,1.0,0.0
7,13661608,77,29,3,2,0.0175425006323819,0.00022782468353742727,0.37662337662337664,0.025974025974025976
7,13710655,3,1,1,0,0.001176811737174,0.000392270579058,0.3333333333333333,0.0
7,13770704,14,2,1,1,0.0028816777451909003,0.00020583412465649287,0.14285714285714285,0.07142857142857142
7,13810178,2,0,0,0,4.33372240557e-05,2.166861202785e-05,0.0,0.0
7,13823055,11,4,1,0,0.0065975316447982,0.0005997756040725637,0.36363636363636365,0.0
7,13947793,42,9,0,0,0.0082893590277245,0.0001973656911362976,0.21428571428571427,0.0
7,13947795,106,45,1,1,0.0561715472700026,0.0005299202572641755,0.42452830188679247,0.009433962264150943
7,14006998,8,4,0,0,0.0073947206187801,0.0009243400773475125,0.5,0.0
7,14102485,19,3,0,0,0.0174664636644539,0.0009192875612870473,0.15789473684210525,0.0
7,14104561,6,1,0,0,0.00024275916460959998,4.045986076826666e-05,0.16666666666666666,0.0
7,14104562,8,3,0,0,0.0019191340177507,0.0002398917522188375,0.375,0.0
7,14106384,9,2,1,1,0.00253362561097,0.00028151395677444445,0.2222222222222222,0.1111111111111111
7,14106399,12,4,3,2,0.0075773803262096,0.0006314483605174666,0.3333333333333333,0.16666666666666666
7,14118031,5,3,0,0,0.0016434713538731,0.00032869427077462,0.6,0.0
7,14121532,188,79,18,12,0.1036460606635878,0.0005513088333169564,0.42021276595744683,0.06382978723404255
7,14235907,101,47,8,3,0.0767816011830125,0.0007602138730991336,0.46534653465346537,0.0297029702970297
7,14257845,42,24,5,4,0.0577313640884818,0.0013745562878209952,0.5714285714285714,0.09523809523809523
7,14289571,128,38,4,2,0.0353671277802108,0.00027630568578289685,0.296875,0.015625
7,14300126,12,5,1,0,0.0020766537107653,0.00017305447589710833,0.4166666666666667,0.0
7,14398570,4,1,0,0,0.0023805786860901,0.000595144671522525,0.25,0.0
7,14445192,99,26,2,0,0.0175092807705526,0.00017686142192477374,0.26262626262626265,0.0
7,14458654,44,25,11,6,0.0348209186578868,0.0007913845149519727,0.5681818181818182,0.13636363636363635
7,14458669,5,2,0,0,0.0005760132521136,0.00011520265042272,0.4,0.0
7,14466837,37,5,1,0,0.0083108533806407,0.00022461765893623512,0.13513513513513514,0.0
7,14576401,18,10,0,0,0.0122786223805744,0.0006821456878096889,0.5555555555555556,0.0
7,14661605,166,56,9,3,0.1004051672143568,0.0006048504049057638,0.3373493975903614,0.018072289156626505
7,14891867,13,8,3,1,0.0101792224853297,0.0007830171142561308,0.6153846153846154,0.07692307692307693
7,15073876,222,47,3,1,0.0096560107854748,4.349554407871531e-05,0.21171171171171171,0.0045045045045045045
7,15184511,261,108,48,18,0.1717325895252519,0.000657979270211693,0.41379310344827586,0.06896551724137931
7,15321102,11,4,2,0,0.0054654075709457,0.0004968552337223363,0.36363636363636365,0.0
7,15323491,3,1,0,0,0.001896930069507,0.000632310023169,0.3333333333333333,0.0
7,15398570,453,174,34,20,0.1126097189594805,0.0002485865760694934,0.3841059602649007,0.04415011037527594
7,15422821,33,16,2,0,0.0192796262240613,0.0005842310976988273,0.48484848484848486,0.0
7,15491650,17,7,0,0,0.0071956107174321,0.00042327121867247647,0.4117647058823529,0.0
7,15500294,20,1,0,0,0.0037737456632155,0.000188687283160775,0.05,0.0
7,15500296,7,2,1,1,0.0006134302199121,8.763288855887144e-05,0.2857142857142857,0.14285714285714285
7,15506599,12,2,1,1,0.0012971343982823,0.00010809453319019168,0.16666666666666666,0.08333333333333333
7,15568932,35,12,2,2,0.0046477992070197,0.0001327942630577057,0.34285714285714286,0.05714285714285714
7,15574227,17,7,0,0,0.0130673185444851,0.0007686657967344177,0.4117647058823529,0.0
7,15654890,116,38,4,1,0.0094535506843981,8.14961265896388e-05,0.3275862068965517,0.008620689655172414
7,15654897,133,58,9,9,0.0357328956287276,0.0002686683881859218,0.43609022556390975,0.06766917293233082
7,15661602,25,7,0,0,0.0286044486625234,0.001144177946500936,0.28,0.0
7,15743382,32,6,5,4,0.0063985551095407,0.00019995484717314686,0.1875,0.125
7,15746419,209,82,14,10,0.1137612119590914,0.0005443120189430211,0.3923444976076555,0.04784688995215311
7,15823034,20,5,1,0,0.010595271739793,0.00052976358698965,0.25,0.0
7,15885288,11,1,0,0,0.0012781666154738,0.00011619696504307273,0.09090909090909091,0.0
7,15959625,67,18,0,0,0.0074069767809414,0.00011055189225285672,0.26865671641791045,0.0
7,16040127,5,2,0,0,0.000303635598366,6.0727119673199996e-05,0.4,0.0
7,16184514,1,0,0,0,7.35294117647e-05,7.35294117647e-05,0.0,0.0
7,16184517,83,19,10,10,0.0063173890949844,7.611312162631807e-05,0.2289156626506024,0.12048192771084337
7,16294809,9,5,0,0,0.0038654919667476,0.0004294991074164,0.5555555555555556,0.0
7,16307476,24,9,1,0,0.011408367502596599,0.00047534864594152494,0.375,0.0
7,16321090,32,8,0,0,0.0090409896126327,0.0002825309253947719,0.25,0.0
7,16491630,15,2,0,0,0.001669480460259,0.0001112986973506,0.13333333333333333,0.0
7,16506604,13,3,0,0,0.0031421794015018,0.00024170610780783076,0.23076923076923078,0.0
7,16823030,154,51,3,1,0.0335098856929493,0.00021759666034382663,0.33116883116883117,0.006493506493506494
7,16920597,14,1,0,0,0.0073459206025146,0.0005247086144653286,0.07142857142857142,0.0
7,16920602,2,2,0,0,0.00151977343217,0.000759886716085,1.0,0.0
7,16920603,1,0,0,0,5.29006211197e-05,5.29006211197e-05,0.0,0.0
7,16920604,16,4,0,0,0.0043460712728173,0.00027162945455108125,0.25,0.0
7,16922675,101,39,15,3,0.0235484493203095,0.0002331529635674208,0.38613861386138615,0.0297029702970297
7,17051292,1,0,0,0,0.000456804805979,0.000456804805979,0.0,0.0
7,17091415,4,3,2,0,0.0005824796665655999,0.00014561991664139998,0.75,0.0
7,17132179,8,2,0,0,0.00243809697712,0.00030476212214,0.25,0.0
7,17132183,26,9,0,0,0.0032016697366061,0.00012314114371561924,0.34615384615384615,0.0
7,17288254,38,13,1,0,0.008522113124907,0.00022426613486597365,0.34210526315789475,0.0
7,17288262,28,6,0,0,0.0196108633045323,0.0007003879751618679,0.21428571428571427,0.0
7,17314986,14,4,0,0,0.0036299422376229002,0.0002592815884016357,0.2857142857142857,0.0
7,17314989,28,10,2,1,0.0055163816668039,0.00019701363095728214,0.35714285714285715,0.03571428571428571
7,17321082,130,28,3,2,0.0231487622459959,0.00017806740189227615,0.2153846153846154,0.015384615384615385
7,17435335,26,9,0,0,0.0077690980371774,0.0002988114629683616,0.34615384615384615,0.0
7,17445189,5,2,0,0,0.0009394756665540001,0.00018789513331080002,0.4,0.0
7,17491634,12,5,0,0,0.0054764471238208995,0.00045637059365174164,0.4166666666666667,0.0
7,17661707,7,2,0,0,0.0057388281003363005,0.0008198325857623287,0.2857142857142857,0.0
7,17661709,5,1,0,0,0.0017865481139392,0.00035730962278784,0.2,0.0
7,17661711,4,1,0,0,0.0004261764681341,0.000106544117033525,0.25,0.0
7,17686799,663,197,17,13,0.1283467641271886,0.00019358486293693603,0.2971342383107089,0.0196078431372549
7,17710659,18,5,4,1,0.0077873343281221,0.0004326296848956722,0.2777777777777778,0.05555555555555555
7,17710661,10,4,2,1,0.0042950897878523,0.00042950897878523,0.4,0.1
7,17710664,50,14,6,4,0.0163644188680474,0.000327288377360948,0.28,0.08
7,17916128,15,2,0,0,0.0012383871609113,8.255914406075334e-05,0.13333333333333333,0.0
7,18091420,10,6,1,1,0.0008425935790246,8.425935790246e-05,0.6,0.1
7,18095238,48,10,0,0,0.0068455516973985,0.00014261566036246874,0.20833333333333334,0.0
7,18104558,3,1,0,0,0.009386746692923002,0.0031289155643076673,0.3333333333333333,0.0
7,18323505,17,5,0,0,0.0083067508830365,0.0004886324048845,0.29411764705882354,0.0
7,18436526,39,7,0,0,0.0048269484706174,0.00012376790950301025,0.1794871794871795,0.0
7,18443077,68,27,0,0,0.0125441138241781,0.00018447226212026617,0.39705882352941174,0.0
7,18498193,24,4,0,0,0.0013435036447714,5.597931853214166e-05,0.16666666666666666,0.0
7,18498853,62,14,1,1,0.0041061332071956,6.622795495476774e-05,0.22580645161290322,0.016129032258064516
7,18836888,14,3,0,0,0.001825974266466,0.000130426733319,0.21428571428571427,0.0
7,18898397,26,10,2,1,0.0089090354789601,0.0003426552107292346,0.38461538461538464,0.038461538461538464
7,18899195,11,6,2,2,0.0061770264856304,0.0005615478623300364,0.5454545454545454,0.18181818181818182
7,18916125,13,4,2,0,0.005990147230841099,0.0004607805562185461,0.3076923076923077,0.0
7,18975813,73,24,8,5,0.0138768791920057,0.00019009423550692738,0.3287671232876712,0.0684931506849315
7,18975823,112,42,3,0,0.0217854434865287,0.00019451288827257768,0.375,0.0
7,19000595,4,2,0,0,0.0003924309316433,9.8107732910825e-05,0.5,0.0
7,19129839,153,41,8,5,0.0539971039152557,0.00035292224781212876,0.2679738562091503,0.032679738562091505
7,19129845,5,2,0,0,0.0012447623114194,0.00024895246228388,0.4,0.0
7,19602309,164,54,0,0,0.0242140506597289,0.00014764665036420062,0.32926829268292684,0.0
7,19661713,13,2,1,1,0.0033318254716236,0.00025629426704796925,0.15384615384615385,0.07692307692307693
7,19860994,11,2,0,0,0.0034268986693806003,0.0003115362426709637,0.18181818181818182,0.0
7,20309767,22,14,1,0,0.0026626904446641004,0.0001210313838483682,0.6363636363636364,0.0
7,20377297,43,15,1,1,0.021926743860672,0.0005099242758295814,0.3488372093023256,0.023255813953488372
7,20445163,5,2,0,0,0.0015409507310208,0.00030819014620416,0.4,0.0
7,20458055,43,10,1,1,0.0116710707218338,0.0002714202493449721,0.23255813953488372,0.023255813953488372
7,20496139,7,0,0,0,0.00044752277214649995,6.393182459235713e-05,0.0,0.0
7,20530187,26,14,0,0,0.0077173103896096,0.0002968196303696,0.5384615384615384,0.0
7,20640037,17,8,0,0,0.0124402329792556,0.0007317784105444471,0.47058823529411764,0.0
7,20695010,39,8,0,0,0.0039248423819696,0.00010063698415306666,0.20512820512820512,0.0
7,20730227,31,10,1,0,0.0199768350265752,0.000644414033115329,0.3225806451612903,0.0
7,20817326,29,11,0,0,0.0018134082716293,6.253131971135517e-05,0.3793103448275862,0.0
7,20898399,5,1,0,0,0.00031827225471669997,6.365445094334e-05,0.2,0.0
7,20898401,3,0,0,0,0.0022480956333503,0.0007493652111167666,0.0,0.0
7,20916101,4,1,0,0,0.0005299102485194,0.00013247756212985,0.25,0.0
7,20922679,29,10,0,0,0.0095322666676982,0.0003286988506102828,0.3448275862068966,0.0
7,20938751,69,20,8,5,0.0381399027267456,0.0005527522134310956,0.2898550724637681,0.07246376811594203
7,21005924,2,1,0,0,0.0017821237623159999,0.0008910618811579999,0.5,0.0
7,21016759,20,5,0,0,0.0014924093172861,7.4620465864305e-05,0.25,0.0
7,21096019,11,7,0,0,0.001922673184529,0.00017478847132081817,0.6363636363636364,0.0
7,21257831,37,13,0,0,0.0090804538076758,0.00024541767047772434,0.35135135135135137,0.0
7,21294794,61,28,8,6,0.019548189789701298,0.0003204621277000213,0.45901639344262296,0.09836065573770492
7,21307468,3,2,1,0,0.000541283022687,0.000180427674229,0.6666666666666666,0.0
7,21443086,33,13,1,0,0.0074392260247549,0.0002254310916592394,0.3939393939393939,0.0
7,21640043,88,29,5,5,0.0201870493126334,0.00022939828764356136,0.32954545454545453,0.056818181818181816
7,21658041,16,6,0,0,0.0093517990289684,0.000584487439310525,0.375,0.0
7,21830168,7,0,0,0,0.0016518579418543999,0.00023597970597919997,0.0,0.0
7,21898401,5,5,5,0,0.011713887170640001,0.0023427774341280004,1.0,0.0
7,22071675,3,3,0,0,0.0020513879562581,0.0006837959854193667,1.0,0.0
7,22233130,60,28,0,0,0.031149199462419,0.0005191533243736501,0.4666666666666667,0.0
7,22274902,7,0,0,0,0.0008263118026587,0.00011804454323695714,0.0,0.0
7,22296560,4,3,0,0,0.0005251470889703,0.000131286772242575,0.75,0.0
7,22391321,47,12,5,3,0.029055026506,0.000618192053319149,0.2553191489361702,0.06382978723404255
7,22419532,17,12,0,0,0.004945318854253499,0.00029090110907373527,0.7058823529411765,0.0
7,22431924,13,4,0,0,0.003425921914447,0.00026353245495746154,0.3076923076923077,0.0
7,22445172,15,7,0,0,0.0066180853579954,0.00044120569053302666,0.4666666666666667,0.0
7,22451482,32,15,1,1,0.0107407992194926,0.00033564997560914375,0.46875,0.03125
7,22589171,18,4,0,0,0.005327682349181,0.0002959823527322778,0.2222222222222222,0.0
7,22695010,8,5,0,0,0.0021084881740722,0.000263561021759025,0.625,0.0
7,22723823,29,11,0,0,0.0033106774821064,0.0001141612924864276,0.3793103448275862,0.0
7,22726403,10,3,0,0,0.006060721426462801,0.00060607214264628,0.3,0.0
7,22891661,2,0,0,0,0.001116926064972,0.000558463032486,0.0,0.0
7,22891668,23,4,0,0,0.002676204772314,0.00011635672923104347,0.17391304347826086,0.0
7,22891673,15,6,0,0,0.006872486411057,0.0004581657607371333,0.4,0.0
7,23254639,5,1,0,0,0.0003778550575516,7.557101151032e-05,0.2,0.0
7,23288223,20,7,0,0,0.0022331029917979,0.00011165514958989501,0.35,0.0
7,23310435,4,0,0,0,0.0004404166625698,0.00011010416564245,0.0,0.0
7,23330020,9,6,1,0,0.013601651661675101,0.0015112946290750113,0.6666666666666666,0.0
7,23330022,17,0,0,0,0.0016533698875381999,9.72570522081294e-05,0.0,0.0
7,23346188,3,1,0,0,0.0001435245628305,4.78415209435e-05,0.3333333333333333,0.0
7,23377306,17,4,0,0,0.0023490607061242,0.00013818004153671765,0.23529411764705882,0.0
7,23385780,19,7,0,0,0.0143418274974353,0.0007548330261808052,0.3684210526315789,0.0
7,23530192,37,17,2,0,0.0202819041642675,0.0005481595720072297,0.4594594594594595,0.0
7,23644447,21,5,2,2,0.0034119775581967,0.00016247512181889046,0.23809523809523808,0.09523809523809523
7,23695013,45,12,1,0,0.0071212476814883005,0.00015824994847751778,0.26666666666666666,0.0
7,23817046,141,57,7,0,0.0317441568665747,0.00022513586430194824,0.40425531914893614,0.0
7,23852329,165,30,2,0,0.0442473991032992,0.00026816605517151034,0.18181818181818182,0.0
7,23852330,15,5,0,0,0.0147015479138536,0.0009801031942569065,0.3333333333333333,0.0
7,23852331,9,3,0,0,0.0019081271241539,0.00021201412490598888,0.3333333333333333,0.0
7,23852343,32,13,3,1,0.023206055836707,0.0007251892448970937,0.40625,0.03125
7,23852344,8,2,0,0,0.012659870472539001,0.0015824838090673751,0.25,0.0
7,24045148,7,1,0,0,0.0019607899767685,0.0002801128538240714,0.14285714285714285,0.0
7,24045153,3,0,0,0,0.0011931607637100002,0.00039772025457000007,0.0,0.0
7,24045154,12,7,2,1,0.0048899269438339,0.00040749391198615834,0.5833333333333334,0.08333333333333333
7,24097956,16,4,0,0,0.0027668572944981,0.00017292858090613126,0.25,0.0
7,24119478,18,7,0,0,0.0069523528090922,0.0003862418227273444,0.3888888888888889,0.0
7,24119481,35,8,0,0,0.0011639655486862,3.325615853389143e-05,0.22857142857142856,0.0
7,24126625,38,18,0,0,0.0049160895072174,0.00012937077650572107,0.47368421052631576,0.0
7,24267774,20,11,0,0,0.0031351099501413,0.000156755497507065,0.55,0.0
7,24316983,60,19,3,3,0.0118331913224859,0.00019721985537476502,0.31666666666666665,0.05
7,24321351,20,11,1,1,0.0048605714161589,0.000243028570807945,0.55,0.05
7,24378636,281,87,4,2,0.047081505973632996,0.00016754984332253736,0.3096085409252669,0.0071174377224199285
7,24389111,121,34,1,0,0.0530623550647382,0.0004385318600391587,0.2809917355371901,0.0
7,24391301,9,1,0,0,0.0008877265416882,9.86362824098e-05,0.1111111111111111,0.0
7,24419530,6,4,0,0,0.000160298464492,2.6716410748666667e-05,0.6666666666666666,0.0
7,24491616,23,9,1,0,0.0076052932376443,0.0003306649233758391,0.391304347826087,0.0
7,24526835,10,4,0,0,0.0006826887833399,6.826887833399e-05,0.4,0.0
7,24843272,15,3,3,3,0.0010799003691716,7.199335794477332e-05,0.2,0.2
7,24843279,16,7,3,1,0.004272683888791,0.0002670427430494375,0.4375,0.0625
7,24936122,6,0,0,0,0.0011367320879325,0.00018945534798874998,0.0,0.0
7,24942663,12,3,0,0,0.0111433824646916,0.0009286152053909666,0.25,0.0
7,24982960,5,3,1,1,0.0008473846658931,0.00016947693317862,0.6,0.2
7,24982961,6,5,0,0,0.0003284087031151,5.473478385251666e-05,0.8333333333333334,0.0
7,25064375,26,11,1,0,0.0168140242964449,0.0006466932421709577,0.4230769230769231,0.0
7,25102583,24,9,2,2,0.0129909341874641,0.0005412889244776709,0.375,0.08333333333333333
7,25119476,31,8,0,0,0.0163830410060786,0.000528485193744471,0.25806451612903225,0.0
7,25172774,22,6,0,0,0.0014855659542979001,6.75257251953591e-05,0.2727272727272727,0.0
7,25259856,12,2,0,0,0.000997046925426,8.30872437855e-05,0.16666666666666666,0.0
7,25391297,2,0,0,0,0.000132058821075,6.60294105375e-05,0.0,0.0
7,25419531,222,71,5,1,0.0274674365421764,0.0001237271916314252,0.31981981981981983,0.0045045045045045045
7,25675129,32,17,0,0,0.0116563044963417,0.0003642595155106781,0.53125,0.0
7,25843273,13,7,0,0,0.0023885972586789,0.0001837382506676077,0.5384615384615384,0.0
7,25866075,19,6,0,0,0.0016429901525653,8.647316592448948e-05,0.3157894736842105,0.0
7,25866076,24,7,0,0,0.0020395763054425,8.498234606010416e-05,0.2916666666666667,0.0
7,25920690,52,35,11,7,0.0120034081383463,0.00023083477189127498,0.6730769230769231,0.1346153846153846
7,25998432,60,11,0,0,0.0028203377152797,4.7005628587995004e-05,0.18333333333333332,0.0
7,25998433,18,4,0,0,0.0015645076818151,8.691709343417222e-05,0.2222222222222222,0.0
7,25998434,3,0,0,0,0.0004382956794,0.0001460985598,0.0,0.0
7,25998435,16,8,0,0,0.0020819823540947,0.00013012389713091876,0.5,0.0
7,26071516,11,5,0,0,0.0047960003815791,0.00043600003468900907,0.45454545454545453,0.0
7,26091094,51,18,1,0,0.0283036044395815,0.0005549726360702255,0.35294117647058826,0.0
7,26091099,37,12,1,1,0.0152237006915787,0.0004114513700426676,0.32432432432432434,0.02702702702702703
7,26321366,134,46,4,2,0.0175273846188419,0.0001308013777525515,0.34328358208955223,0.014925373134328358
7,26372320,8,2,0,0,0.0026505327057337,0.0003313165882167125,0.25,0.0
7,26383493,1,0,0,0,0.00011911766494,0.00011911766494,0.0,0.0
7,26383495,5,1,0,0,0.000434002849148,8.68005698296e-05,0.2,0.0
7,26389107,72,11,1,1,0.0240748643385782,0.00033437311581358616,0.1527777777777778,0.013888888888888888
7,26389108,7,0,0,0,0.0005184714156567,7.406734509381428e-05,0.0,0.0
7,26491443,3,0,0,0,0.000519574763915,0.00017319158797166666,0.0,0.0
7,26534046,6,5,0,0,0.000999921478664,0.00016665357977733333,0.8333333333333334,0.0
7,26614024,29,12,0,0,0.020564781565651998,0.0007091303988155861,0.41379310344827586,0.0
7,26614035,3,2,0,0,0.0011760099558768,0.0003920033186256,0.6666666666666666,0.0
7,26729616,6,1,0,0,0.0005217377260846,8.695628768076666e-05,0.16666666666666666,0.0
7,26750602,2,0,0,0,0.003140238745786,0.001570119372893,0.0,0.0
7,26852338,167,27,3,1,0.016274237779925,9.745052562829341e-05,0.16167664670658682,0.005988023952095809
7,26852339,134,25,2,0,0.0057355819211432,4.2802850157785073e-05,0.1865671641791045,0.0
7,26874680,19,4,0,0,0.0022990693111756,0.00012100364795661052,0.21052631578947367,0.0
7,26891650,36,12,10,6,0.0060965501803869,0.00016934861612185833,0.3333333333333333,0.16666666666666666
7,26903589,4,1,0,0,0.0021257004562737,0.000531425114068425,0.25,0.0
7,26945970,10,5,1,0,0.0005659727583682,5.6597275836820006e-05,0.5,0.0
7,26949221,3,1,0,0,9.829607003949999e-05,3.276535667983333e-05,0.3333333333333333,0.0
7,26949222,7,1,0,0,0.0009131271907153,0.00013044674153075714,0.14285714285714285,0.0
7,26949223,4,1,0,0,0.0004616906231508,0.0001154226557877,0.25,0.0
7,26998428,114,37,2,0,0.0383988119315393,0.00033683168360999386,0.32456140350877194,0.0
7,26998432,11,5,1,0,0.0032112272358521,0.0002919297487138273,0.45454545454545453,0.0
7,26998433,4,1,0,0,0.000521747425702,0.0001304368564255,0.25,0.0
7,26998434,15,5,0,0,0.0066032035458268995,0.0004402135697217933,0.3333333333333333,0.0
7,26998435,2,1,0,0,0.0002942081299779,0.00014710406498895,0.5,0.0
7,26998439,9,4,0,0,0.0014457147168331999,0.0001606349685370222,0.4444444444444444,0.0
7,27009843,5,1,0,0,0.00047341678920970003,9.468335784194e-05,0.2,0.0
7,27009857,24,4,0,0,0.0013474387330946,5.614328054560834e-05,0.16666666666666666,0.0
7,27009860,5,4,0,0,0.00310079753103,0.000620159506206,0.8,0.0
7,27031690,26,12,0,0,0.0011657778868470999,4.4837611032580766e-05,0.46153846153846156,0.0
7,27091101,6,2,1,0,0.025443554185324,0.004240592364220666,0.3333333333333333,0.0
7,27091104,24,7,1,0,0.0111173169206352,0.00046322153835980003,0.2916666666666667,0.0
7,27118781,162,64,19,17,0.0577827606531267,0.00035668370773535,0.3950617283950617,0.10493827160493827
7,27321366,289,98,8,2,0.0464943285308696,0.00016088002951857993,0.3391003460207612,0.006920415224913495
7,27323540,49,12,0,0,0.0041235086976126,8.415323872678776e-05,0.24489795918367346,0.0
7,27323541,33,15,1,1,0.0033858500306068002,0.00010260151607899394,0.45454545454545453,0.030303030303030304
7,27385784,46,13,2,0,0.0055534888233168,0.0001207280178981913,0.2826086956521739,0.0
7,27491436,25,4,0,0,0.0045187255862543995,0.00018074902345017598,0.16,0.0
7,27589150,49,27,3,0,0.0111683743232425,0.0002279260065967857,0.5510204081632653,0.0
7,27614018,42,11,0,0,0.0040596952028676,9.665940959208571e-05,0.2619047619047619,0.0
7,27644431,3,0,0,0,0.000152647054266,5.0882351422000005e-05,0.0,0.0
7,27684173,38,12,2,0,0.0086793061197749,0.00022840279262565524,0.3157894736842105,0.0
7,27729624,33,10,0,0,0.0111320054201821,0.00033733349758127576,0.30303030303030304,0.0
7,27777499,148,62,15,1,0.0407431907184598,0.00027529182917878243,0.4189189189189189,0.006756756756756757
7,27872610,1,0,0,0,0.000148052012219,0.000148052012219,0.0,0.0
7,27888153,41,8,0,0,0.0050110567024782005,0.00012222089518239512,0.1951219512195122,0.0
7,27891651,16,5,1,1,0.004225531862783,0.0002640957414239375,0.3125,0.0625
7,27990027,17,7,0,0,0.0014881652925351,8.753913485500588e-05,0.4117647058823529,0.0
7,28031695,26,7,0,0,0.002494339545197,9.593613635373077e-05,0.2692307692307692,0.0
7,28071513,4,1,0,0,0.0005537561812215,0.000138439045305375,0.25,0.0
7,28091103,1,0,0,0,2.19331155804e-05,2.19331155804e-05,0.0,0.0
7,28137208,100,36,2,2,0.0173335849403769,0.000173335849403769,0.36,0.02
7,28233117,2,0,0,0,5.66475285151e-05,2.832376425755e-05,0.0,0.0
7,28351001,339,207,37,19,0.1195786258034303,0.00035273930915466164,0.6106194690265486,0.05604719764011799
7,28385762,31,6,0,0,0.00454760481507,0.00014669692951838707,0.1935483870967742,0.0
7,28389117,35,11,0,0,0.0090580016444799,0.00025880004698514,0.3142857142857143,0.0
7,28726401,9,1,0,0,0.0042984055514396,0.0004776006168266222,0.1111111111111111,0.0
7,28729609,22,4,0,0,0.0045441445322347,0.00020655202419248635,0.18181818181818182,0.0
7,28729624,34,11,2,2,0.010630659499644,0.00031266645587188236,0.3235294117647059,0.058823529411764705
7,28739284,68,32,5,2,0.0566003105506272,0.0008323575080974588,0.47058823529411764,0.029411764705882353
7,28752986,12,7,5,5,0.0104864463817408,0.0008738705318117333,0.5833333333333334,0.4166666666666667
7,28752988,8,1,0,0,0.0013541227365966,0.000169265342074575,0.125,0.0
7,28795042,291,91,18,10,0.0603472456138424,0.0002073788509066749,0.3127147766323024,0.03436426116838488
7,28795043,79,17,1,0,0.0059434320878082,7.523331756719241e-05,0.21518987341772153,0.0
7,28864843,9,2,0,0,0.0048877480103273,0.0005430831122585889,0.2222222222222222,0.0
7,28864844,11,2,0,0,0.0020710247659345,0.0001882749787213182,0.18181818181818182,0.0
7,28874676,170,60,0,0,0.0380138597982592,0.00022361093998976,0.35294117647058826,0.0
7,28896342,45,13,0,0,0.0198845861239429,0.00044187969164317557,0.28888888888888886,0.0
7,28920697,34,20,1,0,0.0102377779970059,0.00030111111755899705,0.5882352941176471,0.0
7,29091102,10,4,0,0,0.0011890420879734,0.00011890420879734,0.4,0.0
7,29140152,16,4,0,0,0.0014565061591333,9.103163494583125e-05,0.25,0.0
7,29175063,14,6,0,0,0.0038116925992508002,0.0002722637570893429,0.42857142857142855,0.0
7,29345613,42,11,0,0,0.0149229106069359,0.0003553073954032357,0.2619047619047619,0.0
7,29389116,59,20,1,0,0.0202369235904737,0.00034299870492328306,0.3389830508474576,0.0
7,29427842,247,90,17,11,0.1736795718144496,0.0007031561611921036,0.3643724696356275,0.044534412955465584
7,29513908,11,6,1,1,0.0014642256390629,0.00013311142173299092,0.5454545454545454,0.09090909090909091
7,29513913,43,20,1,1,0.011238734070754399,0.00026136590862219534,0.46511627906976744,0.023255813953488372
7,29513914,11,3,0,0,0.0018138231509788,0.00016489301372534545,0.2727272727272727,0.0
7,29513915,14,8,2,2,0.0177547730561359,0.0012681980754382786,0.5714285714285714,0.14285714285714285
7,29513916,16,9,0,0,0.005774747866854,0.000360921741678375,0.5625,0.0
7,29531970,14,5,3,3,0.0009810215431196,7.007296736568571e-05,0.35714285714285715,0.21428571428571427
7,29531976,5,1,0,0,0.0002784154409829,5.568308819658e-05,0.2,0.0
7,29531977,1,0,0,0,3.97058839307e-05,3.97058839307e-05,0.0,0.0
7,29531983,29,8,7,7,0.0010313153210013,3.55625972759069e-05,0.27586206896551724,0.2413793103448276
7,29534051,29,11,1,1,0.0063840682420759996,0.00022014028420951724,0.3793103448275862,0.034482758620689655
7,29614010,4,3,1,0,0.0007359380203064,0.0001839845050766,0.75,0.0
7,29614011,28,8,0,0,0.0085523860151248,0.00030544235768302855,0.2857142857142857,0.0
7,29614012,15,3,0,0,0.0016217871493115,0.00010811914328743334,0.2,0.0
7,29614013,18,5,0,0,0.0083890944345797,0.00046606080192109444,0.2777777777777778,0.0
7,29687342,13,8,1,1,0.0025810326867615,0.00019854097590473079,0.6153846153846154,0.07692307692307693
7,29687343,21,8,2,1,0.0040934557254769,0.00019492646311794763,0.38095238095238093,0.047619047619047616
7,29862638,18,9,0,0,0.0073193574182299,0.00040663096767943886,0.5,0.0
7,29864831,5,4,0,0,0.005691759175662199,0.0011383518351324399,0.8,0.0
7,29874685,12,5,0,0,0.0034690338920390002,0.0002890861576699167,0.4166666666666667,0.0
7,29874686,5,1,0,0,0.000825454316781,0.0001650908633562,0.2,0.0
7,29874688,5,1,1,1,0.0009913157974787,0.00019826315949574,0.2,0.2
7,29880997,12,3,2,1,0.0021838429015309,0.00018198690846090834,0.25,0.08333333333333333
7,29880998,14,3,2,2,0.005664902365492,0.00040463588324942854,0.21428571428571427,0.14285714285714285
7,29903689,6,0,0,0,0.0005808555586806001,9.68092597801e-05,0.0,0.0
7,30175072,35,10,1,1,0.0227130134483644,0.00064894324138184,0.2857142857142857,0.02857142857142857
7,30175073,29,16,1,0,0.0175997528193161,0.0006068880282522793,0.5517241379310345,0.0
7,30328739,23,7,0,0,0.01197848079138,0.0005208035126686956,0.30434782608695654,0.0
7,30368132,61,25,3,3,0.0281325150340041,0.0004611887710492475,0.4098360655737705,0.04918032786885246
7,30405203,12,6,3,1,0.0015166113380714,0.00012638427817261667,0.5,0.08333333333333333
7,30427825,21,6,1,0,0.00484918624096,0.00023091363052190478,0.2857142857142857,0.0
7,30471712,14,6,0,0,0.0031632787219168,0.0002259484801369143,0.42857142857142855,0.0
7,30471715,9,5,0,0,0.0006440567626503001,7.15618625167e-05,0.5555555555555556,0.0
7,30487330,4,2,1,1,0.00015225123911990002,3.8062809779975004e-05,0.5,0.25
7,30491418,220,78,10,7,0.1082706592083341,0.0004921393600378823,0.35454545454545455,0.031818181818181815
7,30501159,22,9,0,0,0.012248649270701701,0.0005567567850318955,0.4090909090909091,0.0
7,30534043,7,7,4,1,0.0020970415177373,0.00029957735967675716,1.0,0.14285714285714285
7,30535894,143,84,15,15,0.0517863133383053,0.0003621420513168203,0.5874125874125874,0.1048951048951049
7,30676243,19,7,0,0,0.0113525885338866,0.0005975046596782422,0.3684210526315789,0.0
7,30729721,62,24,4,2,0.0160237576461124,0.0002584477039695548,0.3870967741935484,0.03225806451612903
7,30752994,75,36,5,5,0.0109380742050541,0.00014584098940072132,0.48,0.06666666666666667
7,30801593,1742,560,65,27,0.1086652407780777,6.237958712863244e-05,0.3214695752009185,0.015499425947187142
7,30810420,4,1,0,0,0.00022022218860379998,5.5055547150949996e-05,0.25,0.0
7,30848316,28,6,1,0,0.0056742336406006,0.00020265120145002144,0.21428571428571427,0.0
7,30881002,5,0,0,0,0.0004759644744617,9.519289489234e-05,0.0,0.0
7,31084986,3,3,1,1,0.000798920008937,0.00026630666964566667,1.0,0.3333333333333333
7,31129937,3,2,0,0,0.0062800327621836995,0.002093344254061233,0.6666666666666666,0.0
7,31129938,31,7,1,0,0.0137611441643534,0.00044390787626946455,0.22580645161290322,0.0
7,31129939,10,5,0,0,0.0039048088279787,0.00039048088279787,0.5,0.0
7,31262852,4,1,0,0,0.0003475540414246,8.688851035615e-05,0.25,0.0
7,31265168,15,2,2,0,0.0072937456250413,0.0004862497083360867,0.13333333333333333,0.0
7,31323522,16,2,0,0,0.0016148536559528,0.00010092835349705,0.125,0.0
7,31330666,16,7,0,0,0.0033398545037218,0.0002087409064826125,0.4375,0.0
7,31452108,7,1,1,1,0.0017866004062512,0.00025522862946445715,0.14285714285714285,0.14285714285714285
7,31491419,7,2,1,0,0.0166590480376843,0.002379864005383471,0.2857142857142857,0.0
7,31736975,114,22,2,2,0.0139382002726391,0.0001222649146722728,0.19298245614035087,0.017543859649122806
7,31772643,480,215,18,16,0.1166462037742875,0.00024301292452976562,0.4479166666666667,0.03333333333333333
7,31775712,23,11,2,1,0.0054274205052878,0.00023597480457773044,0.4782608695652174,0.043478260869565216
7,32009848,73,18,1,0,0.0039245595582871,5.3761089839549316e-05,0.2465753424657534,0.0
7,32042839,1,0,0,0,1.47058825721e-05,1.47058825721e-05,0.0,0.0
7,32135669,3,2,0,0,0.0005995166476755001,0.00019983888255850003,0.6666666666666666,0.0
7,32135670,47,15,1,1,0.0056691974929193,0.00012062122325360212,0.3191489361702128,0.02127659574468085
7,32135680,6,4,1,1,0.0005583352024439,9.305586707398334e-05,0.6666666666666666,0.16666666666666666
7,32137193,5,1,0,0,0.00010047461151379999,2.0094922302759997e-05,0.2,0.0
7,32321347,5,3,1,0,0.0006710489677826999,0.00013420979355654,0.6,0.0
7,32323516,136,35,1,1,0.024710047689744802,0.0001816915271304765,0.25735294117647056,0.007352941176470588
7,32368241,18,6,1,0,0.0029568429747996,0.00016426905415553334,0.3333333333333333,0.0
7,32368244,283,145,70,39,0.2659771206683273,0.0009398484829269515,0.5123674911660777,0.13780918727915195
7,32385772,11,3,0,0,0.0012315434997545,0.00011195849997768182,0.2727272727272727,0.0
7,32398755,53,25,1,0,0.0114093895287337,0.00021527150054214528,0.4716981132075472,0.0
7,32398758,10,6,0,0,0.001023980330284,0.0001023980330284,0.6,0.0
7,32405311,6,2,0,0,0.0032581696101176,0.0005430282683529334,0.3333333333333333,0.0
7,32452108,3,1,0,0,0.000156869108194,5.2289702731333336e-05,0.3333333333333333,0.0
7,32452111,257,90,17,6,0.038557046530205,0.00015002741840546694,0.35019455252918286,0.023346303501945526
8,73325,8,0,0,0,0.00035669133237800003,4.4586416547250004e-05,0.0,0.0
8,73327,4,2,1,1,0.0004332599504439,0.000108314987610975,0.5,0.25
8,73328,21,5,2,1,0.000817901379615,3.894768474357143e-05,0.23809523809523808,0.047619047619047616
8,83677,28,9,0,0,0.0182376299815032,0.0006513439279108286,0.32142857142857145,0.0
8,289466,4,2,0,0,0.0003849929563073,9.6248239076825e-05,0.5,0.0
8,336258,2,2,0,0,0.00148381959978,0.00074190979989,1.0,0.0
8,408759,25,11,2,2,0.0022458430665732,8.9833722662928e-05,0.44,0.08
8,442617,7,1,0,0,0.0007364819066899,0.0001052117009557,0.14285714285714285,0.0
8,497590,34,8,0,0,0.0037635827199005,0.00011069360940883823,0.23529411764705882,0.0
8,497593,141,54,6,3,0.010575827798774,7.500587091329078e-05,0.3829787234042553,0.02127659574468085
8,604244,39,15,1,0,0.0041545491748783995,0.00010652690191995897,0.38461538461538464,0.0
8,604249,13,3,0,0,0.0010602579961189,8.155830739376153e-05,0.23076923076923078,0.0
8,690012,23,6,1,0,0.0037002030391326,0.0001608783930057652,0.2608695652173913,0.0
8,716288,58,13,0,0,0.0088688006257605,0.00015291035561656034,0.22413793103448276,0.0
8,787943,32,7,0,0,0.0044239634345834,0.00013824885733073125,0.21875,0.0
8,804100,37,7,4,1,0.0101881205589218,0.0002753546097005892,0.1891891891891892,0.02702702702702703
8,828346,34,13,1,0,0.0066787138233081,0.00019643275950906175,0.38235294117647056,0.0
8,884761,16,6,0,0,0.0058957946830031005,0.0003684871676876938,0.375,0.0
8,946549,18,9,0,0,0.0050203744461225,0.00027890969145125,0.5,0.0
8,1130498,10,3,0,0,0.0043613854926759,0.00043613854926759,0.3,0.0
8,1313883,1,0,0,0,0.000247391136795,0.000247391136795,0.0,0.0
8,1341195,9,3,0,0,0.0010056005253807,0.00011173339170896668,0.3333333333333333,0.0
8,1341198,2,0,0,0,0.0010179279633712,0.0005089639816856,0.0,0.0
8,1415896,38,14,1,1,0.01526042780564,0.0004015902054115789,0.3684210526315789,0.02631578947368421
8,1428788,9,3,0,0,0.0007258514574618,8.06501619402e-05,0.3333333333333333,0.0
8,1586481,35,9,0,0,0.0326717323699842,0.0009334780677138343,0.2571428571428571,0.0
8,1632450,12,4,0,0,0.0031361219405675,0.00026134349504729166,0.3333333333333333,0.0
8,1632451,6,0,0,0,0.0004433769469917,7.389615783195e-05,0.0,0.0
8,1716282,14,2,0,0,0.0049794877755675,0.00035567769825482147,0.14285714285714285,0.0
8,1869938,2,0,0,0,0.0003725790638604,0.0001862895319302,0.0,0.0
8,1869939,4,0,0,0,0.0017134517420406001,0.00042836293551015003,0.0,0.0
8,1946547,2,1,0,0,0.0001409866293159,7.049331465795e-05,0.5,0.0
8,2073319,4,1,1,1,0.000249299832915,6.232495822875e-05,0.25,0.25
8,2073328,11,1,0,0,0.0010022315797443,9.111196179493637e-05,0.09090909090909091,0.0
8,2077112,5,2,0,0,0.001653306512613,0.0003306613025226,0.4,0.0
8,2144729,39,2,0,0,0.0041728773847832,0.00010699685602008205,0.05128205128205128,0.0
8,2342814,4,1,0,0,0.0048901174148971,0.001222529353724275,0.25,0.0
8,2390251,46,10,3,0,0.019564000388148702,0.0004253043562641022,0.21739130434782608,0.0
8,2407403,25,3,2,1,0.0025781651089382,0.000103126604357528,0.12,0.04
8,2462355,3,1,0,0,0.001304535537789,0.000434845179263,0.3333333333333333,0.0
8,2576437,136,53,0,0,0.0061958058144674,4.5557395694613236e-05,0.3897058823529412,0.0
8,2694554,16,9,2,1,0.0007295636368131,4.559772730081875e-05,0.5625,0.0625
8,2828357,64,21,0,0,0.0197492821349746,0.00030858253335897814,0.328125,0.0
8,2865314,122,24,5,1,0.061490957478480296,0.0005040242416268877,0.19672131147540983,0.00819672131147541
8,2865315,35,21,0,0,0.007550354294344501,0.00021572440840984287,0.6,0.0
8,2865318,5,2,0,0,0.0004567750841382,9.135501682764e-05,0.4,0.0
8,2865319,9,2,1,1,0.002873224927825,0.0003192472142027778,0.2222222222222222,0.1111111111111111
8,2869134,85,39,24,20,0.0046790316464699,5.504743113494e-05,0.4588235294117647,0.23529411764705882
8,2946551,33,25,1,0,0.01054458450485,0.0003195328637833333,0.7575757575757576,0.0
8,2953712,8,4,0,0,0.0023433664211878,0.000292920802648475,0.5,0.0
8,2953716,55,28,2,0,0.0022398683747091,4.0724879540165456e-05,0.509090909090909,0.0
8,3073302,7,2,1,0,0.0002238235436559,3.197479195084286e-05,0.2857142857142857,0.0
8,3073303,5,0,0,0,6.264864800980001e-05,1.2529729601960002e-05,0.0,0.0
8,3073304,6,1,1,0,0.000123951601649,2.0658600274833334e-05,0.16666666666666666,0.0
8,3073305,7,1,1,0,0.0002998716317665,4.283880453807143e-05,0.14285714285714285,0.0
8,3139444,4,0,0,0,0.0014367094642846001,0.00035917736607115003,0.0,0.0
8,3144706,30,12,1,0,0.0270569296506542,0.0009018976550218067,0.4,0.0
8,3291799,13,7,1,1,0.0132517160988871,0.0010193627768374691,0.5384615384615384,0.07692307692307693
8,3291800,27,9,2,1,0.0123358937056975,0.00045688495206287034,0.3333333333333333,0.037037037037037035
8,3313894,11,5,0,0,0.014345113514227799,0.0013041012285661636,0.45454545454545453,0.0
8,3406182,15,2,0,0,0.001892177305227,0.0001261451536818,0.13333333333333333,0.0
8,3406183,10,1,0,0,0.0017494091594577,0.00017494091594577,0.1,0.0
8,3422224,14,3,0,0,0.0013146848530354999,9.390606093110713e-05,0.21428571428571427,0.0
8,3610770,13,7,1,1,0.0011759700825789,9.045923712145384e-05,0.5384615384615384,0.07692307692307693
8,3694556,9,3,1,1,0.0003528623424859,3.920692694287778e-05,0.3333333333333333,0.1111111111111111
8,3694557,3,1,1,0,0.0004106174732414,0.00013687249108046667,0.3333333333333333,0.0
8,3788051,5,1,1,0,0.0021014995400588,0.00042029990801176,0.2,0.0
8,3828354,34,8,2,1,0.0073778042445867,0.00021699424248784412,0.23529411764705882,0.029411764705882353
8,3828360,8,6,2,2,0.0036519477850641,0.0004564934731330125,0.75,0.25
8,3858763,3,0,0,0,0.0001042877422536,3.47625807512e-05,0.0,0.0
8,3877975,21,15,0,0,0.0025485151935896,0.00012135786636140952,0.7142857142857143,0.0
8,3884873,8,7,2,1,0.0008666284511539,0.0001083285563942375,0.875,0.125
8,3892353,34,14,6,3,0.0154447667413979,0.0004542578453352324,0.4117647058823529,0.08823529411764706
8,3960115,3,0,0,0,0.0001241022655191,4.13674218397e-05,0.0,0.0
8,4084327,2,1,0,0,8.82352932412e-05,4.41176466206e-05,0.5,0.0
8,4293600,58,11,0,0,0.0057136567826692,9.851132383912414e-05,0.1896551724137931,0.0
8,4406178,4,2,1,1,0.002517831495814,0.0006294578739535,0.5,0.25
8,4406179,12,4,0,0,0.005656901255109601,0.00047140843792580004,0.3333333333333333,0.0
8,4407386,11,4,1,1,0.000384469801896,3.4951800172363635e-05,0.36363636363636365,0.09090909090909091
8,4466870,16,2,0,0,0.0024954031860267,0.00015596269912666874,0.125,0.0
8,4626334,1,1,0,0,0.00151022794675,0.00151022794675,1.0,0.0
8,4676898,6,2,0,0,0.0013308963526837,0.00022181605878061666,0.3333333333333333,0.0
8,4804073,3,1,0,0,0.0003231730236957,0.0001077243412319,0.3333333333333333,0.0
8,4814007,35,15,0,0,0.0027400741991681,7.828783426194572e-05,0.42857142857142855,0.0
8,4828346,48,9,0,0,0.0208727370083371,0.0004348486876736896,0.1875,0.0
8,4828354,18,9,2,2,0.0114095295830274,0.0006338627546126333,0.5,0.1111111111111111
8,4869922,55,25,3,1,0.0327654486283206,0.0005957354296058291,0.45454545454545453,0.01818181818181818
8,4869923,6,4,0,0,0.0095696987129171,0.0015949497854861833,0.6666666666666666,0.0
8,4913658,16,4,1,0,0.0030886526267196,0.000193040789169975,0.25,0.0
8,5044698,46,14,2,2,0.0066497808994752,0.0001445604543364174,0.30434782608695654,0.043478260869565216
8,5061823,4,3,0,0,0.0007721576083667,0.000193039402091675,0.75,0.0
8,5061834,553,130,17,8,0.3212564814613546,0.0005809339628595925,0.23508137432188064,0.014466546112115732
8,5084322,16,5,2,1,0.0067856727061056,0.0004241045441316,0.3125,0.0625
8,5121533,9,2,0,0,0.0028156021011103,0.00031284467790114445,0.2222222222222222,0.0
8,5121534,10,3,1,0,0.0076670791096335,0.0007667079109633499,0.3,0.0
8,5121547,24,9,1,0,0.014677087413310001,0.0006115453088879167,0.375,0.0
8,5281156,58,16,0,0,0.0089082795900613,0.00015359102741485,0.27586206896551724,0.0
8,5316929,21,2,0,0,0.0022162128547508,0.00010553394546432381,0.09523809523809523,0.0
8,5442463,14,3,1,0,0.0041897812571734,0.00029927008979809997,0.21428571428571427,0.0
8,5474094,5,2,0,0,0.0063101608388709,0.0012620321677741801,0.4,0.0
8,5544859,59,30,23,14,0.0085087434852584,0.0001442159912755661,0.5084745762711864,0.23728813559322035
8,5612724,7,4,1,0,0.0036781660657485,0.0005254522951069286,0.5714285714285714,0.0
8,5686703,53,19,2,2,0.0135998547438197,0.00025660103290225846,0.3584905660377358,0.03773584905660377
8,5700346,18,6,1,1,0.0038115249057063,0.00021175138365035,0.3333333333333333,0.05555555555555555
8,5743152,1,0,0,0,0.000172058817218,0.000172058817218,0.0,0.0
8,5743167,10,4,0,0,0.0122214345562403,0.00122214345562403,0.4,0.0
8,5781045,5,1,0,0,0.000430973213852,8.61946427704e-05,0.2,0.0
8,5867090,120,35,2,1,0.0061515613075407,5.12630108961725e-05,0.2916666666666667,0.008333333333333333
8,5871888,14,2,0,0,0.00014000000000000001,1e-05,0.14285714285714285,0.0
8,5892331,12,2,0,0,0.0016975006996942,0.00014145839164118334,0.16666666666666666,0.0
8,6015885,1,1,0,0,0.000326549194279,0.000326549194279,1.0,0.0
8,6121534,9,7,1,0,0.0018283550787869,0.00020315056430965557,0.7777777777777778,0.0
8,6210424,26,8,0,0,0.0082594902417169,0.00031767270160449614,0.3076923076923077,0.0
8,6228543,41,10,2,1,0.0148858627107993,0.00036306982221461707,0.24390243902439024,0.024390243902439025
8,6316933,2,0,0,0,0.0006194320496731,0.00030971602483655,0.0,0.0
8,6336377,19,4,0,0,0.0028421775793735,0.00014958829365123685,0.21052631578947367,0.0
8,6341185,2,1,0,0,0.0002863017425813,0.00014315087129065,0.5,0.0
8,6442596,10,1,0,0,0.0037130013765673,0.00037130013765673,0.1,0.0
8,6442601,5,2,1,0,0.0005424654070047,0.00010849308140094,0.4,0.0
8,6513183,5,2,0,0,0.0003317404198737,6.634808397474e-05,0.4,0.0
8,6516505,35,14,1,1,0.0102128320520546,0.00029179520148727426,0.4,0.02857142857142857
8,6686701,86,40,8,3,0.0341751985953714,0.00039738603017873723,0.46511627906976744,0.03488372093023256
8,6686703,6,0,0,0,0.0030097354019863,0.0005016225669977166,0.0,0.0
8,6686704,42,14,2,0,0.0240828941694812,0.0005734022421305048,0.3333333333333333,0.0
8,6697149,4,2,1,1,0.0020583860821972,0.0005145965205493,0.5,0.25
8,6697150,5,3,0,0,0.0005033038397753001,0.00010066076795506,0.6,0.0
8,6781040,51,16,1,0,0.0055580317386633,0.00010898101448359413,0.3137254901960784,0.0
8,6810192,2,0,0,0,0.000749280958248,0.000374640479124,0.0,0.0
8,6810200,60,30,6,0,0.0038399017336987,6.399836222831167e-05,0.5,0.0
8,6886817,100,44,7,2,0.0368840313916383,0.000368840313916383,0.44,0.02
8,7061828,178,46,8,4,0.0482241282237436,0.00027092206867271687,0.25842696629213485,0.02247191011235955
8,7075386,13,7,1,0,0.0031718026846338,0.0002439848218949077,0.5384615384615384,0.0
8,7121544,127,35,4,1,0.0416791630640468,0.00032818238633107715,0.2755905511811024,0.007874015748031496
8,7144711,15,5,0,0,0.0021461971292398,0.00014307980861598667,0.3333333333333333,0.0
8,7289590,189,60,5,0,0.0425830834966783,0.000225307320088245,0.31746031746031744,0.0
8,7299461,14,0,0,0,0.0023778622407743,0.00016984730291245,0.0,0.0
8,7336371,6,2,2,2,0.0012450838652417,0.00020751397754028333,0.3333333333333333,0.3333333333333333
8,7336375,14,7,1,1,0.0050586696479926,0.0003613335462851857,0.5,0.07142857142857142
8,7336381,11,2,0,0,0.0015188831083566999,0.0001380802825778818,0.18181818181818182,0.0
8,7351509,10,2,1,0,0.0167622544899508,0.00167622544899508,0.2,0.0
8,7403871,4,0,0,0,0.0002089892103731,5.2247302593275e-05,0.0,0.0
8,7413800,7,4,0,0,0.0027564732272107,0.00039378188960152857,0.5714285714285714,0.0
8,7462178,18,4,0,0,0.0096328551121141,0.0005351586173396722,0.2222222222222222,0.0
8,7544834,15,4,1,1,0.0006795943692852,4.530629128568e-05,0.26666666666666666,0.06666666666666667
8,7681481,5,1,0,0,0.000331355359081,6.62710718162e-05,0.2,0.0
8,7686710,47,10,1,1,0.006990370131803,0.00014873127940006383,0.2127659574468085,0.02127659574468085
8,7697146,1,1,0,0,3.12464606464e-05,3.12464606464e-05,1.0,0.0
8,7828336,2,0,0,0,0.0001435312058992,7.17656029496e-05,0.0,0.0
8,7828339,8,2,0,0,0.012052494627157,0.001506561828394625,0.25,0.0
8,7845418,12,8,0,0,0.0039234778772686,0.0003269564897723833,0.6666666666666666,0.0
8,7869916,3,1,0,0,0.004966569306163,0.0016555231020543334,0.3333333333333333,0.0
8,7877971,6,3,0,0,0.00029034432477439997,4.839072079573333e-05,0.5,0.0
8,7892338,1,1,0,0,0.000184678351861,0.000184678351861,1.0,0.0
8,8214946,14,4,0,0,0.0008581831370943001,6.129879550673572e-05,0.2857142857142857,0.0
8,8287704,1,0,0,0,2.3008552106e-05,2.3008552106e-05,0.0,0.0
8,8403843,1,0,0,0,0.000317333866568,0.000317333866568,0.0,0.0
8,8403848,46,12,1,0,0.0070266693696629,0.00015275368194919348,0.2608695652173913,0.0
8,8403854,1,1,0,0,0.000533448552523,0.000533448552523,1.0,0.0
8,8407229,13,7,0,0,0.0023573863576987,0.00018133741213066922,0.5384615384615384,0.0
8,8500299,28,12,0,0,0.016156470750534,0.0005770168125190714,0.42857142857142855,0.0
8,8634899,6,3,2,0,0.0008111808992699999,0.000135196816545,0.5,0.0
8,8695046,3,1,0,0,0.0003307932525661,0.00011026441752203333,0.3333333333333333,0.0
8,8710016,68,24,4,4,0.011910914036012901,0.0001751605005296015,0.35294117647058826,0.058823529411764705
8,8710017,28,9,1,0,0.015395067379614701,0.0005498238349862393,0.32142857142857145,0.0
8,8867068,74,22,2,1,0.0067770397013949,9.158161758641757e-05,0.2972972972972973,0.013513513513513514
8,8877963,13,3,0,0,0.0020237523278789,0.00015567325599068462,0.23076923076923078,0.0
8,8877966,2,2,0,0,0.000925700091349,0.0004628500456745,1.0,0.0
8,8891880,2,0,0,0,0.0003971735829981,0.00019858679149905,0.0,0.0
8,8892339,40,8,2,0,0.0062355245920414,0.00015588811480103502,0.2,0.0
8,8892341,17,4,0,0,0.0042174743388938,0.00024808672581728237,0.23529411764705882,0.0
8,8904991,1,0,0,0,0.000182081170966,0.000182081170966,0.0,0.0
8,8980571,122,42,8,5,0.0234514445449786,0.00019222495528670982,0.3442622950819672,0.040983606557377046
8,8980584,70,26,7,3,0.0220025815073673,0.00031432259296239004,0.37142857142857144,0.04285714285714286
8,8980585,79,40,6,3,0.0172596832836976,0.00021847700359110887,0.5063291139240507,0.0379746835443038
8,9013587,29,6,0,0,0.0030934015647236,0.00010666901947322759,0.20689655172413793,0.0
8,9042365,9,3,0,0,0.0033379465449816,0.0003708829494424,0.3333333333333333,0.0
8,9095251,46,22,3,1,0.0082953534126171,0.00018033376983950217,0.4782608695652174,0.021739130434782608
8,9097334,9,1,0,0,0.0004183210323772,4.648011470857778e-05,0.1111111111111111,0.0
8,9097339,7,3,1,1,0.0026774897563756,0.0003824985366250857,0.42857142857142855,0.14285714285714285
8,9097340,2,0,0,0,0.00026728564325499997,0.00013364282162749998,0.0,0.0
8,9100689,120,41,20,16,0.0375977086880939,0.0003133142390674492,0.3416666666666667,0.13333333333333333
8,9100690,38,13,7,5,0.0081650019848063,0.00021486847328437632,0.34210526315789475,0.13157894736842105
8,9100691,45,8,4,2,0.008094140307542,0.00017986978461204445,0.17777777777777778,0.044444444444444446
8,9100692,48,12,8,5,0.0054174945479557,0.00011286446974907709,0.25,0.10416666666666667
8,9100693,97,25,10,7,0.0127326376913743,0.00013126430609664225,0.25773195876288657,0.07216494845360824
8,9100694,10,1,0,0,0.0017232312378066,0.00017232312378065998,0.1,0.0
8,9106406,22,2,1,1,0.0077235985860819,0.00035107266300372274,0.09090909090909091,0.045454545454545456
8,9106407,9,4,2,0,0.0018312836084615999,0.0002034759564957333,0.4444444444444444,0.0
8,9500303,23,13,1,0,0.0184777318388094,0.0008033796451656261,0.5652173913043478,0.0
8,9551057,2,1,0,0,0.0002517507278082,0.0001258753639041,0.5,0.0
8,9700342,2,0,0,0,0.0007071864717987,0.00035359323589935,0.0,0.0
8,9700343,10,3,0,0,0.0019825254395426,0.00019825254395426,0.3,0.0
8,9810200,49,22,0,0,0.0071185650004146,0.0001452768367431551,0.4489795918367347,0.0
8,10002432,24,7,1,1,0.0101144098529497,0.00042143374387290417,0.2916666666666667,0.041666666666666664
8,10013589,12,4,2,2,0.0041339309536785,0.000344494246139875,0.3333333333333333,0.16666666666666666
8,10055720,6,1,0,0,0.0049059718042138,0.0008176619673689666,0.16666666666666666,0.0
8,10123946,15,5,0,0,0.0049612654638077,0.00033075103092051333,0.3333333333333333,0.0
8,10245630,15,2,1,0,0.0029196295861548998,0.00019464197241032664,0.13333333333333333,0.0
8,10321103,38,18,1,1,0.0363700839575761,0.0009571074725677921,0.47368421052631576,0.02631578947368421
8,10341182,721,300,66,31,0.1709913743301245,0.00023715863291279404,0.4160887656033287,0.04299583911234397
8,10383101,10,3,0,0,0.0007593247442651,7.593247442651e-05,0.3,0.0
8,10462151,9,2,0,0,0.0019827799392959,0.00022030888214398886,0.2222222222222222,0.0
8,10474106,40,22,5,0,0.022649130025835698,0.0005662282506458925,0.55,0.0
8,10491643,27,15,0,0,0.0028182024715544,0.00010437786931682963,0.5555555555555556,0.0
8,10686810,5,0,0,0,0.0003013178897957,6.026357795914e-05,0.0,0.0
8,10746437,1,0,0,0,0.00118069340201,0.00118069340201,0.0,0.0
8,10810197,4,3,1,1,0.0002435839386941,6.0895984673525e-05,0.75,0.25
8,10810198,17,8,1,0,0.0043331924687274,0.00025489367463102353,0.47058823529411764,0.0
8,10960760,7,3,0,0,0.000151467705702,2.1638243671714285e-05,0.42857142857142855,0.0
8,11028540,20,4,0,0,0.0014017195243660001,7.008597621830001e-05,0.2,0.0
8,11042365,3,2,0,0,0.0005634582393314,0.0001878194131104667,0.6666666666666666,0.0
8,11097337,25,17,5,0,0.0109280065698158,0.000437120262792632,0.68,0.0
8,11289564,31,11,1,0,0.0088224578021715,0.0002845954129732742,0.3548387096774194,0.0
8,11321105,51,15,0,0,0.0224160316529158,0.00043953003241011375,0.29411764705882354,0.0
8,11387831,10,2,0,0,0.0009308751569837001,9.308751569837e-05,0.2,0.0
8,11500306,55,31,6,4,0.0069440384445405,0.0001262552444461909,0.5636363636363636,0.07272727272727272
8,11746439,4,0,0,0,0.0008461769382451,0.000211544234561275,0.0,0.0
8,11765780,2,2,0,0,0.000599218283439,0.0002996091417195,1.0,0.0
8,11765782,6,2,1,1,0.005100910787458,0.0008501517979096667,0.3333333333333333,0.16666666666666666
8,11772330,22,5,1,0,0.0038545238014044,0.00017520562733656364,0.22727272727272727,0.0
8,11803618,33,6,1,0,0.0028836849784485002,8.738439328631819e-05,0.18181818181818182,0.0
8,11835565,3,1,1,1,9.03266802696e-05,3.0108893423199998e-05,0.3333333333333333,0.3333333333333333
8,11843320,38,11,0,0,0.0047669206123234,0.00012544527927166844,0.2894736842105263,0.0
8,11938638,43,15,0,0,0.0394849319913154,0.000918254232356172,0.3488372093023256,0.0
8,11959615,31,23,0,0,0.0081000247925423,0.0002612911223400742,0.7419354838709677,0.0
8,12002431,14,6,0,0,0.0016382307688492,0.00011701648348922857,0.42857142857142855,0.0
8,12042241,1,1,0,0,6.03027894044e-05,6.03027894044e-05,1.0,0.0
8,12089516,2,1,0,0,2.9117646357600003e-05,1.4558823178800002e-05,0.5,0.0
8,12089529,32,16,1,1,0.007863458565765,0.00024573308018015623,0.5,0.03125
8,12121528,70,28,10,4,0.040435166129322,0.0005776452304188857,0.4,0.05714285714285714
8,12288258,46,10,0,0,0.0074903665515308,0.00016283405546806088,0.21739130434782608,0.0
8,12289574,75,18,1,1,0.0174765162585998,0.00023302021678133064,0.24,0.013333333333333334
8,12321091,4,0,0,0,0.00021882353186600002,5.4705882966500004e-05,0.0,0.0
8,12351511,4,2,0,0,0.0008959806954559001,0.00022399517386397503,0.5,0.0
8,12407222,15,6,1,1,0.0082374134453201,0.0005491608963546732,0.4,0.06666666666666667
8,12458065,7,3,0,0,0.0002358872766463,3.369818237804286e-05,0.42857142857142855,0.0
8,12474087,10,3,0,0,0.0014071876040342001,0.00014071876040342002,0.3,0.0
8,12491647,7,4,1,1,0.00020092569289620002,2.870367041374286e-05,0.5714285714285714,0.14285714285714285
8,12513174,13,2,0,0,0.001822721457735,0.00014020934290269232,0.15384615384615385,0.0
8,12654888,6,0,0,0,0.0003988813517257,6.648022528761667e-05,0.0,0.0
8,12700454,83,34,4,2,0.0179573511997509,0.00021635362891266144,0.40963855421686746,0.024096385542168676
8,12700456,15,4,0,0,0.0094955658181211,0.0006330377212080733,0.26666666666666666,0.0
8,12843317,29,16,2,1,0.0340100742469823,0.001172761180930424,0.5517241379310345,0.034482758620689655
8,12843318,47,26,4,4,0.020696954760815702,0.00044036073959182343,0.5531914893617021,0.0851063829787234
8,12843319,2,0,0,0,0.00012070057108990001,6.0350285544950006e-05,0.0,0.0
8,12845408,12,5,0,0,0.0012416616160274999,0.00010347180133562498,0.4166666666666667,0.0
8,12947794,33,7,1,1,0.0114690368520618,0.0003475465712746,0.21212121212121213,0.030303030303030304
8,12987592,3,3,0,0,0.0014132687195651,0.00047108957318836667,1.0,0.0
8,12987593,7,2,0,0,0.0013971345335016,0.00019959064764308573,0.2857142857142857,0.0
8,13104554,11,4,0,0,0.0017881436655378,0.00016255851504889092,0.36363636363636365,0.0
8,13166099,143,34,1,1,0.0152504337780079,0.00010664639005599931,0.23776223776223776,0.006993006993006993
8,13289562,80,29,2,0,0.018480478602993,0.00023100598253741252,0.3625,0.0
8,13300118,14,6,0,0,0.0012898353247779,9.213109462699285e-05,0.42857142857142855,0.0
8,13300124,44,11,0,0,0.0075055780001013,0.00017058131818412046,0.25,0.0
8,13365547,40,29,5,0,0.00865384715706,0.0002163461789265,0.725,0.0
8,13422843,83,27,1,1,0.0063257948150928,7.621439536256385e-05,0.3253012048192771,0.012048192771084338
8,13435356,4,2,0,0,0.0012305126685787,0.000307628167144675,0.5,0.0
8,13442454,1,0,0,0,7.5008755221e-05,7.5008755221e-05,0.0,0.0
8,13445189,6,2,0,0,0.0010304082430227,0.00017173470717045,0.3333333333333333,0.0
8,13458070,1,0,0,0,0.000311147430363,0.000311147430363,0.0,0.0
8,13458071,17,3,1,0,0.004772752393517,0.00028075014079511766,0.17647058823529413,0.0
8,13462155,19,6,1,0,0.006604633500960601,0.00034761228952424216,0.3157894736842105,0.0
8,13462158,35,11,1,1,0.0116853310530779,0.00033386660151651145,0.3142857142857143,0.02857142857142857
8,13466843,3,0,0,0,0.0001291962929738,4.3065430991266664e-05,0.0,0.0
8,13576407,36,7,0,0,0.0043375585984742,0.00012048773884650556,0.19444444444444445,0.0
8,13576413,8,3,0,0,0.0016705139260500001,0.00020881424075625002,0.375,0.0
8,13576416,8,3,0,0,0.0037009784154779,0.0004626223019347375,0.375,0.0
8,13661597,86,29,1,0,0.0187164400874521,0.00021763302427269882,0.3372093023255814,0.0
8,13661605,35,8,0,0,0.0232420580925493,0.0006640588026442658,0.22857142857142856,0.0
8,13661608,77,24,1,0,0.0096585359324534,0.0001254355315903039,0.3116883116883117,0.0
8,13710655,3,2,1,1,0.00048507576917989996,0.00016169192305996665,0.6666666666666666,0.3333333333333333
8,13770704,14,5,1,1,0.0017315558168990001,0.0001236825583499286,0.35714285714285715,0.07142857142857142
8,13810178,1,1,0,0,0.00145812949262,0.00145812949262,1.0,0.0
8,13823055,11,6,0,0,0.0061967205940537,0.0005633382358230636,0.5454545454545454,0.0
8,13947793,24,7,0,0,0.0060344909737268,0.0002514371239052833,0.2916666666666667,0.0
8,13947795,115,37,1,1,0.0643588189362068,0.0005596419037931027,0.3217391304347826,0.008695652173913044
8,14006998,13,4,0,0,0.0070952805338051,0.0005457908102927,0.3076923076923077,0.0
8,14102485,16,2,0,0,0.0066339580602405,0.00041462237876503124,0.125,0.0
8,14104561,6,1,1,0,0.0014505440658379,0.00024175734430631666,0.16666666666666666,0.0
8,14104562,8,2,0,0,0.0022757581386484,0.00028446976733105,0.25,0.0
8,14106384,2,0,0,0,8.08823546943e-05,4.044117734715e-05,0.0,0.0
8,14106399,4,1,0,0,0.0006302194702306,0.00015755486755765,0.25,0.0
8,14118031,3,1,1,0,0.0005870918598017999,0.0001956972866006,0.3333333333333333,0.0
8,14121532,164,70,15,11,0.0715391871536124,0.0004362145558147098,0.4268292682926829,0.06707317073170732
8,14235907,113,46,4,3,0.0667924100798237,0.0005910832750426876,0.40707964601769914,0.02654867256637168
8,14257845,37,14,1,0,0.0109434092410791,0.00029576781732646216,0.3783783783783784,0.0
8,14289571,114,38,4,2,0.0246553677894947,0.00021627515604819911,0.3333333333333333,0.017543859649122806
8,14300126,8,4,0,0,0.0009232840754965,0.0001154105094370625,0.5,0.0
8,14398567,8,4,1,1,0.0016911329821332,0.00021139162276665,0.5,0.125
8,14398570,8,2,0,0,0.0016937732755051,0.0002117216594381375,0.25,0.0
8,14445192,59,13,0,0,0.0107606012477374,0.00018238307199554916,0.22033898305084745,0.0
8,14458654,56,33,5,3,0.042553966652616,0.0007598922616538572,0.5892857142857143,0.05357142857142857
8,14458669,8,4,0,0,0.000770263998099,9.6282999762375e-05,0.5,0.0
8,14466837,30,9,1,0,0.0091684860795404,0.0003056162026513467,0.3,0.0
8,14576401,18,4,0,0,0.0080619152865357,0.0004478841825853167,0.2222222222222222,0.0
8,14661605,133,34,7,5,0.0764710874083845,0.0005749705820179286,0.2556390977443609,0.03759398496240601
8,14891867,8,2,1,0,0.011669943621764099,0.0014587429527205124,0.25,0.0
8,15073876,147,42,1,0,0.0090704587993112,6.17038013558585e-05,0.2857142857142857,0.0
8,15184511,231,85,38,20,0.150194119360697,0.0006501909929034501,0.36796536796536794,0.08658008658008658
8,15321102,4,2,1,1,0.0028512334647742,0.00071280836619355,0.5,0.25
8,15323491,2,1,0,0,0.0011573530996540002,0.0005786765498270001,0.5,0.0
8,15398570,323,128,32,15,0.1161081428237663,0.000359467934438905,0.39628482972136225,0.04643962848297214
8,15422821,32,18,4,4,0.0180286465221763,0.0005633952038180094,0.5625,0.125
8,15491650,18,6,0,0,0.0036860132435949,0.00020477851353305,0.3333333333333333,0.0
8,15500294,21,5,0,0,0.0022501974202001,0.00010715225810476668,0.23809523809523808,0.0
8,15500296,9,0,0,0,0.0004264392171863,4.738213524292222e-05,0.0,0.0
8,15506599,5,2,1,1,0.0001811082878852,3.622165757704e-05,0.4,0.2
8,15506600,4,2,0,0,0.0014779206661987,0.000369480166549675,0.5,0.0
8,15518374,1,1,0,0,2.20588244059e-05,2.20588244059e-05,1.0,0.0
8,15568932,38,15,4,3,0.0054047209786033,0.00014222949943692894,0.39473684210526316,0.07894736842105263
8,15574227,6,2,0,0,0.008375397909091399,0.0013958996515152332,0.3333333333333333,0.0
8,15654890,83,21,0,0,0.0084473326811229,0.00010177509254364939,0.25301204819277107,0.0
8,15654897,105,41,4,4,0.0263983478378531,0.00025141283655098187,0.3904761904761905,0.0380952380952381
8,15661602,28,10,0,0,0.012539109725944901,0.00044782534735517506,0.35714285714285715,0.0
8,15743382,14,1,0,0,0.0032806449255292002,0.00023433178039494287,0.07142857142857142,0.0
8,15746419,122,36,7,7,0.0543742815710352,0.00044569083254946887,0.29508196721311475,0.05737704918032787
8,15823034,6,2,0,0,0.0025712192940962,0.00042853654901603335,0.3333333333333333,0.0
8,15885288,15,2,0,0,0.0016162896260256,0.00010775264173504,0.13333333333333333,0.0
8,15959625,64,17,3,0,0.0095271506832395,0.00014886172942561718,0.265625,0.0
8,16040127,1,1,0,0,4.81350456968e-05,4.81350456968e-05,1.0,0.0
8,16184514,1,0,0,0,1e-05,1e-05,0.0,0.0
8,16184517,65,11,9,9,0.0065123413706727,0.00010018986724111845,0.16923076923076924,0.13846153846153847
8,16294809,7,1,0,0,0.00035370319988230003,5.052902855461429e-05,0.14285714285714285,0.0
8,16307476,22,9,1,1,0.012397984138625799,0.0005635447335739,0.4090909090909091,0.045454545454545456
8,16321090,30,8,1,0,0.0106013264968714,0.0003533775498957133,0.26666666666666666,0.0
8,16491630,13,4,0,0,0.0117672287583488,0.0009051714429499076,0.3076923076923077,0.0
8,16506604,9,3,0,0,0.0014324968825107,0.00015916632027896668,0.3333333333333333,0.0
8,16823030,126,42,4,1,0.043717734038109,0.0003469661431595953,0.3333333333333333,0.007936507936507936
8,16920597,12,4,0,0,0.0011426557939495,9.522131616245833e-05,0.3333333333333333,0.0
8,16920602,1,1,0,0,0.000441176470588,0.000441176470588,1.0,0.0
8,16920604,16,4,0,0,0.0078490568591334,0.0004905660536958375,0.25,0.0
8,16922675,83,29,13,1,0.0132011165231144,0.00015904959666402892,0.3493975903614458,0.012048192771084338
8,17051292,3,0,0,0,0.00033705428789799997,0.00011235142929933333,0.0,0.0
8,17091415,3,0,0,0,0.000632509551591,0.00021083651719700002,0.0,0.0
8,17132179,5,2,0,0,0.0017685572123424002,0.00035371144246848003,0.4,0.0
8,17132183,25,10,1,1,0.0026146403892283,0.00010458561556913199,0.4,0.04
8,17288254,24,11,0,0,0.0061035012320834,0.0002543125513368083,0.4583333333333333,0.0
8,17288262,21,6,0,0,0.012255840858021,0.0005836114694295714,0.2857142857142857,0.0
8,17314986,8,2,0,0,0.00424105735142,0.0005301321689275,0.25,0.0
8,17314989,21,6,0,0,0.0019112307590787,9.101098852755714e-05,0.2857142857142857,0.0
8,17321082,138,35,0,0,0.0411418972565635,0.00029812969026495295,0.2536231884057971,0.0
8,17435335,16,3,0,0,0.0041318574805493,0.00025824109253433125,0.1875,0.0
8,17445189,8,3,0,0,0.0004147483873405,5.18435484175625e-05,0.375,0.0
8,17491634,12,6,1,1,0.0020305469095558,0.00016921224246298333,0.5,0.08333333333333333
8,17661707,4,1,0,0,0.0003303353854892,8.25838463723e-05,0.25,0.0
8,17661709,6,0,0,0,0.0011454107829117,0.00019090179715195,0.0,0.0
8,17661711,6,4,0,0,0.0017459095369867,0.0002909849228311167,0.6666666666666666,0.0
8,17686799,618,175,18,14,0.16006388990955,0.00025900305810606797,0.28317152103559873,0.022653721682847898
8,17710659,15,7,4,2,0.0084668074074726,0.00056445382716484,0.4666666666666667,0.13333333333333333
8,17710661,12,5,3,3,0.0030726399674927,0.00025605333062439164,0.4166666666666667,0.25
8,17710664,48,15,8,6,0.0160979619009476,0.0003353742062697416,0.3125,0.125
8,17916128,7,0,0,0,0.0001733817650332,2.4768823576171427e-05,0.0,0.0
8,18091420,4,1,1,1,0.0011888601103354,0.00029721502758385,0.25,0.25
8,18095238,46,10,0,0,0.010813641805674899,0.00023507916968858476,0.21739130434782608,0.0
8,18104558,4,2,0,0,0.0018800763060276,0.0004700190765069,0.5,0.0
8,18323505,11,6,0,0,0.0202842717414932,0.001844024703772109,0.5454545454545454,0.0
8,18436526,32,11,1,0,0.0033005181039394,0.00010314119074810626,0.34375,0.0
8,18443077,36,15,2,0,0.0115467724381225,0.00032074367883673613,0.4166666666666667,0.0
8,18496278,1,0,0,0,2.794117612e-05,2.794117612e-05,0.0,0.0
8,18498193,23,6,1,1,0.0025999860308864,0.00011304287090810435,0.2608695652173913,0.043478260869565216
8,18498853,37,5,0,0,0.0024565809108349,6.639407867121351e-05,0.13513513513513514,0.0
8,18836888,30,7,0,0,0.0050896750198184,0.00016965583399394666,0.23333333333333334,0.0
8,18898397,14,5,1,1,0.0033363677526494,0.0002383119823321,0.35714285714285715,0.07142857142857142
8,18899195,3,2,1,1,0.0018451933019207,0.0006150644339735666,0.6666666666666666,0.3333333333333333
8,18916125,7,0,0,0,0.0005850631227718,8.358044611025714e-05,0.0,0.0
8,18975813,44,14,2,2,0.0056088285684211,0.000127473376555025,0.3181818181818182,0.045454545454545456
8,18975823,94,45,3,1,0.0422030161312971,0.0004489682567159266,0.4787234042553192,0.010638297872340425
8,19000595,2,1,0,0,0.0001273529363028,6.36764681514e-05,0.5,0.0
8,19129839,132,42,7,6,0.0436244720978787,0.00033048842498392954,0.3181818181818182,0.045454545454545456
8,19129845,5,1,0,0,0.0014515406331832,0.00029030812663664,0.2,0.0
8,19602309,126,42,1,1,0.0213504897439002,0.00016944833130079522,0.3333333333333333,0.007936507936507936
8,19661713,16,3,0,0,0.0054406947402889,0.00034004342126805624,0.1875,0.0
8,19860994,7,2,0,0,0.0057799539288358,0.0008257077041194,0.2857142857142857,0.0
8,20309767,12,5,2,2,0.0020498615947326998,0.00017082179956105832,0.4166666666666667,0.16666666666666666
8,20377297,43,9,0,0,0.0244596440802791,0.000568828932099514,0.20930232558139536,0.0
8,20445163,2,2,1,0,0.0001099949899841,5.499749499205e-05,1.0,0.0
8,20458055,32,6,0,0,0.0068803075667446,0.00021500961146076874,0.1875,0.0
8,20496139,5,0,0,0,0.00018647085687049998,3.7294171374099996e-05,0.0,0.0
8,20530187,8,5,1,0,0.0008178998261401,0.0001022374782675125,0.625,0.0
8,20640037,11,6,0,0,0.0014652148233576,0.00013320134757796364,0.5454545454545454,0.0
8,20695010,13,1,0,0,0.001926103555876,0.00014816181199046153,0.07692307692307693,0.0
8,20730227,24,6,0,0,0.0168169192782152,0.0007007049699256333,0.25,0.0
8,20817326,29,8,1,0,0.0014625826890269,5.0433885828513796e-05,0.27586206896551724,0.0
8,20843295,1,0,0,0,8.44483941183e-05,8.44483941183e-05,0.0,0.0
8,20898399,6,1,0,0,0.0010760801659286,0.00017934669432143332,0.16666666666666666,0.0
8,20898401,4,0,0,0,0.0008102854244615,0.000202571356115375,0.0,0.0
8,20916101,7,3,0,0,0.0009780679375982,0.00013972399108545716,0.42857142857142855,0.0
8,20922679,20,7,0,0,0.0030579827201078,0.00015289913600539002,0.35,0.0
8,20938751,60,15,3,3,0.0283809081531226,0.0004730151358853767,0.25,0.05
8,21005924,5,2,0,0,0.0072666512626459,0.00145333025252918,0.4,0.0
8,21016759,22,1,0,0,0.0015492290581782,7.041950264446364e-05,0.045454545454545456,0.0
8,21096019,11,1,0,0,0.0004146926982871,3.769933620791818e-05,0.09090909090909091,0.0
8,21257831,31,9,2,2,0.0076170133663622,0.00024571010859232903,0.2903225806451613,0.06451612903225806
8,21294794,26,9,1,1,0.0069163452146501995,0.0002660132774865461,0.34615384615384615,0.038461538461538464
8,21307468,5,2,0,0,0.0003767964986059,7.535929972118e-05,0.4,0.0
8,21443086,29,10,0,0,0.0083291814038852,0.0002872131518581103,0.3448275862068966,0.0
8,21640043,91,37,6,6,0.0236528916806756,0.00025992188660083076,0.4065934065934066,0.06593406593406594
8,21658041,8,4,0,0,0.0046441513051865,0.0005805189131483125,0.5,0.0
8,21830168,10,6,0,0,0.002111870629049,0.0002111870629049,0.6,0.0
8,21898401,1,0,0,0,4.13684678428e-05,4.13684678428e-05,0.0,0.0
8,22071675,3,2,1,1,0.0012874281335509999,0.0004291427111836666,0.6666666666666666,0.3333333333333333
8,22233130,25,11,0,0,0.0044910732431212,0.000179642929724848,0.44,0.0
8,22274902,8,0,0,0,0.0009055834530509,0.0001131979316313625,0.0,0.0
8,22296560,3,1,0,0,0.0010696417061271,0.0003565472353757,0.3333333333333333,0.0
8,22391321,33,8,2,0,0.0140237267574309,0.00042496141689184544,0.24242424242424243,0.0
8,22419532,8,2,0,0,0.0008023192106721,0.0001002899013340125,0.25,0.0
8,22431924,11,4,0,0,0.0016103369240340001,0.00014639426582127273,0.36363636363636365,0.0
8,22445172,11,5,0,0,0.0010857737250361,9.870670227600909e-05,0.45454545454545453,0.0
8,22451482,22,6,1,0,0.0027038838730272,0.00012290381241032727,0.2727272727272727,0.0
8,22496144,4,0,0,0,0.0007230640230721,0.000180766005768025,0.0,0.0
8,22589171,17,3,0,0,0.0050882420188085005,0.0002993083540475589,0.17647058823529413,0.0
8,22695010,16,3,0,0,0.005061321473181101,0.0003163325920738188,0.1875,0.0
8,22723823,18,3,0,0,0.0024062222535603,0.00013367901408668334,0.16666666666666666,0.0
8,22726403,8,1,0,0,0.0019598483202218,0.000244981040027725,0.125,0.0
8,22891661,3,0,0,0,0.0005201289849932,0.00017337632833106667,0.0,0.0
8,22891668,10,1,0,0,0.0009785278311903,9.785278311903e-05,0.1,0.0
8,22891673,10,3,0,0,0.0027976764763809002,0.00027976764763809,0.3,0.0
8,23254639,1,1,0,0,1e-05,1e-05,1.0,0.0
8,23288223,6,1,1,0,0.0002420668978188,4.03444829698e-05,0.16666666666666666,0.0
8,23310435,5,0,0,0,0.0018086345899184998,0.00036172691798369995,0.0,0.0
8,23330020,6,1,0,0,0.0064831653895941,0.00108052756493235,0.16666666666666666,0.0
8,23330022,26,3,1,0,0.0066795124626064,0.0002569043254848615,0.11538461538461539,0.0
8,23346188,3,1,0,0,0.0010505226103609,0.0003501742034536333,0.3333333333333333,0.0
8,23377306,10,2,0,0,0.0012619796919236,0.00012619796919235998,0.2,0.0
8,23385780,28,9,0,0,0.0168380525892514,0.0006013590210446929,0.32142857142857145,0.0
8,23530192,32,8,0,0,0.019669651464786598,0.0006146766082745812,0.25,0.0
8,23644447,18,9,3,3,0.0041428859339291,0.00023016032966272776,0.5,0.16666666666666666
8,23695013,21,4,0,0,0.0028506326643743,0.00013574441258925238,0.19047619047619047,0.0
8,23817046,123,55,7,5,0.0343874354848098,0.0002795726462179658,0.44715447154471544,0.04065040650406504
8,23852329,134,26,2,0,0.0637462428102853,0.0004757182299275023,0.19402985074626866,0.0
8,23852330,20,7,2,1,0.0092769338516943,0.00046384669258471496,0.35,0.05
8,23852331,11,3,1,0,0.0022304029235315,0.00020276390213922726,0.2727272727272727,0.0
8,23852343,25,12,0,0,0.0140589863355141,0.000562359453420564,0.48,0.0
8,23852344,7,5,0,0,0.007028709060923,0.0010041012944175716,0.7142857142857143,0.0
8,24045147,2,0,0,0,0.000419163608423,0.0002095818042115,0.0,0.0
8,24045148,4,1,0,0,0.0002042157843138,5.105394607845e-05,0.25,0.0
8,24045153,3,2,0,0,0.0007294117681242,0.0002431372560414,0.6666666666666666,0.0
8,24045154,17,12,4,4,0.0088852578310517,0.0005226622253559824,0.7058823529411765,0.23529411764705882
8,24097956,13,2,0,0,0.0011169865136641,8.592203951262307e-05,0.15384615384615385,0.0
8,24119478,12,2,1,0,0.0028106835844111,0.00023422363203425833,0.16666666666666666,0.0
8,24119481,19,1,0,0,0.0003871616188714,2.0376927309021053e-05,0.05263157894736842,0.0
8,24126625,30,14,0,0,0.0026341216282933,8.780405427644333e-05,0.4666666666666667,0.0
8,24267774,18,6,1,0,0.0008884790230084,4.9359945722688895e-05,0.3333333333333333,0.0
8,24316983,45,17,0,0,0.0120093313202732,0.00026687402933940445,0.37777777777777777,0.0
8,24321351,19,4,0,0,0.0011452310340971,6.027531758405789e-05,0.21052631578947367,0.0
8,24378636,231,73,4,4,0.0545391968135423,0.00023610041910624373,0.31601731601731603,0.017316017316017316
8,24389111,82,23,2,0,0.0243626240092828,0.0002971051708449122,0.2804878048780488,0.0
8,24391301,8,0,0,0,0.0009103189294748001,0.00011378986618435001,0.0,0.0
8,24419530,6,0,0,0,0.0013492324769610001,0.0002248720794935,0.0,0.0
8,24491616,11,6,0,0,0.0041595512988587,0.0003781410271689727,0.5454545454545454,0.0
8,24526835,5,1,1,1,0.001314791187735,0.00026295823754699996,0.2,0.2
8,24843272,7,0,0,0,0.0005668956934355,8.098509906221428e-05,0.0,0.0
8,24843279,6,5,1,0,0.0011287253707967,0.0001881208951327833,0.8333333333333334,0.0
8,24936122,3,0,0,0,0.0002554279142191,8.514263807303334e-05,0.0,0.0
8,24942663,2,1,0,0,0.001502694000659,0.0007513470003295,0.5,0.0
8,24982960,1,1,1,0,0.000155573715182,0.000155573715182,1.0,0.0
8,24982961,7,3,0,0,0.001067159752254,0.00015245139317914287,0.42857142857142855,0.0
8,25045155,1,1,0,0,0.00257856024709,0.00257856024709,1.0,0.0
8,25064375,24,6,2,0,0.00480038615484,0.000200016089785,0.25,0.0
8,25102583,7,5,1,1,0.0005329825563341,7.614036519058571e-05,0.7142857142857143,0.14285714285714285
8,25119476,13,5,1,1,0.0015969227951356,0.00012284021501043077,0.38461538461538464,0.07692307692307693
8,25172774,17,4,0,0,0.0011103155938544,6.53126819914353e-05,0.23529411764705882,0.0
8,25259856,10,0,0,0,0.0005896742645488,5.8967426454879995e-05,0.0,0.0
8,25391297,3,1,1,0,0.00140920510187,0.0004697350339566667,0.3333333333333333,0.0
8,25419531,168,42,0,0,0.0216192723050416,0.00012868614467286668,0.25,0.0
8,25675129,18,5,0,0,0.0036687108343265,0.00020381726857369444,0.2777777777777778,0.0
8,25843273,1,0,0,0,0.00010695897481,0.00010695897481,0.0,0.0
8,25866075,13,2,0,0,0.00033324319073400004,2.563409159492308e-05,0.15384615384615385,0.0
8,25866076,24,5,0,0,0.0026633179926634997,0.00011097158302764582,0.20833333333333334,0.0
8,25920690,38,24,7,6,0.0125761508864231,0.00033095133911639735,0.631578947368421,0.15789473684210525
8,25998432,41,9,1,0,0.003428560505014,8.362342695156097e-05,0.21951219512195122,0.0
8,25998433,25,9,0,0,0.0019619772766926,7.8479091067704e-05,0.36,0.0
8,25998434,4,0,0,0,0.0009568561904851,0.000239214047621275,0.0,0.0
8,25998435,11,1,0,0,0.0015958405051654,0.00014507640956049091,0.09090909090909091,0.0
8,26071516,10,2,0,0,0.004283456110954,0.0004283456110954,0.2,0.0
8,26091094,52,28,6,5,0.0467266831146038,0.0008985900598962269,0.5384615384615384,0.09615384615384616
8,26091099,25,8,3,0,0.0155189698365104,0.000620758793460416,0.32,0.0
8,26321366,86,21,3,1,0.0162122459377389,0.00018851448764812674,0.2441860465116279,0.011627906976744186
8,26372320,5,2,1,0,0.001205909552759,0.0002411819105518,0.4,0.0
8,26383493,2,1,0,0,0.0003813287197562,0.0001906643598781,0.5,0.0
8,26383495,2,0,0,0,0.001241370280994,0.000620685140497,0.0,0.0
8,26389107,81,17,0,0,0.0249251946098064,0.0003077184519729185,0.20987654320987653,0.0
8,26389108,8,1,0,0,0.0006073989426154,7.5924867826925e-05,0.125,0.0
8,26491443,7,3,0,0,0.0059072146744973,0.0008438878106424714,0.42857142857142855,0.0
8,26534046,7,1,0,0,0.00101614941222,0.00014516420174571427,0.14285714285714285,0.0
8,26614024,22,8,1,0,0.0114431315291645,0.00052014234223475,0.36363636363636365,0.0
8,26614035,10,1,0,0,0.0079263426303421,0.00079263426303421,0.1,0.0
8,26729616,6,3,0,0,0.000809301258448,0.00013488354307466667,0.5,0.0
8,26750599,2,0,0,0,0.000136728294777,6.83641473885e-05,0.0,0.0
8,26750602,2,0,0,0,0.0001547402757056,7.73701378528e-05,0.0,0.0
8,26852338,135,41,5,2,0.014231191336222,0.00010541623212016297,0.3037037037037037,0.014814814814814815
8,26852339,115,18,4,0,0.0135772626083333,0.00011806315311594174,0.1565217391304348,0.0
8,26874680,10,3,2,2,0.0039550429993096,0.00039550429993096003,0.3,0.2
8,26891650,31,10,8,5,0.0098378173330997,0.00031734894622902256,0.3225806451612903,0.16129032258064516
8,26903589,2,0,0,0,0.0001032025007291,5.160125036455e-05,0.0,0.0
8,26945970,14,5,0,0,0.0010532245438299999,7.523032455928571e-05,0.35714285714285715,0.0
8,26949221,3,0,0,0,7.55837620645e-05,2.5194587354833335e-05,0.0,0.0
8,26949222,18,3,0,0,0.0043916600292036,0.00024398111273353333,0.16666666666666666,0.0
8,26949223,2,1,0,0,0.000517962404836,0.000258981202418,0.5,0.0
8,26998428,74,25,1,0,0.0220508113951344,0.0002979839377720865,0.33783783783783783,0.0
8,26998432,9,5,1,1,0.00150284640856,0.00016698293428444444,0.5555555555555556,0.1111111111111111
8,26998433,7,2,0,0,0.0065639290999327,0.0009377041571332429,0.2857142857142857,0.0
8,26998434,16,7,1,1,0.0036482487712842,0.0002280155482052625,0.4375,0.0625
8,26998435,5,0,0,0,0.0009983264905134,0.00019966529810267999,0.0,0.0
8,26998439,4,3,0,0,0.0003273292752402,8.183231881005e-05,0.75,0.0
8,27009843,1,1,0,0,0.000100117509856,0.000100117509856,1.0,0.0
8,27009857,21,7,0,0,0.0029080779028141,0.00013847990013400477,0.3333333333333333,0.0
8,27009860,4,2,0,0,0.0013000926851168,0.0003250231712792,0.5,0.0
8,27031690,10,6,0,0,0.0008805421878431,8.805421878431e-05,0.6,0.0
8,27091101,3,1,0,0,0.0018238832122826,0.0006079610707608666,0.3333333333333333,0.0
8,27091104,27,8,0,0,0.0110953434760465,0.0004109386472609815,0.2962962962962963,0.0
8,27118781,81,32,10,8,0.0258748154663592,0.00031944216625134816,0.3950617283950617,0.09876543209876543
8,27321366,216,74,5,5,0.0370242824978285,0.00017140871526772453,0.3425925925925926,0.023148148148148147
8,27323540,35,11,0,0,0.0021733524717935,6.209578490838572e-05,0.3142857142857143,0.0
8,27323541,21,7,0,0,0.0024755754487773,0.00011788454517987142,0.3333333333333333,0.0
8,27385784,20,9,1,1,0.0061191877711933,0.000305959388559665,0.45,0.05
8,27491436,28,5,0,0,0.007865747654742199,0.00028091955909793567,0.17857142857142858,0.0
8,27589150,35,10,1,0,0.0043438055271467005,0.00012410872934704857,0.2857142857142857,0.0
8,27614018,24,3,0,0,0.0013703023329292,5.7095930538716667e-05,0.125,0.0
8,27644431,9,1,1,1,0.0007271373923912,8.079304359902223e-05,0.1111111111111111,0.1111111111111111
8,27684173,9,2,1,1,0.0027074097053828,0.0003008233005980889,0.2222222222222222,0.1111111111111111
8,27729624,26,5,0,0,0.0059970168997068,0.00023065449614256925,0.19230769230769232,0.0
8,27777499,106,47,9,2,0.0305291594844744,0.0002880109385327774,0.44339622641509435,0.018867924528301886
8,27888153,25,10,1,0,0.0060401320518177004,0.000241605282072708,0.4,0.0
8,27891651,12,5,0,0,0.0024925626710982,0.00020771355592484999,0.4166666666666667,0.0
8,27990027,19,5,0,0,0.0028722498714143,0.00015117104586391054,0.2631578947368421,0.0
8,28031695,10,3,0,0,0.0008280810121134,8.280810121133999e-05,0.3,0.0
8,28071513,2,0,0,0,0.0002971766100209,0.00014858830501045,0.0,0.0
8,28091103,5,3,0,0,0.0011532860609426,0.00023065721218852,0.6,0.0
8,28137208,68,20,1,0,0.0070355394248368995,0.00010346381507113088,0.29411764705882354,0.0
8,28233117,2,1,1,1,0.001185494813812,0.000592747406906,0.5,0.5
8,28257820,3,0,0,0,0.00041377683804310006,0.00013792561268103335,0.0,0.0
8,28328731,2,0,0,0,2e-05,1e-05,0.0,0.0
8,28351001,277,157,22,8,0.0820332954974646,0.0002961490812182838,0.5667870036101083,0.02888086642599278
8,28385762,16,3,0,0,0.0018348220911087,0.00011467638069429375,0.1875,0.0
8,28389117,31,14,0,0,0.0121051660030704,0.0003904892259054968,0.45161290322580644,0.0
8,28726401,4,0,0,0,0.0025808915769148,0.0006452228942287,0.0,0.0
8,28729609,20,2,0,0,0.0055540201952573,0.000277701009762865,0.1,0.0
8,28729624,30,12,3,3,0.0090695952334381,0.0003023198411146033,0.4,0.1
8,28739284,66,16,3,1,0.0313952023418722,0.0004756848839677606,0.24242424242424243,0.015151515151515152
8,28752986,8,3,2,2,0.0036458884427948003,0.00045573605534935004,0.375,0.25
8,28752988,10,3,0,0,0.0013737012251345,0.00013737012251345,0.3,0.0
8,28795042,199,54,7,3,0.0232968736415801,0.00011706971679185981,0.271356783919598,0.01507537688442211
8,28795043,40,6,1,0,0.0036480750523809,9.12018763095225e-05,0.15,0.0
8,28795047,6,2,0,0,0.001644929156248,0.0002741548593746667,0.3333333333333333,0.0
8,28864843,14,6,1,1,0.0076712964227484,0.0005479497444820286,0.42857142857142855,0.07142857142857142
8,28864844,8,0,0,0,0.0021170786710146,0.000264634833876825,0.0,0.0
8,28874676,137,49,0,0,0.0234957734637367,0.00017150199608566933,0.35766423357664234,0.0
8,28896342,55,18,3,0,0.0308231951308871,0.0005604217296524928,0.32727272727272727,0.0
8,28920697,28,14,0,0,0.0119459379082496,0.0004266406395803429,0.5,0.0
8,29091102,12,1,1,1,0.0023261705312516,0.00019384754427096665,0.08333333333333333,0.08333333333333333
8,29140152,15,5,1,0,0.0018654569812185,0.0001243637987479,0.3333333333333333,0.0
8,29175063,13,4,0,0,0.0031134791118740002,0.00023949839322107695,0.3076923076923077,0.0
8,29345613,29,13,2,0,0.0393797293705396,0.0013579217024324,0.4482758620689655,0.0
8,29389116,43,9,1,1,0.027236062592174898,0.0006333968044691837,0.20930232558139536,0.023255813953488372
8,29427842,208,74,12,8,0.0983433897203583,0.00047280475827095336,0.3557692307692308,0.038461538461538464
8,29513908,8,4,0,0,0.0037318582498613003,0.00046648228123266253,0.5,0.0
8,29513913,29,11,1,0,0.0059278399915275,0.00020440827556991378,0.3793103448275862,0.0
8,29513914,7,1,0,0,0.0008761453591704001,0.0001251636227386286,0.14285714285714285,0.0
8,29513915,9,2,0,0,0.0014148813033478,0.00015720903370531112,0.2222222222222222,0.0
8,29513916,14,6,0,0,0.0064778702859237,0.0004627050204231214,0.42857142857142855,0.0
8,29531970,15,5,3,2,0.0010933929375458,7.289286250305333e-05,0.3333333333333333,0.13333333333333333
8,29531976,2,0,0,0,0.00017746608979920002,8.873304489960001e-05,0.0,0.0
8,29531983,11,4,2,2,0.00024870783429,2.2609803117272728e-05,0.36363636363636365,0.18181818181818182
8,29534051,29,6,0,0,0.0094262627910852,0.00032504354452017934,0.20689655172413793,0.0
8,29614010,2,1,0,0,0.0004603119949527,0.00023015599747635,0.5,0.0
8,29614011,37,15,0,0,0.0075302326668232,0.00020351980180603244,0.40540540540540543,0.0
8,29614012,23,6,0,0,0.0027994200093474,0.00012171391344988696,0.2608695652173913,0.0
8,29614013,22,9,0,0,0.0054286011364387,0.00024675459711085,0.4090909090909091,0.0
8,29687342,6,2,0,0,0.0029599479510812,0.0004933246585135334,0.3333333333333333,0.0
8,29687343,8,3,0,0,0.0027509118180743,0.0003438639772592875,0.375,0.0
8,29862638,7,4,0,0,0.003710789155821,0.0005301127365458572,0.5714285714285714,0.0
8,29864831,6,0,0,0,0.0007717763807723,0.00012862939679538334,0.0,0.0
8,29874685,7,2,0,0,0.0013608660004471999,0.00019440942863531427,0.2857142857142857,0.0
8,29874686,9,3,0,0,0.0015467605135364001,0.00017186227928182223,0.3333333333333333,0.0
8,29874688,5,1,0,0,0.0005653277371824,0.00011306554743647999,0.2,0.0
8,29880997,8,2,1,1,0.0017615841431545,0.0002201980178943125,0.25,0.125
8,29880998,13,6,5,3,0.0074605194000612,0.0005738861076970154,0.46153846153846156,0.23076923076923078
8,29903689,11,0,0,0,0.0003143086154076,2.85735104916e-05,0.0,0.0
8,30175072,29,8,0,0,0.0170132969204151,0.0005866654110487966,0.27586206896551724,0.0
8,30175073,22,8,0,0,0.0117839822734258,0.0005356355578829909,0.36363636363636365,0.0
8,30328739,38,15,0,0,0.0336596779723242,0.0008857809992716894,0.39473684210526316,0.0
8,30368132,57,23,3,0,0.0277378660296725,0.00048662922859074565,0.40350877192982454,0.0
8,30405203,23,17,9,6,0.0066451442301524,0.0002889193143544522,0.7391304347826086,0.2608695652173913
8,30427825,25,9,0,0,0.0099800351994289,0.00039920140797715603,0.36,0.0
8,30471712,11,5,0,0,0.0019959772961271,0.0001814524814661,0.45454545454545453,0.0
8,30471715,3,2,0,0,0.0001648159743039,5.49386581013e-05,0.6666666666666666,0.0
8,30487330,3,2,1,1,3.0000000000000004e-05,1e-05,0.6666666666666666,0.3333333333333333
8,30491418,174,62,8,6,0.1040919069932271,0.0005982293505357879,0.3563218390804598,0.034482758620689655
8,30501159,18,6,2,2,0.0125067842858818,0.0006948213492156556,0.3333333333333333,0.1111111111111111
8,30534043,1,0,0,0,1e-05,1e-05,0.0,0.0
8,30535894,115,52,9,9,0.0406084326674433,0.0003531168058038548,0.45217391304347826,0.0782608695652174
8,30676243,21,8,1,0,0.0103741574946808,0.0004940074997467047,0.38095238095238093,0.0
8,30729721,40,17,5,0,0.0162862613302532,0.00040715653325633,0.425,0.0
8,30752994,58,27,1,1,0.0096994618275606,0.00016723210047518274,0.46551724137931033,0.017241379310344827
8,30801593,1242,434,40,11,0.0811988653823622,6.537750835938986e-05,0.3494363929146538,0.008856682769726247
8,30810420,3,0,0,0,0.00019611448049539998,6.537149349846665e-05,0.0,0.0
8,30848316,30,9,0,0,0.0063578119081747,0.00021192706360582335,0.3,0.0
8,30881002,4,0,0,0,0.00021188137604559999,5.2970344011399997e-05,0.0,0.0
8,31129937,2,1,1,0,0.00231105946511,0.001155529732555,0.5,0.0
8,31129938,23,3,0,0,0.0094270080164496,0.00040986991375867825,0.13043478260869565,0.0
8,31129939,5,2,0,0,0.0009605248309351999,0.00019210496618703998,0.4,0.0
8,31262852,2,0,0,0,0.003145856150655,0.0015729280753275,0.0,0.0
8,31265168,11,1,0,0,0.002179220427499,0.00019811094795445456,0.09090909090909091,0.0
8,31323522,9,0,0,0,0.0003488731546838,3.876368385375555e-05,0.0,0.0
8,31330666,14,6,0,0,0.0028312769982841,0.00020223407130600716,0.42857142857142855,0.0
8,31452108,5,2,1,1,0.0010536630029391,0.00021073260058782,0.4,0.2
8,31491419,3,0,0,0,0.0002341324029665,7.804413432216667e-05,0.0,0.0
8,31736975,110,32,5,2,0.0153186426060821,0.0001392603873280191,0.2909090909090909,0.01818181818181818
8,31772643,328,122,19,16,0.057298668915327,0.00017469106376624086,0.3719512195121951,0.04878048780487805
8,31775712,15,1,0,0,0.0011987919204443,7.991946136295334e-05,0.06666666666666667,0.0
8,32009848,61,19,1,1,0.0036300187855329,5.950850468086721e-05,0.3114754098360656,0.01639344262295082
8,32042839,4,0,0,0,0.0009433944742459,0.000235848618561475,0.0,0.0
8,32135669,2,0,0,0,0.000575252236841,0.0002876261184205,0.0,0.0
8,32135670,26,9,0,0,0.0024109711941223,9.272966131239615e-05,0.34615384615384615,0.0
8,32135680,13,4,1,1,0.0029110636551557003,0.0002239279734735154,0.3076923076923077,0.07692307692307693
8,32137193,1,0,0,0,5.23213866879e-05,5.23213866879e-05,0.0,0.0
8,32321347,4,2,0,0,0.0003785131601305,9.4628290032625e-05,0.5,0.0
8,32323516,141,34,1,0,0.0265665748181821,0.00018841542424242625,0.24113475177304963,0.0
8,32368241,17,6,2,2,0.0049377707090865995,0.00029045710053450584,0.35294117647058826,0.11764705882352941
8,32368244,188,103,40,21,0.1926570040006077,0.0010247712978755728,0.5478723404255319,0.11170212765957446
8,32385772,13,5,0,0,0.0025162581449830997,0.00019355831884485382,0.38461538461538464,0.0
8,32398755,57,27,3,0,0.0176684296308134,0.000309972449663393,0.47368421052631576,0.0
8,32398758,12,5,0,0,0.0024082724033195,0.00020068936694329169,0.4166666666666667,0.0
8,32405311,2,0,0,0,0.0018973450625646,0.0009486725312823,0.0,0.0
8,32452108,5,1,0,0,0.00019521128543910002,3.904225708782e-05,0.2,0.0
8,32452111,222,71,8,2,0.0283861774012695,0.00012786566396968244,0.31981981981981983,0.009009009009009009
